
 /----------------------------------------------------------------------------\
 |  yosys -- Yosys Open SYnthesis Suite                                       |
 |  Copyright (C) 2012 - 2026  Claire Xenia Wolf <claire@yosyshq.com>         |
 |  Distributed under an ISC-like license, type "license" to see terms        |
 \----------------------------------------------------------------------------/
 Yosys 0.62+108 (git sha1 5f8489d36, g++ 11.4.0-1ubuntu1~22.04.3 -fPIC -O3)

-- Running command `
      read_verilog -I /home/venky/final_ivcu_project/RTL_V4 /home/venky/final_ivcu_project/RTL_V4/*.v;
      read_verilog -lib /home/venky/final_ivcu_project/macros/sram_512x32_2port.v;
      hierarchy -check -top ivcu_ev_v4_top;
      proc; opt_clean; check -assert; stat' --

1. Executing Verilog-2005 frontend: /home/venky/final_ivcu_project/RTL_V4/ivcu_actuator_output_mgr.v
Parsing Verilog input from `/home/venky/final_ivcu_project/RTL_V4/ivcu_actuator_output_mgr.v' to AST representation.
Generating RTLIL representation for module `\ivcu_actuator_output_mgr'.
Successfully finished Verilog frontend.

2. Executing Verilog-2005 frontend: /home/venky/final_ivcu_project/RTL_V4/ivcu_adc_scan_sequencer.v
Parsing Verilog input from `/home/venky/final_ivcu_project/RTL_V4/ivcu_adc_scan_sequencer.v' to AST representation.
Generating RTLIL representation for module `\ivcu_adc_scan_sequencer'.
Successfully finished Verilog frontend.

3. Executing Verilog-2005 frontend: /home/venky/final_ivcu_project/RTL_V4/ivcu_afe_serializer.v
Parsing Verilog input from `/home/venky/final_ivcu_project/RTL_V4/ivcu_afe_serializer.v' to AST representation.
Generating RTLIL representation for module `\ivcu_afe_serializer'.
Successfully finished Verilog frontend.

4. Executing Verilog-2005 frontend: /home/venky/final_ivcu_project/RTL_V4/ivcu_ai_cluster.v
Parsing Verilog input from `/home/venky/final_ivcu_project/RTL_V4/ivcu_ai_cluster.v' to AST representation.
Generating RTLIL representation for module `\ivcu_ai_cluster'.
Successfully finished Verilog frontend.

5. Executing Verilog-2005 frontend: /home/venky/final_ivcu_project/RTL_V4/ivcu_apb_regs.v
Parsing Verilog input from `/home/venky/final_ivcu_project/RTL_V4/ivcu_apb_regs.v' to AST representation.
Generating RTLIL representation for module `\ivcu_apb_regs'.
Successfully finished Verilog frontend.

6. Executing Verilog-2005 frontend: /home/venky/final_ivcu_project/RTL_V4/ivcu_battery_ai.v
Parsing Verilog input from `/home/venky/final_ivcu_project/RTL_V4/ivcu_battery_ai.v' to AST representation.
Generating RTLIL representation for module `\ivcu_battery_ai'.
Successfully finished Verilog frontend.

7. Executing Verilog-2005 frontend: /home/venky/final_ivcu_project/RTL_V4/ivcu_cdc_bit_sync.v
Parsing Verilog input from `/home/venky/final_ivcu_project/RTL_V4/ivcu_cdc_bit_sync.v' to AST representation.
Generating RTLIL representation for module `\ivcu_cdc_bit_sync'.
Successfully finished Verilog frontend.

8. Executing Verilog-2005 frontend: /home/venky/final_ivcu_project/RTL_V4/ivcu_cdc_bus_sync.v
Parsing Verilog input from `/home/venky/final_ivcu_project/RTL_V4/ivcu_cdc_bus_sync.v' to AST representation.
Generating RTLIL representation for module `\ivcu_cdc_bus_sync'.
Successfully finished Verilog frontend.

9. Executing Verilog-2005 frontend: /home/venky/final_ivcu_project/RTL_V4/ivcu_cdc_pulse_sync.v
Parsing Verilog input from `/home/venky/final_ivcu_project/RTL_V4/ivcu_cdc_pulse_sync.v' to AST representation.
Generating RTLIL representation for module `\ivcu_cdc_pulse_sync'.
Successfully finished Verilog frontend.

10. Executing Verilog-2005 frontend: /home/venky/final_ivcu_project/RTL_V4/ivcu_central_safety_fsm.v
Parsing Verilog input from `/home/venky/final_ivcu_project/RTL_V4/ivcu_central_safety_fsm.v' to AST representation.
Generating RTLIL representation for module `\ivcu_central_safety_fsm'.
Successfully finished Verilog frontend.

11. Executing Verilog-2005 frontend: /home/venky/final_ivcu_project/RTL_V4/ivcu_crash_severity.v
Parsing Verilog input from `/home/venky/final_ivcu_project/RTL_V4/ivcu_crash_severity.v' to AST representation.
Generating RTLIL representation for module `\ivcu_crash_severity'.
Successfully finished Verilog frontend.

12. Executing Verilog-2005 frontend: /home/venky/final_ivcu_project/RTL_V4/ivcu_driver_input_ai.v
Parsing Verilog input from `/home/venky/final_ivcu_project/RTL_V4/ivcu_driver_input_ai.v' to AST representation.
Generating RTLIL representation for module `\ivcu_driver_input_ai'.
Successfully finished Verilog frontend.

13. Executing Verilog-2005 frontend: /home/venky/final_ivcu_project/RTL_V4/ivcu_dynamics_ai.v
Parsing Verilog input from `/home/venky/final_ivcu_project/RTL_V4/ivcu_dynamics_ai.v' to AST representation.
Generating RTLIL representation for module `\ivcu_dynamics_ai'.
Successfully finished Verilog frontend.

14. Executing Verilog-2005 frontend: /home/venky/final_ivcu_project/RTL_V4/ivcu_emergency_response.v
Parsing Verilog input from `/home/venky/final_ivcu_project/RTL_V4/ivcu_emergency_response.v' to AST representation.
Generating RTLIL representation for module `\ivcu_emergency_response'.
Successfully finished Verilog frontend.

15. Executing Verilog-2005 frontend: /home/venky/final_ivcu_project/RTL_V4/ivcu_ev_v4_top.v
Parsing Verilog input from `/home/venky/final_ivcu_project/RTL_V4/ivcu_ev_v4_top.v' to AST representation.
Generating RTLIL representation for module `\ivcu_ev_v4_top'.
Successfully finished Verilog frontend.

16. Executing Verilog-2005 frontend: /home/venky/final_ivcu_project/RTL_V4/ivcu_fault_logger.v
Parsing Verilog input from `/home/venky/final_ivcu_project/RTL_V4/ivcu_fault_logger.v' to AST representation.
Generating RTLIL representation for module `\ivcu_fault_logger'.
Successfully finished Verilog frontend.

17. Executing Verilog-2005 frontend: /home/venky/final_ivcu_project/RTL_V4/ivcu_gps_receiver.v
Parsing Verilog input from `/home/venky/final_ivcu_project/RTL_V4/ivcu_gps_receiver.v' to AST representation.
Generating RTLIL representation for module `\ivcu_gps_receiver'.
Successfully finished Verilog frontend.

18. Executing Verilog-2005 frontend: /home/venky/final_ivcu_project/RTL_V4/ivcu_hazard_blinker.v
Parsing Verilog input from `/home/venky/final_ivcu_project/RTL_V4/ivcu_hazard_blinker.v' to AST representation.
Generating RTLIL representation for module `\ivcu_hazard_blinker'.
Successfully finished Verilog frontend.

19. Executing Verilog-2005 frontend: /home/venky/final_ivcu_project/RTL_V4/ivcu_health_scorer.v
Parsing Verilog input from `/home/venky/final_ivcu_project/RTL_V4/ivcu_health_scorer.v' to AST representation.
Generating RTLIL representation for module `\ivcu_health_scorer'.
Warning: Replacing memory \acc with list of registers. See /home/venky/final_ivcu_project/RTL_V4/ivcu_health_scorer.v:224
Successfully finished Verilog frontend.

20. Executing Verilog-2005 frontend: /home/venky/final_ivcu_project/RTL_V4/ivcu_hv_contactor_ctrl.v
Parsing Verilog input from `/home/venky/final_ivcu_project/RTL_V4/ivcu_hv_contactor_ctrl.v' to AST representation.
Generating RTLIL representation for module `\ivcu_hv_contactor_ctrl'.
Successfully finished Verilog frontend.

21. Executing Verilog-2005 frontend: /home/venky/final_ivcu_project/RTL_V4/ivcu_hv_crash_detect.v
Parsing Verilog input from `/home/venky/final_ivcu_project/RTL_V4/ivcu_hv_crash_detect.v' to AST representation.
Generating RTLIL representation for module `\ivcu_hv_crash_detect'.
Successfully finished Verilog frontend.

22. Executing Verilog-2005 frontend: /home/venky/final_ivcu_project/RTL_V4/ivcu_hv_monitors.v
Parsing Verilog input from `/home/venky/final_ivcu_project/RTL_V4/ivcu_hv_monitors.v' to AST representation.
Generating RTLIL representation for module `\ivcu_hv_monitors'.
Successfully finished Verilog frontend.

23. Executing Verilog-2005 frontend: /home/venky/final_ivcu_project/RTL_V4/ivcu_hv_pyro_trigger.v
Parsing Verilog input from `/home/venky/final_ivcu_project/RTL_V4/ivcu_hv_pyro_trigger.v' to AST representation.
Generating RTLIL representation for module `\ivcu_hv_pyro_trigger'.
Successfully finished Verilog frontend.

24. Executing Verilog-2005 frontend: /home/venky/final_ivcu_project/RTL_V4/ivcu_hv_safety_island.v
Parsing Verilog input from `/home/venky/final_ivcu_project/RTL_V4/ivcu_hv_safety_island.v' to AST representation.
Generating RTLIL representation for module `\ivcu_hv_safety_island'.
Successfully finished Verilog frontend.

25. Executing Verilog-2005 frontend: /home/venky/final_ivcu_project/RTL_V4/ivcu_hv_sense_sync.v
Parsing Verilog input from `/home/venky/final_ivcu_project/RTL_V4/ivcu_hv_sense_sync.v' to AST representation.
Generating RTLIL representation for module `\ivcu_hv_sense_sync'.
Successfully finished Verilog frontend.

26. Executing Verilog-2005 frontend: /home/venky/final_ivcu_project/RTL_V4/ivcu_ignition_counter.v
Parsing Verilog input from `/home/venky/final_ivcu_project/RTL_V4/ivcu_ignition_counter.v' to AST representation.
Generating RTLIL representation for module `\ivcu_ignition_counter'.
Successfully finished Verilog frontend.

27. Executing Verilog-2005 frontend: /home/venky/final_ivcu_project/RTL_V4/ivcu_mode_arbiter.v
Parsing Verilog input from `/home/venky/final_ivcu_project/RTL_V4/ivcu_mode_arbiter.v' to AST representation.
Generating RTLIL representation for module `\ivcu_mode_arbiter'.
Successfully finished Verilog frontend.

28. Executing Verilog-2005 frontend: /home/venky/final_ivcu_project/RTL_V4/ivcu_mode_manager.v
Parsing Verilog input from `/home/venky/final_ivcu_project/RTL_V4/ivcu_mode_manager.v' to AST representation.
Generating RTLIL representation for module `\ivcu_mode_manager'.
Successfully finished Verilog frontend.

29. Executing Verilog-2005 frontend: /home/venky/final_ivcu_project/RTL_V4/ivcu_motor_ai.v
Parsing Verilog input from `/home/venky/final_ivcu_project/RTL_V4/ivcu_motor_ai.v' to AST representation.
Generating RTLIL representation for module `\ivcu_motor_ai'.
Successfully finished Verilog frontend.

30. Executing Verilog-2005 frontend: /home/venky/final_ivcu_project/RTL_V4/ivcu_perception_ai.v
Parsing Verilog input from `/home/venky/final_ivcu_project/RTL_V4/ivcu_perception_ai.v' to AST representation.
Generating RTLIL representation for module `\ivcu_perception_ai'.
Successfully finished Verilog frontend.

31. Executing Verilog-2005 frontend: /home/venky/final_ivcu_project/RTL_V4/ivcu_permit_fsm.v
Parsing Verilog input from `/home/venky/final_ivcu_project/RTL_V4/ivcu_permit_fsm.v' to AST representation.
Generating RTLIL representation for module `\ivcu_permit_fsm'.
Successfully finished Verilog frontend.

32. Executing Verilog-2005 frontend: /home/venky/final_ivcu_project/RTL_V4/ivcu_reset_manager.v
Parsing Verilog input from `/home/venky/final_ivcu_project/RTL_V4/ivcu_reset_manager.v' to AST representation.
Generating RTLIL representation for module `\ivcu_reset_manager'.
Successfully finished Verilog frontend.

33. Executing Verilog-2005 frontend: /home/venky/final_ivcu_project/RTL_V4/ivcu_reset_sync.v
Parsing Verilog input from `/home/venky/final_ivcu_project/RTL_V4/ivcu_reset_sync.v' to AST representation.
Generating RTLIL representation for module `\ivcu_reset_sync'.
Successfully finished Verilog frontend.

34. Executing Verilog-2005 frontend: /home/venky/final_ivcu_project/RTL_V4/ivcu_sensor_acquisition.v
Parsing Verilog input from `/home/venky/final_ivcu_project/RTL_V4/ivcu_sensor_acquisition.v' to AST representation.
Generating RTLIL representation for module `\ivcu_sensor_acquisition'.
Successfully finished Verilog frontend.

35. Executing Verilog-2005 frontend: /home/venky/final_ivcu_project/RTL_V4/ivcu_sensor_conditioning.v
Parsing Verilog input from `/home/venky/final_ivcu_project/RTL_V4/ivcu_sensor_conditioning.v' to AST representation.
Generating RTLIL representation for module `\ivcu_sensor_conditioning'.
Successfully finished Verilog frontend.

36. Executing Verilog-2005 frontend: /home/venky/final_ivcu_project/RTL_V4/ivcu_sensor_fault_detect.v
Parsing Verilog input from `/home/venky/final_ivcu_project/RTL_V4/ivcu_sensor_fault_detect.v' to AST representation.
Generating RTLIL representation for module `\ivcu_sensor_fault_detect'.
Successfully finished Verilog frontend.

37. Executing Verilog-2005 frontend: /home/venky/final_ivcu_project/RTL_V4/ivcu_sensor_plausibility.v
Parsing Verilog input from `/home/venky/final_ivcu_project/RTL_V4/ivcu_sensor_plausibility.v' to AST representation.
Generating RTLIL representation for module `\ivcu_sensor_plausibility'.
Warning: Replacing memory \cnt with list of registers. See /home/venky/final_ivcu_project/RTL_V4/ivcu_sensor_plausibility.v:207
Successfully finished Verilog frontend.

38. Executing Verilog-2005 frontend: /home/venky/final_ivcu_project/RTL_V4/ivcu_service_guidance.v
Parsing Verilog input from `/home/venky/final_ivcu_project/RTL_V4/ivcu_service_guidance.v' to AST representation.
Generating RTLIL representation for module `\ivcu_service_guidance'.
Successfully finished Verilog frontend.

39. Executing Verilog-2005 frontend: /home/venky/final_ivcu_project/RTL_V4/ivcu_serviceability_mgr.v
Parsing Verilog input from `/home/venky/final_ivcu_project/RTL_V4/ivcu_serviceability_mgr.v' to AST representation.
Generating RTLIL representation for module `\ivcu_serviceability_mgr'.
Successfully finished Verilog frontend.

40. Executing Verilog-2005 frontend: /home/venky/final_ivcu_project/RTL_V4/ivcu_sos_builder.v
Parsing Verilog input from `/home/venky/final_ivcu_project/RTL_V4/ivcu_sos_builder.v' to AST representation.
Generating RTLIL representation for module `\ivcu_sos_builder'.
Successfully finished Verilog frontend.

41. Executing Verilog-2005 frontend: /home/venky/final_ivcu_project/RTL_V4/ivcu_thermal_ai.v
Parsing Verilog input from `/home/venky/final_ivcu_project/RTL_V4/ivcu_thermal_ai.v' to AST representation.
Generating RTLIL representation for module `\ivcu_thermal_ai'.
Successfully finished Verilog frontend.

42. Executing Verilog-2005 frontend: /home/venky/final_ivcu_project/macros/sram_512x32_2port.v
Parsing Verilog input from `/home/venky/final_ivcu_project/macros/sram_512x32_2port.v' to AST representation.
Generating RTLIL representation for module `\sram_512x32_2port'.
Successfully finished Verilog frontend.

43. Executing HIERARCHY pass (managing design hierarchy).

43.1. Analyzing design hierarchy..
Top module:  \ivcu_ev_v4_top
Used module:     \ivcu_apb_regs
Used module:     \ivcu_fault_logger
Used module:     \ivcu_service_guidance
Used module:     \ivcu_actuator_output_mgr
Used module:     \ivcu_emergency_response
Used module:         \ivcu_hazard_blinker
Used module:         \ivcu_sos_builder
Used module:         \ivcu_crash_severity
Used module:         \ivcu_gps_receiver
Used module:     \ivcu_central_safety_fsm
Used module:     \ivcu_ai_cluster
Used module:         \ivcu_perception_ai
Used module:         \ivcu_driver_input_ai
Used module:         \ivcu_dynamics_ai
Used module:         \ivcu_thermal_ai
Used module:         \ivcu_motor_ai
Used module:         \ivcu_battery_ai
Used module:         \ivcu_health_scorer
Used module:     \ivcu_hv_safety_island
Used module:         \ivcu_hv_contactor_ctrl
Used module:         \ivcu_hv_pyro_trigger
Used module:         \ivcu_hv_monitors
Used module:         \ivcu_hv_crash_detect
Used module:         \ivcu_hv_sense_sync
Used module:         \ivcu_cdc_bit_sync
Used module:     \ivcu_serviceability_mgr
Used module:         \ivcu_permit_fsm
Used module:     \ivcu_ignition_counter
Used module:     \ivcu_mode_manager
Used module:         \ivcu_mode_arbiter
Used module:     \ivcu_sensor_acquisition
Used module:         \ivcu_afe_serializer
Used module:         \ivcu_sensor_plausibility
Used module:         \ivcu_sensor_fault_detect
Used module:         \ivcu_sensor_conditioning
Used module:         \ivcu_adc_scan_sequencer
Used module:     \ivcu_cdc_pulse_sync
Used module:     \ivcu_reset_manager
Used module:         \ivcu_reset_sync
Parameter \STAGES = 2
Parameter \RESET_VAL = 1'0

43.2. Executing AST frontend in derive mode using pre-parsed AST for module `\ivcu_cdc_bit_sync'.
Parameter \STAGES = 2
Parameter \RESET_VAL = 1'0
Generating RTLIL representation for module `$paramod\ivcu_cdc_bit_sync\STAGES=s32'00000000000000000000000000000010\RESET_VAL=1'0'.
Parameter \STAGES = 2
Parameter \RESET_VAL = 1'0
Found cached RTLIL representation for module `$paramod\ivcu_cdc_bit_sync\STAGES=s32'00000000000000000000000000000010\RESET_VAL=1'0'.
Parameter \STAGES = 2
Parameter \RESET_VAL = 1'0
Found cached RTLIL representation for module `$paramod\ivcu_cdc_bit_sync\STAGES=s32'00000000000000000000000000000010\RESET_VAL=1'0'.
Parameter \STAGES = 2
Parameter \RESET_VAL = 1'0
Found cached RTLIL representation for module `$paramod\ivcu_cdc_bit_sync\STAGES=s32'00000000000000000000000000000010\RESET_VAL=1'0'.
Parameter \STAGES = 2
Parameter \RESET_VAL = 1'0
Found cached RTLIL representation for module `$paramod\ivcu_cdc_bit_sync\STAGES=s32'00000000000000000000000000000010\RESET_VAL=1'0'.
Parameter \STAGES = 2
Parameter \RESET_VAL = 1'0
Found cached RTLIL representation for module `$paramod\ivcu_cdc_bit_sync\STAGES=s32'00000000000000000000000000000010\RESET_VAL=1'0'.
Parameter \STAGES = 2
Parameter \RESET_VAL = 1'0
Found cached RTLIL representation for module `$paramod\ivcu_cdc_bit_sync\STAGES=s32'00000000000000000000000000000010\RESET_VAL=1'0'.
Parameter \STAGES = 2
Parameter \RESET_VAL = 1'1

43.3. Executing AST frontend in derive mode using pre-parsed AST for module `\ivcu_cdc_bit_sync'.
Parameter \STAGES = 2
Parameter \RESET_VAL = 1'1
Generating RTLIL representation for module `$paramod\ivcu_cdc_bit_sync\STAGES=s32'00000000000000000000000000000010\RESET_VAL=1'1'.
Parameter \STAGES = 2
Parameter \RESET_VAL = 1'1
Found cached RTLIL representation for module `$paramod\ivcu_cdc_bit_sync\STAGES=s32'00000000000000000000000000000010\RESET_VAL=1'1'.
Parameter \STAGES = 2
Parameter \RESET_VAL = 1'0
Found cached RTLIL representation for module `$paramod\ivcu_cdc_bit_sync\STAGES=s32'00000000000000000000000000000010\RESET_VAL=1'0'.
Parameter \STAGES = 2
Parameter \RESET_VAL = 1'0
Found cached RTLIL representation for module `$paramod\ivcu_cdc_bit_sync\STAGES=s32'00000000000000000000000000000010\RESET_VAL=1'0'.
Parameter \STAGES = 2
Parameter \RESET_VAL = 1'1
Found cached RTLIL representation for module `$paramod\ivcu_cdc_bit_sync\STAGES=s32'00000000000000000000000000000010\RESET_VAL=1'1'.
Parameter \STAGES = 2
Parameter \RESET_VAL = 1'0
Found cached RTLIL representation for module `$paramod\ivcu_cdc_bit_sync\STAGES=s32'00000000000000000000000000000010\RESET_VAL=1'0'.
Parameter \STAGES = 2
Parameter \RESET_VAL = 1'1
Found cached RTLIL representation for module `$paramod\ivcu_cdc_bit_sync\STAGES=s32'00000000000000000000000000000010\RESET_VAL=1'1'.
Parameter \STAGES = 2
Parameter \RESET_VAL = 1'1
Found cached RTLIL representation for module `$paramod\ivcu_cdc_bit_sync\STAGES=s32'00000000000000000000000000000010\RESET_VAL=1'1'.
Parameter \STAGES = 2
Parameter \RESET_VAL = 1'0
Found cached RTLIL representation for module `$paramod\ivcu_cdc_bit_sync\STAGES=s32'00000000000000000000000000000010\RESET_VAL=1'0'.
Parameter \STAGES = 2
Parameter \RESET_VAL = 1'0
Found cached RTLIL representation for module `$paramod\ivcu_cdc_bit_sync\STAGES=s32'00000000000000000000000000000010\RESET_VAL=1'0'.
Parameter \STAGES = 2
Parameter \RESET_VAL = 1'0
Found cached RTLIL representation for module `$paramod\ivcu_cdc_bit_sync\STAGES=s32'00000000000000000000000000000010\RESET_VAL=1'0'.
Parameter \STAGES = 2
Parameter \RESET_VAL = 1'0
Found cached RTLIL representation for module `$paramod\ivcu_cdc_bit_sync\STAGES=s32'00000000000000000000000000000010\RESET_VAL=1'0'.
Parameter \STAGES = 2
Parameter \RESET_VAL = 1'1
Found cached RTLIL representation for module `$paramod\ivcu_cdc_bit_sync\STAGES=s32'00000000000000000000000000000010\RESET_VAL=1'1'.
Parameter \STAGES = 2
Parameter \RESET_VAL = 1'1
Found cached RTLIL representation for module `$paramod\ivcu_cdc_bit_sync\STAGES=s32'00000000000000000000000000000010\RESET_VAL=1'1'.
Parameter \STAGES = 2
Parameter \RESET_VAL = 1'0
Found cached RTLIL representation for module `$paramod\ivcu_cdc_bit_sync\STAGES=s32'00000000000000000000000000000010\RESET_VAL=1'0'.
Parameter \STAGES = 2
Parameter \RESET_VAL = 1'0
Found cached RTLIL representation for module `$paramod\ivcu_cdc_bit_sync\STAGES=s32'00000000000000000000000000000010\RESET_VAL=1'0'.
Parameter \STAGES = 2
Parameter \RESET_VAL = 1'0
Found cached RTLIL representation for module `$paramod\ivcu_cdc_bit_sync\STAGES=s32'00000000000000000000000000000010\RESET_VAL=1'0'.
Parameter \STAGES = 3

43.4. Executing AST frontend in derive mode using pre-parsed AST for module `\ivcu_reset_sync'.
Parameter \STAGES = 3
Generating RTLIL representation for module `$paramod\ivcu_reset_sync\STAGES=s32'00000000000000000000000000000011'.
Parameter \STAGES = 3
Found cached RTLIL representation for module `$paramod\ivcu_reset_sync\STAGES=s32'00000000000000000000000000000011'.
Parameter \STAGES = 3
Found cached RTLIL representation for module `$paramod\ivcu_reset_sync\STAGES=s32'00000000000000000000000000000011'.
Parameter \STAGES = 3
Found cached RTLIL representation for module `$paramod\ivcu_reset_sync\STAGES=s32'00000000000000000000000000000011'.
Parameter \STAGES = 3
Found cached RTLIL representation for module `$paramod\ivcu_reset_sync\STAGES=s32'00000000000000000000000000000011'.
Parameter \STAGES = 2
Parameter \RESET_VAL = 1'0
Found cached RTLIL representation for module `$paramod\ivcu_cdc_bit_sync\STAGES=s32'00000000000000000000000000000010\RESET_VAL=1'0'.
Parameter \STAGES = 2
Parameter \RESET_VAL = 1'0
Found cached RTLIL representation for module `$paramod\ivcu_cdc_bit_sync\STAGES=s32'00000000000000000000000000000010\RESET_VAL=1'0'.
Parameter \STAGES = 2
Parameter \RESET_VAL = 1'0
Found cached RTLIL representation for module `$paramod\ivcu_cdc_bit_sync\STAGES=s32'00000000000000000000000000000010\RESET_VAL=1'0'.

43.5. Analyzing design hierarchy..
Top module:  \ivcu_ev_v4_top
Used module:     \ivcu_apb_regs
Used module:     \ivcu_fault_logger
Used module:     \ivcu_service_guidance
Used module:     \ivcu_actuator_output_mgr
Used module:     \ivcu_emergency_response
Used module:         \ivcu_hazard_blinker
Used module:         \ivcu_sos_builder
Used module:         \ivcu_crash_severity
Used module:         \ivcu_gps_receiver
Used module:     \ivcu_central_safety_fsm
Used module:     \ivcu_ai_cluster
Used module:         \ivcu_perception_ai
Used module:         \ivcu_driver_input_ai
Used module:         \ivcu_dynamics_ai
Used module:         \ivcu_thermal_ai
Used module:         \ivcu_motor_ai
Used module:         \ivcu_battery_ai
Used module:         \ivcu_health_scorer
Used module:     \ivcu_hv_safety_island
Used module:         \ivcu_hv_contactor_ctrl
Used module:         \ivcu_hv_pyro_trigger
Used module:         \ivcu_hv_monitors
Used module:         \ivcu_hv_crash_detect
Used module:         \ivcu_hv_sense_sync
Used module:         $paramod\ivcu_cdc_bit_sync\STAGES=s32'00000000000000000000000000000010\RESET_VAL=1'0
Used module:     \ivcu_serviceability_mgr
Used module:         \ivcu_permit_fsm
Used module:     \ivcu_ignition_counter
Used module:     \ivcu_mode_manager
Used module:         \ivcu_mode_arbiter
Used module:     \ivcu_sensor_acquisition
Used module:         \ivcu_afe_serializer
Used module:         \ivcu_sensor_plausibility
Used module:         \ivcu_sensor_fault_detect
Used module:         \ivcu_sensor_conditioning
Used module:         \ivcu_adc_scan_sequencer
Used module:     $paramod\ivcu_cdc_bit_sync\STAGES=s32'00000000000000000000000000000010\RESET_VAL=1'1
Used module:     \ivcu_cdc_pulse_sync
Used module:     \ivcu_reset_manager
Used module:         $paramod\ivcu_reset_sync\STAGES=s32'00000000000000000000000000000011

43.6. Analyzing design hierarchy..
Top module:  \ivcu_ev_v4_top
Used module:     \ivcu_apb_regs
Used module:     \ivcu_fault_logger
Used module:     \ivcu_service_guidance
Used module:     \ivcu_actuator_output_mgr
Used module:     \ivcu_emergency_response
Used module:         \ivcu_hazard_blinker
Used module:         \ivcu_sos_builder
Used module:         \ivcu_crash_severity
Used module:         \ivcu_gps_receiver
Used module:     \ivcu_central_safety_fsm
Used module:     \ivcu_ai_cluster
Used module:         \ivcu_perception_ai
Used module:         \ivcu_driver_input_ai
Used module:         \ivcu_dynamics_ai
Used module:         \ivcu_thermal_ai
Used module:         \ivcu_motor_ai
Used module:         \ivcu_battery_ai
Used module:         \ivcu_health_scorer
Used module:     \ivcu_hv_safety_island
Used module:         \ivcu_hv_contactor_ctrl
Used module:         \ivcu_hv_pyro_trigger
Used module:         \ivcu_hv_monitors
Used module:         \ivcu_hv_crash_detect
Used module:         \ivcu_hv_sense_sync
Used module:         $paramod\ivcu_cdc_bit_sync\STAGES=s32'00000000000000000000000000000010\RESET_VAL=1'0
Used module:     \ivcu_serviceability_mgr
Used module:         \ivcu_permit_fsm
Used module:     \ivcu_ignition_counter
Used module:     \ivcu_mode_manager
Used module:         \ivcu_mode_arbiter
Used module:     \ivcu_sensor_acquisition
Used module:         \ivcu_afe_serializer
Used module:         \ivcu_sensor_plausibility
Used module:         \ivcu_sensor_fault_detect
Used module:         \ivcu_sensor_conditioning
Used module:         \ivcu_adc_scan_sequencer
Used module:     $paramod\ivcu_cdc_bit_sync\STAGES=s32'00000000000000000000000000000010\RESET_VAL=1'1
Used module:     \ivcu_cdc_pulse_sync
Used module:     \ivcu_reset_manager
Used module:         $paramod\ivcu_reset_sync\STAGES=s32'00000000000000000000000000000011
Removing unused module `\ivcu_reset_sync'.
Removing unused module `\ivcu_cdc_bus_sync'.
Removing unused module `\ivcu_cdc_bit_sync'.
Removed 3 unused modules.

44. Executing PROC pass (convert processes to netlists).

44.1. Executing PROC_CLEAN pass (remove empty switches from decision trees).
Cleaned up 0 empty switches.

44.2. Executing PROC_RMDEAD pass (remove dead branches from decision trees).
Marked 6 switch rules as full_case in process $proc$/home/venky/final_ivcu_project/RTL_V4/ivcu_thermal_ai.v:125$7012 in module ivcu_thermal_ai.
Marked 11 switch rules as full_case in process $proc$/home/venky/final_ivcu_project/RTL_V4/ivcu_sos_builder.v:177$6954 in module ivcu_sos_builder.
Marked 2 switch rules as full_case in process $proc$/home/venky/final_ivcu_project/RTL_V4/ivcu_serviceability_mgr.v:240$6930 in module ivcu_serviceability_mgr.
Marked 3 switch rules as full_case in process $proc$/home/venky/final_ivcu_project/RTL_V4/ivcu_serviceability_mgr.v:153$6914 in module ivcu_serviceability_mgr.
Marked 6 switch rules as full_case in process $proc$/home/venky/final_ivcu_project/RTL_V4/ivcu_service_guidance.v:187$6880 in module ivcu_service_guidance.
Marked 1 switch rules as full_case in process $proc$/home/venky/final_ivcu_project/RTL_V4/ivcu_service_guidance.v:177$6875 in module ivcu_service_guidance.
Marked 15 switch rules as full_case in process $proc$/home/venky/final_ivcu_project/RTL_V4/ivcu_service_guidance.v:196$6833 in module ivcu_service_guidance.
Marked 1 switch rules as full_case in process $proc$/home/venky/final_ivcu_project/RTL_V4/ivcu_sensor_plausibility.v:237$6704 in module ivcu_sensor_plausibility.
Marked 9 switch rules as full_case in process $proc$/home/venky/final_ivcu_project/RTL_V4/ivcu_sensor_plausibility.v:203$6662 in module ivcu_sensor_plausibility.
Marked 6 switch rules as full_case in process $proc$/home/venky/final_ivcu_project/RTL_V4/ivcu_sensor_fault_detect.v:397$6569 in module ivcu_sensor_fault_detect.
Marked 6 switch rules as full_case in process $proc$/home/venky/final_ivcu_project/RTL_V4/ivcu_sensor_fault_detect.v:397$6515 in module ivcu_sensor_fault_detect.
Marked 6 switch rules as full_case in process $proc$/home/venky/final_ivcu_project/RTL_V4/ivcu_sensor_fault_detect.v:397$6461 in module ivcu_sensor_fault_detect.
Marked 6 switch rules as full_case in process $proc$/home/venky/final_ivcu_project/RTL_V4/ivcu_sensor_fault_detect.v:397$6407 in module ivcu_sensor_fault_detect.
Marked 6 switch rules as full_case in process $proc$/home/venky/final_ivcu_project/RTL_V4/ivcu_sensor_fault_detect.v:397$6353 in module ivcu_sensor_fault_detect.
Marked 6 switch rules as full_case in process $proc$/home/venky/final_ivcu_project/RTL_V4/ivcu_sensor_fault_detect.v:397$6299 in module ivcu_sensor_fault_detect.
Marked 6 switch rules as full_case in process $proc$/home/venky/final_ivcu_project/RTL_V4/ivcu_sensor_fault_detect.v:397$6245 in module ivcu_sensor_fault_detect.
Marked 6 switch rules as full_case in process $proc$/home/venky/final_ivcu_project/RTL_V4/ivcu_sensor_fault_detect.v:397$6191 in module ivcu_sensor_fault_detect.
Marked 6 switch rules as full_case in process $proc$/home/venky/final_ivcu_project/RTL_V4/ivcu_sensor_fault_detect.v:397$6137 in module ivcu_sensor_fault_detect.
Marked 6 switch rules as full_case in process $proc$/home/venky/final_ivcu_project/RTL_V4/ivcu_sensor_fault_detect.v:397$6083 in module ivcu_sensor_fault_detect.
Marked 6 switch rules as full_case in process $proc$/home/venky/final_ivcu_project/RTL_V4/ivcu_sensor_fault_detect.v:397$6029 in module ivcu_sensor_fault_detect.
Marked 6 switch rules as full_case in process $proc$/home/venky/final_ivcu_project/RTL_V4/ivcu_sensor_fault_detect.v:397$5975 in module ivcu_sensor_fault_detect.
Marked 6 switch rules as full_case in process $proc$/home/venky/final_ivcu_project/RTL_V4/ivcu_sensor_fault_detect.v:397$5921 in module ivcu_sensor_fault_detect.
Marked 6 switch rules as full_case in process $proc$/home/venky/final_ivcu_project/RTL_V4/ivcu_sensor_fault_detect.v:397$5867 in module ivcu_sensor_fault_detect.
Marked 6 switch rules as full_case in process $proc$/home/venky/final_ivcu_project/RTL_V4/ivcu_sensor_fault_detect.v:397$5813 in module ivcu_sensor_fault_detect.
Marked 6 switch rules as full_case in process $proc$/home/venky/final_ivcu_project/RTL_V4/ivcu_sensor_fault_detect.v:397$5759 in module ivcu_sensor_fault_detect.
Marked 6 switch rules as full_case in process $proc$/home/venky/final_ivcu_project/RTL_V4/ivcu_sensor_fault_detect.v:397$5705 in module ivcu_sensor_fault_detect.
Marked 6 switch rules as full_case in process $proc$/home/venky/final_ivcu_project/RTL_V4/ivcu_sensor_fault_detect.v:397$5651 in module ivcu_sensor_fault_detect.
Marked 6 switch rules as full_case in process $proc$/home/venky/final_ivcu_project/RTL_V4/ivcu_sensor_fault_detect.v:397$5597 in module ivcu_sensor_fault_detect.
Marked 6 switch rules as full_case in process $proc$/home/venky/final_ivcu_project/RTL_V4/ivcu_sensor_fault_detect.v:397$5543 in module ivcu_sensor_fault_detect.
Marked 6 switch rules as full_case in process $proc$/home/venky/final_ivcu_project/RTL_V4/ivcu_sensor_fault_detect.v:397$5489 in module ivcu_sensor_fault_detect.
Marked 6 switch rules as full_case in process $proc$/home/venky/final_ivcu_project/RTL_V4/ivcu_sensor_fault_detect.v:397$5435 in module ivcu_sensor_fault_detect.
Marked 6 switch rules as full_case in process $proc$/home/venky/final_ivcu_project/RTL_V4/ivcu_sensor_fault_detect.v:397$5381 in module ivcu_sensor_fault_detect.
Marked 6 switch rules as full_case in process $proc$/home/venky/final_ivcu_project/RTL_V4/ivcu_sensor_fault_detect.v:397$5327 in module ivcu_sensor_fault_detect.
Marked 6 switch rules as full_case in process $proc$/home/venky/final_ivcu_project/RTL_V4/ivcu_sensor_fault_detect.v:397$5273 in module ivcu_sensor_fault_detect.
Marked 6 switch rules as full_case in process $proc$/home/venky/final_ivcu_project/RTL_V4/ivcu_sensor_fault_detect.v:397$5219 in module ivcu_sensor_fault_detect.
Marked 6 switch rules as full_case in process $proc$/home/venky/final_ivcu_project/RTL_V4/ivcu_sensor_fault_detect.v:397$5165 in module ivcu_sensor_fault_detect.
Marked 6 switch rules as full_case in process $proc$/home/venky/final_ivcu_project/RTL_V4/ivcu_sensor_fault_detect.v:397$5111 in module ivcu_sensor_fault_detect.
Marked 6 switch rules as full_case in process $proc$/home/venky/final_ivcu_project/RTL_V4/ivcu_sensor_fault_detect.v:397$5057 in module ivcu_sensor_fault_detect.
Marked 6 switch rules as full_case in process $proc$/home/venky/final_ivcu_project/RTL_V4/ivcu_sensor_fault_detect.v:397$5003 in module ivcu_sensor_fault_detect.
Marked 6 switch rules as full_case in process $proc$/home/venky/final_ivcu_project/RTL_V4/ivcu_sensor_fault_detect.v:397$4949 in module ivcu_sensor_fault_detect.
Marked 6 switch rules as full_case in process $proc$/home/venky/final_ivcu_project/RTL_V4/ivcu_sensor_fault_detect.v:397$4895 in module ivcu_sensor_fault_detect.
Marked 6 switch rules as full_case in process $proc$/home/venky/final_ivcu_project/RTL_V4/ivcu_sensor_fault_detect.v:397$4841 in module ivcu_sensor_fault_detect.
Marked 6 switch rules as full_case in process $proc$/home/venky/final_ivcu_project/RTL_V4/ivcu_sensor_fault_detect.v:397$4787 in module ivcu_sensor_fault_detect.
Marked 6 switch rules as full_case in process $proc$/home/venky/final_ivcu_project/RTL_V4/ivcu_sensor_fault_detect.v:397$4733 in module ivcu_sensor_fault_detect.
Marked 6 switch rules as full_case in process $proc$/home/venky/final_ivcu_project/RTL_V4/ivcu_sensor_fault_detect.v:397$4679 in module ivcu_sensor_fault_detect.
Marked 6 switch rules as full_case in process $proc$/home/venky/final_ivcu_project/RTL_V4/ivcu_sensor_fault_detect.v:397$4625 in module ivcu_sensor_fault_detect.
Marked 6 switch rules as full_case in process $proc$/home/venky/final_ivcu_project/RTL_V4/ivcu_sensor_fault_detect.v:397$4571 in module ivcu_sensor_fault_detect.
Marked 6 switch rules as full_case in process $proc$/home/venky/final_ivcu_project/RTL_V4/ivcu_sensor_fault_detect.v:397$4517 in module ivcu_sensor_fault_detect.
Marked 6 switch rules as full_case in process $proc$/home/venky/final_ivcu_project/RTL_V4/ivcu_sensor_fault_detect.v:397$4463 in module ivcu_sensor_fault_detect.
Marked 6 switch rules as full_case in process $proc$/home/venky/final_ivcu_project/RTL_V4/ivcu_sensor_fault_detect.v:397$4409 in module ivcu_sensor_fault_detect.
Marked 6 switch rules as full_case in process $proc$/home/venky/final_ivcu_project/RTL_V4/ivcu_sensor_fault_detect.v:397$4355 in module ivcu_sensor_fault_detect.
Marked 6 switch rules as full_case in process $proc$/home/venky/final_ivcu_project/RTL_V4/ivcu_sensor_fault_detect.v:397$4301 in module ivcu_sensor_fault_detect.
Marked 6 switch rules as full_case in process $proc$/home/venky/final_ivcu_project/RTL_V4/ivcu_sensor_fault_detect.v:397$4247 in module ivcu_sensor_fault_detect.
Marked 6 switch rules as full_case in process $proc$/home/venky/final_ivcu_project/RTL_V4/ivcu_sensor_fault_detect.v:397$4193 in module ivcu_sensor_fault_detect.
Marked 6 switch rules as full_case in process $proc$/home/venky/final_ivcu_project/RTL_V4/ivcu_sensor_fault_detect.v:397$4139 in module ivcu_sensor_fault_detect.
Marked 6 switch rules as full_case in process $proc$/home/venky/final_ivcu_project/RTL_V4/ivcu_sensor_fault_detect.v:397$4085 in module ivcu_sensor_fault_detect.
Marked 6 switch rules as full_case in process $proc$/home/venky/final_ivcu_project/RTL_V4/ivcu_sensor_fault_detect.v:397$4031 in module ivcu_sensor_fault_detect.
Marked 6 switch rules as full_case in process $proc$/home/venky/final_ivcu_project/RTL_V4/ivcu_sensor_fault_detect.v:397$3977 in module ivcu_sensor_fault_detect.
Marked 6 switch rules as full_case in process $proc$/home/venky/final_ivcu_project/RTL_V4/ivcu_sensor_fault_detect.v:397$3923 in module ivcu_sensor_fault_detect.
Marked 6 switch rules as full_case in process $proc$/home/venky/final_ivcu_project/RTL_V4/ivcu_sensor_fault_detect.v:397$3869 in module ivcu_sensor_fault_detect.
Marked 6 switch rules as full_case in process $proc$/home/venky/final_ivcu_project/RTL_V4/ivcu_sensor_fault_detect.v:397$3815 in module ivcu_sensor_fault_detect.
Marked 6 switch rules as full_case in process $proc$/home/venky/final_ivcu_project/RTL_V4/ivcu_sensor_fault_detect.v:397$3761 in module ivcu_sensor_fault_detect.
Marked 6 switch rules as full_case in process $proc$/home/venky/final_ivcu_project/RTL_V4/ivcu_sensor_fault_detect.v:397$3707 in module ivcu_sensor_fault_detect.
Marked 6 switch rules as full_case in process $proc$/home/venky/final_ivcu_project/RTL_V4/ivcu_sensor_fault_detect.v:397$3653 in module ivcu_sensor_fault_detect.
Marked 6 switch rules as full_case in process $proc$/home/venky/final_ivcu_project/RTL_V4/ivcu_sensor_fault_detect.v:397$3599 in module ivcu_sensor_fault_detect.
Marked 6 switch rules as full_case in process $proc$/home/venky/final_ivcu_project/RTL_V4/ivcu_sensor_fault_detect.v:397$3545 in module ivcu_sensor_fault_detect.
Marked 6 switch rules as full_case in process $proc$/home/venky/final_ivcu_project/RTL_V4/ivcu_sensor_fault_detect.v:397$3491 in module ivcu_sensor_fault_detect.
Marked 6 switch rules as full_case in process $proc$/home/venky/final_ivcu_project/RTL_V4/ivcu_sensor_fault_detect.v:397$3437 in module ivcu_sensor_fault_detect.
Marked 6 switch rules as full_case in process $proc$/home/venky/final_ivcu_project/RTL_V4/ivcu_sensor_fault_detect.v:397$3383 in module ivcu_sensor_fault_detect.
Marked 6 switch rules as full_case in process $proc$/home/venky/final_ivcu_project/RTL_V4/ivcu_sensor_fault_detect.v:397$3329 in module ivcu_sensor_fault_detect.
Marked 6 switch rules as full_case in process $proc$/home/venky/final_ivcu_project/RTL_V4/ivcu_sensor_fault_detect.v:397$3275 in module ivcu_sensor_fault_detect.
Marked 6 switch rules as full_case in process $proc$/home/venky/final_ivcu_project/RTL_V4/ivcu_sensor_fault_detect.v:397$3221 in module ivcu_sensor_fault_detect.
Marked 6 switch rules as full_case in process $proc$/home/venky/final_ivcu_project/RTL_V4/ivcu_sensor_fault_detect.v:397$3167 in module ivcu_sensor_fault_detect.
Marked 2 switch rules as full_case in process $proc$/home/venky/final_ivcu_project/RTL_V4/ivcu_sensor_conditioning.v:172$2634 in module ivcu_sensor_conditioning.
Marked 2 switch rules as full_case in process $proc$/home/venky/final_ivcu_project/RTL_V4/ivcu_sensor_conditioning.v:172$2625 in module ivcu_sensor_conditioning.
Marked 2 switch rules as full_case in process $proc$/home/venky/final_ivcu_project/RTL_V4/ivcu_sensor_conditioning.v:172$2616 in module ivcu_sensor_conditioning.
Marked 2 switch rules as full_case in process $proc$/home/venky/final_ivcu_project/RTL_V4/ivcu_sensor_conditioning.v:172$2607 in module ivcu_sensor_conditioning.
Marked 2 switch rules as full_case in process $proc$/home/venky/final_ivcu_project/RTL_V4/ivcu_sensor_conditioning.v:172$2598 in module ivcu_sensor_conditioning.
Marked 2 switch rules as full_case in process $proc$/home/venky/final_ivcu_project/RTL_V4/ivcu_sensor_conditioning.v:172$2589 in module ivcu_sensor_conditioning.
Marked 2 switch rules as full_case in process $proc$/home/venky/final_ivcu_project/RTL_V4/ivcu_sensor_conditioning.v:172$2580 in module ivcu_sensor_conditioning.
Marked 2 switch rules as full_case in process $proc$/home/venky/final_ivcu_project/RTL_V4/ivcu_sensor_conditioning.v:172$2571 in module ivcu_sensor_conditioning.
Marked 2 switch rules as full_case in process $proc$/home/venky/final_ivcu_project/RTL_V4/ivcu_sensor_conditioning.v:172$2562 in module ivcu_sensor_conditioning.
Marked 2 switch rules as full_case in process $proc$/home/venky/final_ivcu_project/RTL_V4/ivcu_sensor_conditioning.v:172$2553 in module ivcu_sensor_conditioning.
Marked 2 switch rules as full_case in process $proc$/home/venky/final_ivcu_project/RTL_V4/ivcu_sensor_conditioning.v:172$2544 in module ivcu_sensor_conditioning.
Marked 2 switch rules as full_case in process $proc$/home/venky/final_ivcu_project/RTL_V4/ivcu_sensor_conditioning.v:172$2535 in module ivcu_sensor_conditioning.
Marked 2 switch rules as full_case in process $proc$/home/venky/final_ivcu_project/RTL_V4/ivcu_sensor_conditioning.v:172$2526 in module ivcu_sensor_conditioning.
Marked 2 switch rules as full_case in process $proc$/home/venky/final_ivcu_project/RTL_V4/ivcu_sensor_conditioning.v:172$2517 in module ivcu_sensor_conditioning.
Marked 2 switch rules as full_case in process $proc$/home/venky/final_ivcu_project/RTL_V4/ivcu_sensor_conditioning.v:172$2508 in module ivcu_sensor_conditioning.
Marked 2 switch rules as full_case in process $proc$/home/venky/final_ivcu_project/RTL_V4/ivcu_sensor_conditioning.v:172$2499 in module ivcu_sensor_conditioning.
Marked 2 switch rules as full_case in process $proc$/home/venky/final_ivcu_project/RTL_V4/ivcu_sensor_conditioning.v:172$2490 in module ivcu_sensor_conditioning.
Marked 2 switch rules as full_case in process $proc$/home/venky/final_ivcu_project/RTL_V4/ivcu_sensor_conditioning.v:172$2481 in module ivcu_sensor_conditioning.
Marked 2 switch rules as full_case in process $proc$/home/venky/final_ivcu_project/RTL_V4/ivcu_sensor_conditioning.v:172$2472 in module ivcu_sensor_conditioning.
Marked 2 switch rules as full_case in process $proc$/home/venky/final_ivcu_project/RTL_V4/ivcu_sensor_conditioning.v:172$2463 in module ivcu_sensor_conditioning.
Marked 2 switch rules as full_case in process $proc$/home/venky/final_ivcu_project/RTL_V4/ivcu_sensor_conditioning.v:172$2454 in module ivcu_sensor_conditioning.
Marked 2 switch rules as full_case in process $proc$/home/venky/final_ivcu_project/RTL_V4/ivcu_sensor_conditioning.v:172$2445 in module ivcu_sensor_conditioning.
Marked 2 switch rules as full_case in process $proc$/home/venky/final_ivcu_project/RTL_V4/ivcu_sensor_conditioning.v:172$2436 in module ivcu_sensor_conditioning.
Marked 2 switch rules as full_case in process $proc$/home/venky/final_ivcu_project/RTL_V4/ivcu_sensor_conditioning.v:172$2427 in module ivcu_sensor_conditioning.
Marked 2 switch rules as full_case in process $proc$/home/venky/final_ivcu_project/RTL_V4/ivcu_sensor_conditioning.v:172$2418 in module ivcu_sensor_conditioning.
Marked 2 switch rules as full_case in process $proc$/home/venky/final_ivcu_project/RTL_V4/ivcu_sensor_conditioning.v:172$2409 in module ivcu_sensor_conditioning.
Marked 2 switch rules as full_case in process $proc$/home/venky/final_ivcu_project/RTL_V4/ivcu_sensor_conditioning.v:172$2400 in module ivcu_sensor_conditioning.
Marked 2 switch rules as full_case in process $proc$/home/venky/final_ivcu_project/RTL_V4/ivcu_sensor_conditioning.v:172$2391 in module ivcu_sensor_conditioning.
Marked 2 switch rules as full_case in process $proc$/home/venky/final_ivcu_project/RTL_V4/ivcu_sensor_conditioning.v:172$2382 in module ivcu_sensor_conditioning.
Marked 2 switch rules as full_case in process $proc$/home/venky/final_ivcu_project/RTL_V4/ivcu_sensor_conditioning.v:172$2373 in module ivcu_sensor_conditioning.
Marked 2 switch rules as full_case in process $proc$/home/venky/final_ivcu_project/RTL_V4/ivcu_sensor_conditioning.v:172$2364 in module ivcu_sensor_conditioning.
Marked 2 switch rules as full_case in process $proc$/home/venky/final_ivcu_project/RTL_V4/ivcu_sensor_conditioning.v:172$2355 in module ivcu_sensor_conditioning.
Marked 2 switch rules as full_case in process $proc$/home/venky/final_ivcu_project/RTL_V4/ivcu_sensor_conditioning.v:172$2346 in module ivcu_sensor_conditioning.
Marked 2 switch rules as full_case in process $proc$/home/venky/final_ivcu_project/RTL_V4/ivcu_sensor_conditioning.v:172$2337 in module ivcu_sensor_conditioning.
Marked 2 switch rules as full_case in process $proc$/home/venky/final_ivcu_project/RTL_V4/ivcu_sensor_conditioning.v:172$2328 in module ivcu_sensor_conditioning.
Marked 2 switch rules as full_case in process $proc$/home/venky/final_ivcu_project/RTL_V4/ivcu_sensor_conditioning.v:172$2319 in module ivcu_sensor_conditioning.
Marked 2 switch rules as full_case in process $proc$/home/venky/final_ivcu_project/RTL_V4/ivcu_sensor_conditioning.v:172$2310 in module ivcu_sensor_conditioning.
Marked 2 switch rules as full_case in process $proc$/home/venky/final_ivcu_project/RTL_V4/ivcu_sensor_conditioning.v:172$2301 in module ivcu_sensor_conditioning.
Marked 2 switch rules as full_case in process $proc$/home/venky/final_ivcu_project/RTL_V4/ivcu_sensor_conditioning.v:172$2292 in module ivcu_sensor_conditioning.
Marked 2 switch rules as full_case in process $proc$/home/venky/final_ivcu_project/RTL_V4/ivcu_sensor_conditioning.v:172$2283 in module ivcu_sensor_conditioning.
Marked 2 switch rules as full_case in process $proc$/home/venky/final_ivcu_project/RTL_V4/ivcu_sensor_conditioning.v:172$2274 in module ivcu_sensor_conditioning.
Marked 2 switch rules as full_case in process $proc$/home/venky/final_ivcu_project/RTL_V4/ivcu_sensor_conditioning.v:172$2265 in module ivcu_sensor_conditioning.
Marked 2 switch rules as full_case in process $proc$/home/venky/final_ivcu_project/RTL_V4/ivcu_sensor_conditioning.v:172$2256 in module ivcu_sensor_conditioning.
Marked 2 switch rules as full_case in process $proc$/home/venky/final_ivcu_project/RTL_V4/ivcu_sensor_conditioning.v:172$2247 in module ivcu_sensor_conditioning.
Marked 2 switch rules as full_case in process $proc$/home/venky/final_ivcu_project/RTL_V4/ivcu_sensor_conditioning.v:172$2238 in module ivcu_sensor_conditioning.
Marked 2 switch rules as full_case in process $proc$/home/venky/final_ivcu_project/RTL_V4/ivcu_sensor_conditioning.v:172$2229 in module ivcu_sensor_conditioning.
Marked 2 switch rules as full_case in process $proc$/home/venky/final_ivcu_project/RTL_V4/ivcu_sensor_conditioning.v:172$2220 in module ivcu_sensor_conditioning.
Marked 2 switch rules as full_case in process $proc$/home/venky/final_ivcu_project/RTL_V4/ivcu_sensor_conditioning.v:172$2211 in module ivcu_sensor_conditioning.
Marked 2 switch rules as full_case in process $proc$/home/venky/final_ivcu_project/RTL_V4/ivcu_sensor_conditioning.v:172$2202 in module ivcu_sensor_conditioning.
Marked 2 switch rules as full_case in process $proc$/home/venky/final_ivcu_project/RTL_V4/ivcu_sensor_conditioning.v:172$2193 in module ivcu_sensor_conditioning.
Marked 2 switch rules as full_case in process $proc$/home/venky/final_ivcu_project/RTL_V4/ivcu_sensor_conditioning.v:172$2184 in module ivcu_sensor_conditioning.
Marked 2 switch rules as full_case in process $proc$/home/venky/final_ivcu_project/RTL_V4/ivcu_sensor_conditioning.v:172$2175 in module ivcu_sensor_conditioning.
Marked 2 switch rules as full_case in process $proc$/home/venky/final_ivcu_project/RTL_V4/ivcu_sensor_conditioning.v:172$2166 in module ivcu_sensor_conditioning.
Marked 2 switch rules as full_case in process $proc$/home/venky/final_ivcu_project/RTL_V4/ivcu_sensor_conditioning.v:172$2157 in module ivcu_sensor_conditioning.
Marked 2 switch rules as full_case in process $proc$/home/venky/final_ivcu_project/RTL_V4/ivcu_sensor_conditioning.v:172$2148 in module ivcu_sensor_conditioning.
Marked 2 switch rules as full_case in process $proc$/home/venky/final_ivcu_project/RTL_V4/ivcu_sensor_conditioning.v:172$2139 in module ivcu_sensor_conditioning.
Marked 2 switch rules as full_case in process $proc$/home/venky/final_ivcu_project/RTL_V4/ivcu_sensor_conditioning.v:172$2130 in module ivcu_sensor_conditioning.
Marked 2 switch rules as full_case in process $proc$/home/venky/final_ivcu_project/RTL_V4/ivcu_sensor_conditioning.v:172$2121 in module ivcu_sensor_conditioning.
Marked 2 switch rules as full_case in process $proc$/home/venky/final_ivcu_project/RTL_V4/ivcu_sensor_conditioning.v:172$2112 in module ivcu_sensor_conditioning.
Marked 2 switch rules as full_case in process $proc$/home/venky/final_ivcu_project/RTL_V4/ivcu_sensor_conditioning.v:172$2103 in module ivcu_sensor_conditioning.
Marked 2 switch rules as full_case in process $proc$/home/venky/final_ivcu_project/RTL_V4/ivcu_sensor_conditioning.v:172$2094 in module ivcu_sensor_conditioning.
Marked 2 switch rules as full_case in process $proc$/home/venky/final_ivcu_project/RTL_V4/ivcu_sensor_conditioning.v:172$2085 in module ivcu_sensor_conditioning.
Marked 2 switch rules as full_case in process $proc$/home/venky/final_ivcu_project/RTL_V4/ivcu_sensor_conditioning.v:172$2076 in module ivcu_sensor_conditioning.
Marked 2 switch rules as full_case in process $proc$/home/venky/final_ivcu_project/RTL_V4/ivcu_sensor_conditioning.v:172$2067 in module ivcu_sensor_conditioning.
Marked 65 switch rules as full_case in process $proc$/home/venky/final_ivcu_project/RTL_V4/ivcu_sensor_conditioning.v:193$1867 in module ivcu_sensor_conditioning.
Marked 1 switch rules as full_case in process $proc$/home/venky/final_ivcu_project/RTL_V4/ivcu_reset_sync.v:30$7025 in module $paramod\ivcu_reset_sync\STAGES=s32'00000000000000000000000000000011.
Removed 1 dead cases from process $proc$/home/venky/final_ivcu_project/RTL_V4/ivcu_permit_fsm.v:90$1343 in module ivcu_permit_fsm.
Marked 6 switch rules as full_case in process $proc$/home/venky/final_ivcu_project/RTL_V4/ivcu_permit_fsm.v:90$1343 in module ivcu_permit_fsm.
Marked 2 switch rules as full_case in process $proc$/home/venky/final_ivcu_project/RTL_V4/ivcu_perception_ai.v:120$1285 in module ivcu_perception_ai.
Marked 5 switch rules as full_case in process $proc$/home/venky/final_ivcu_project/RTL_V4/ivcu_motor_ai.v:153$1179 in module ivcu_motor_ai.
Marked 2 switch rules as full_case in process $proc$/home/venky/final_ivcu_project/RTL_V4/ivcu_mode_manager.v:111$1146 in module ivcu_mode_manager.
Marked 5 switch rules as full_case in process $proc$/home/venky/final_ivcu_project/RTL_V4/ivcu_mode_arbiter.v:151$1046 in module ivcu_mode_arbiter.
Marked 3 switch rules as full_case in process $proc$/home/venky/final_ivcu_project/RTL_V4/ivcu_ignition_counter.v:61$989 in module ivcu_ignition_counter.
Marked 1 switch rules as full_case in process $proc$/home/venky/final_ivcu_project/RTL_V4/ivcu_hv_sense_sync.v:156$987 in module ivcu_hv_sense_sync.
Marked 1 switch rules as full_case in process $proc$/home/venky/final_ivcu_project/RTL_V4/ivcu_hv_sense_sync.v:148$985 in module ivcu_hv_sense_sync.
Marked 1 switch rules as full_case in process $proc$/home/venky/final_ivcu_project/RTL_V4/ivcu_hv_sense_sync.v:99$981 in module ivcu_hv_sense_sync.
Marked 7 switch rules as full_case in process $proc$/home/venky/final_ivcu_project/RTL_V4/ivcu_hv_pyro_trigger.v:92$969 in module ivcu_hv_pyro_trigger.
Marked 6 switch rules as full_case in process $proc$/home/venky/final_ivcu_project/RTL_V4/ivcu_hv_monitors.v:127$959 in module ivcu_hv_monitors.
Marked 3 switch rules as full_case in process $proc$/home/venky/final_ivcu_project/RTL_V4/ivcu_hv_monitors.v:91$952 in module ivcu_hv_monitors.
Marked 5 switch rules as full_case in process $proc$/home/venky/final_ivcu_project/RTL_V4/ivcu_hv_crash_detect.v:153$897 in module ivcu_hv_crash_detect.
Marked 17 switch rules as full_case in process $proc$/home/venky/final_ivcu_project/RTL_V4/ivcu_hv_contactor_ctrl.v:183$828 in module ivcu_hv_contactor_ctrl.
Marked 4 switch rules as full_case in process $proc$/home/venky/final_ivcu_project/RTL_V4/ivcu_hv_contactor_ctrl.v:162$816 in module ivcu_hv_contactor_ctrl.
Marked 1 switch rules as full_case in process $proc$/home/venky/final_ivcu_project/RTL_V4/ivcu_health_scorer.v:181$789 in module ivcu_health_scorer.
Marked 1 switch rules as full_case in process $proc$/home/venky/final_ivcu_project/RTL_V4/ivcu_health_scorer.v:179$786 in module ivcu_health_scorer.
Marked 1 switch rules as full_case in process $proc$/home/venky/final_ivcu_project/RTL_V4/ivcu_health_scorer.v:173$781 in module ivcu_health_scorer.
Marked 1 switch rules as full_case in process $proc$/home/venky/final_ivcu_project/RTL_V4/ivcu_health_scorer.v:172$776 in module ivcu_health_scorer.
Marked 7 switch rules as full_case in process $proc$/home/venky/final_ivcu_project/RTL_V4/ivcu_health_scorer.v:171$758 in module ivcu_health_scorer.
Marked 32 switch rules as full_case in process $proc$/home/venky/final_ivcu_project/RTL_V4/ivcu_health_scorer.v:203$605 in module ivcu_health_scorer.
Marked 3 switch rules as full_case in process $proc$/home/venky/final_ivcu_project/RTL_V4/ivcu_hazard_blinker.v:56$566 in module ivcu_hazard_blinker.
Marked 4 switch rules as full_case in process $proc$/home/venky/final_ivcu_project/RTL_V4/ivcu_gps_receiver.v:95$548 in module ivcu_gps_receiver.
Marked 2 switch rules as full_case in process $proc$/home/venky/final_ivcu_project/RTL_V4/ivcu_fault_logger.v:188$527 in module ivcu_fault_logger.
Marked 2 switch rules as full_case in process $proc$/home/venky/final_ivcu_project/RTL_V4/ivcu_fault_logger.v:98$475 in module ivcu_fault_logger.
Marked 2 switch rules as full_case in process $proc$/home/venky/final_ivcu_project/RTL_V4/ivcu_emergency_response.v:107$436 in module ivcu_emergency_response.
Marked 4 switch rules as full_case in process $proc$/home/venky/final_ivcu_project/RTL_V4/ivcu_dynamics_ai.v:169$392 in module ivcu_dynamics_ai.
Marked 6 switch rules as full_case in process $proc$/home/venky/final_ivcu_project/RTL_V4/ivcu_driver_input_ai.v:142$360 in module ivcu_driver_input_ai.
Marked 6 switch rules as full_case in process $proc$/home/venky/final_ivcu_project/RTL_V4/ivcu_crash_severity.v:152$315 in module ivcu_crash_severity.
Marked 10 switch rules as full_case in process $proc$/home/venky/final_ivcu_project/RTL_V4/ivcu_central_safety_fsm.v:168$239 in module ivcu_central_safety_fsm.
Marked 1 switch rules as full_case in process $proc$/home/venky/final_ivcu_project/RTL_V4/ivcu_cdc_pulse_sync.v:51$212 in module ivcu_cdc_pulse_sync.
Marked 1 switch rules as full_case in process $proc$/home/venky/final_ivcu_project/RTL_V4/ivcu_cdc_pulse_sync.v:41$209 in module ivcu_cdc_pulse_sync.
Marked 1 switch rules as full_case in process $proc$/home/venky/final_ivcu_project/RTL_V4/ivcu_cdc_bit_sync.v:35$7023 in module $paramod\ivcu_cdc_bit_sync\STAGES=s32'00000000000000000000000000000010\RESET_VAL=1'1.
Marked 1 switch rules as full_case in process $proc$/home/venky/final_ivcu_project/RTL_V4/ivcu_cdc_bit_sync.v:35$7021 in module $paramod\ivcu_cdc_bit_sync\STAGES=s32'00000000000000000000000000000010\RESET_VAL=1'0.
Marked 7 switch rules as full_case in process $proc$/home/venky/final_ivcu_project/RTL_V4/ivcu_battery_ai.v:155$155 in module ivcu_battery_ai.
Marked 3 switch rules as full_case in process $proc$/home/venky/final_ivcu_project/RTL_V4/ivcu_apb_regs.v:226$125 in module ivcu_apb_regs.
Marked 3 switch rules as full_case in process $proc$/home/venky/final_ivcu_project/RTL_V4/ivcu_apb_regs.v:154$110 in module ivcu_apb_regs.
Marked 4 switch rules as full_case in process $proc$/home/venky/final_ivcu_project/RTL_V4/ivcu_afe_serializer.v:68$90 in module ivcu_afe_serializer.
Removed 1 dead cases from process $proc$/home/venky/final_ivcu_project/RTL_V4/ivcu_adc_scan_sequencer.v:89$81 in module ivcu_adc_scan_sequencer.
Marked 5 switch rules as full_case in process $proc$/home/venky/final_ivcu_project/RTL_V4/ivcu_adc_scan_sequencer.v:89$81 in module ivcu_adc_scan_sequencer.
Marked 4 switch rules as full_case in process $proc$/home/venky/final_ivcu_project/RTL_V4/ivcu_actuator_output_mgr.v:143$53 in module ivcu_actuator_output_mgr.
Marked 3 switch rules as full_case in process $proc$/home/venky/final_ivcu_project/RTL_V4/ivcu_actuator_output_mgr.v:169$22 in module ivcu_actuator_output_mgr.
Removed a total of 2 dead cases.

44.3. Executing PROC_PRUNE pass (remove redundant assignments in processes).
Removed 47 redundant assignments.
Promoted 251 assignments to connections.

44.4. Executing PROC_INIT pass (extract init attributes).

44.5. Executing PROC_ARST pass (detect async resets in processes).
Found async reset \rst_ai_n in `\ivcu_thermal_ai.$proc$/home/venky/final_ivcu_project/RTL_V4/ivcu_thermal_ai.v:125$7012'.
Found async reset \rst_aon_n in `\ivcu_sos_builder.$proc$/home/venky/final_ivcu_project/RTL_V4/ivcu_sos_builder.v:177$6954'.
Found async reset \rst_aon_n in `\ivcu_serviceability_mgr.$proc$/home/venky/final_ivcu_project/RTL_V4/ivcu_serviceability_mgr.v:240$6930'.
Found async reset \rst_aon_n in `\ivcu_serviceability_mgr.$proc$/home/venky/final_ivcu_project/RTL_V4/ivcu_serviceability_mgr.v:153$6914'.
Found async reset \rst_mcu_n in `\ivcu_service_guidance.$proc$/home/venky/final_ivcu_project/RTL_V4/ivcu_service_guidance.v:196$6833'.
Found async reset \rst_sensor_n in `\ivcu_sensor_plausibility.$proc$/home/venky/final_ivcu_project/RTL_V4/ivcu_sensor_plausibility.v:237$6704'.
Found async reset \rst_sensor_n in `\ivcu_sensor_plausibility.$proc$/home/venky/final_ivcu_project/RTL_V4/ivcu_sensor_plausibility.v:203$6662'.
Found async reset \rst_sensor_n in `\ivcu_sensor_fault_detect.$proc$/home/venky/final_ivcu_project/RTL_V4/ivcu_sensor_fault_detect.v:397$6569'.
Found async reset \rst_sensor_n in `\ivcu_sensor_fault_detect.$proc$/home/venky/final_ivcu_project/RTL_V4/ivcu_sensor_fault_detect.v:397$6515'.
Found async reset \rst_sensor_n in `\ivcu_sensor_fault_detect.$proc$/home/venky/final_ivcu_project/RTL_V4/ivcu_sensor_fault_detect.v:397$6461'.
Found async reset \rst_sensor_n in `\ivcu_sensor_fault_detect.$proc$/home/venky/final_ivcu_project/RTL_V4/ivcu_sensor_fault_detect.v:397$6407'.
Found async reset \rst_sensor_n in `\ivcu_sensor_fault_detect.$proc$/home/venky/final_ivcu_project/RTL_V4/ivcu_sensor_fault_detect.v:397$6353'.
Found async reset \rst_sensor_n in `\ivcu_sensor_fault_detect.$proc$/home/venky/final_ivcu_project/RTL_V4/ivcu_sensor_fault_detect.v:397$6299'.
Found async reset \rst_sensor_n in `\ivcu_sensor_fault_detect.$proc$/home/venky/final_ivcu_project/RTL_V4/ivcu_sensor_fault_detect.v:397$6245'.
Found async reset \rst_sensor_n in `\ivcu_sensor_fault_detect.$proc$/home/venky/final_ivcu_project/RTL_V4/ivcu_sensor_fault_detect.v:397$6191'.
Found async reset \rst_sensor_n in `\ivcu_sensor_fault_detect.$proc$/home/venky/final_ivcu_project/RTL_V4/ivcu_sensor_fault_detect.v:397$6137'.
Found async reset \rst_sensor_n in `\ivcu_sensor_fault_detect.$proc$/home/venky/final_ivcu_project/RTL_V4/ivcu_sensor_fault_detect.v:397$6083'.
Found async reset \rst_sensor_n in `\ivcu_sensor_fault_detect.$proc$/home/venky/final_ivcu_project/RTL_V4/ivcu_sensor_fault_detect.v:397$6029'.
Found async reset \rst_sensor_n in `\ivcu_sensor_fault_detect.$proc$/home/venky/final_ivcu_project/RTL_V4/ivcu_sensor_fault_detect.v:397$5975'.
Found async reset \rst_sensor_n in `\ivcu_sensor_fault_detect.$proc$/home/venky/final_ivcu_project/RTL_V4/ivcu_sensor_fault_detect.v:397$5921'.
Found async reset \rst_sensor_n in `\ivcu_sensor_fault_detect.$proc$/home/venky/final_ivcu_project/RTL_V4/ivcu_sensor_fault_detect.v:397$5867'.
Found async reset \rst_sensor_n in `\ivcu_sensor_fault_detect.$proc$/home/venky/final_ivcu_project/RTL_V4/ivcu_sensor_fault_detect.v:397$5813'.
Found async reset \rst_sensor_n in `\ivcu_sensor_fault_detect.$proc$/home/venky/final_ivcu_project/RTL_V4/ivcu_sensor_fault_detect.v:397$5759'.
Found async reset \rst_sensor_n in `\ivcu_sensor_fault_detect.$proc$/home/venky/final_ivcu_project/RTL_V4/ivcu_sensor_fault_detect.v:397$5705'.
Found async reset \rst_sensor_n in `\ivcu_sensor_fault_detect.$proc$/home/venky/final_ivcu_project/RTL_V4/ivcu_sensor_fault_detect.v:397$5651'.
Found async reset \rst_sensor_n in `\ivcu_sensor_fault_detect.$proc$/home/venky/final_ivcu_project/RTL_V4/ivcu_sensor_fault_detect.v:397$5597'.
Found async reset \rst_sensor_n in `\ivcu_sensor_fault_detect.$proc$/home/venky/final_ivcu_project/RTL_V4/ivcu_sensor_fault_detect.v:397$5543'.
Found async reset \rst_sensor_n in `\ivcu_sensor_fault_detect.$proc$/home/venky/final_ivcu_project/RTL_V4/ivcu_sensor_fault_detect.v:397$5489'.
Found async reset \rst_sensor_n in `\ivcu_sensor_fault_detect.$proc$/home/venky/final_ivcu_project/RTL_V4/ivcu_sensor_fault_detect.v:397$5435'.
Found async reset \rst_sensor_n in `\ivcu_sensor_fault_detect.$proc$/home/venky/final_ivcu_project/RTL_V4/ivcu_sensor_fault_detect.v:397$5381'.
Found async reset \rst_sensor_n in `\ivcu_sensor_fault_detect.$proc$/home/venky/final_ivcu_project/RTL_V4/ivcu_sensor_fault_detect.v:397$5327'.
Found async reset \rst_sensor_n in `\ivcu_sensor_fault_detect.$proc$/home/venky/final_ivcu_project/RTL_V4/ivcu_sensor_fault_detect.v:397$5273'.
Found async reset \rst_sensor_n in `\ivcu_sensor_fault_detect.$proc$/home/venky/final_ivcu_project/RTL_V4/ivcu_sensor_fault_detect.v:397$5219'.
Found async reset \rst_sensor_n in `\ivcu_sensor_fault_detect.$proc$/home/venky/final_ivcu_project/RTL_V4/ivcu_sensor_fault_detect.v:397$5165'.
Found async reset \rst_sensor_n in `\ivcu_sensor_fault_detect.$proc$/home/venky/final_ivcu_project/RTL_V4/ivcu_sensor_fault_detect.v:397$5111'.
Found async reset \rst_sensor_n in `\ivcu_sensor_fault_detect.$proc$/home/venky/final_ivcu_project/RTL_V4/ivcu_sensor_fault_detect.v:397$5057'.
Found async reset \rst_sensor_n in `\ivcu_sensor_fault_detect.$proc$/home/venky/final_ivcu_project/RTL_V4/ivcu_sensor_fault_detect.v:397$5003'.
Found async reset \rst_sensor_n in `\ivcu_sensor_fault_detect.$proc$/home/venky/final_ivcu_project/RTL_V4/ivcu_sensor_fault_detect.v:397$4949'.
Found async reset \rst_sensor_n in `\ivcu_sensor_fault_detect.$proc$/home/venky/final_ivcu_project/RTL_V4/ivcu_sensor_fault_detect.v:397$4895'.
Found async reset \rst_sensor_n in `\ivcu_sensor_fault_detect.$proc$/home/venky/final_ivcu_project/RTL_V4/ivcu_sensor_fault_detect.v:397$4841'.
Found async reset \rst_sensor_n in `\ivcu_sensor_fault_detect.$proc$/home/venky/final_ivcu_project/RTL_V4/ivcu_sensor_fault_detect.v:397$4787'.
Found async reset \rst_sensor_n in `\ivcu_sensor_fault_detect.$proc$/home/venky/final_ivcu_project/RTL_V4/ivcu_sensor_fault_detect.v:397$4733'.
Found async reset \rst_sensor_n in `\ivcu_sensor_fault_detect.$proc$/home/venky/final_ivcu_project/RTL_V4/ivcu_sensor_fault_detect.v:397$4679'.
Found async reset \rst_sensor_n in `\ivcu_sensor_fault_detect.$proc$/home/venky/final_ivcu_project/RTL_V4/ivcu_sensor_fault_detect.v:397$4625'.
Found async reset \rst_sensor_n in `\ivcu_sensor_fault_detect.$proc$/home/venky/final_ivcu_project/RTL_V4/ivcu_sensor_fault_detect.v:397$4571'.
Found async reset \rst_sensor_n in `\ivcu_sensor_fault_detect.$proc$/home/venky/final_ivcu_project/RTL_V4/ivcu_sensor_fault_detect.v:397$4517'.
Found async reset \rst_sensor_n in `\ivcu_sensor_fault_detect.$proc$/home/venky/final_ivcu_project/RTL_V4/ivcu_sensor_fault_detect.v:397$4463'.
Found async reset \rst_sensor_n in `\ivcu_sensor_fault_detect.$proc$/home/venky/final_ivcu_project/RTL_V4/ivcu_sensor_fault_detect.v:397$4409'.
Found async reset \rst_sensor_n in `\ivcu_sensor_fault_detect.$proc$/home/venky/final_ivcu_project/RTL_V4/ivcu_sensor_fault_detect.v:397$4355'.
Found async reset \rst_sensor_n in `\ivcu_sensor_fault_detect.$proc$/home/venky/final_ivcu_project/RTL_V4/ivcu_sensor_fault_detect.v:397$4301'.
Found async reset \rst_sensor_n in `\ivcu_sensor_fault_detect.$proc$/home/venky/final_ivcu_project/RTL_V4/ivcu_sensor_fault_detect.v:397$4247'.
Found async reset \rst_sensor_n in `\ivcu_sensor_fault_detect.$proc$/home/venky/final_ivcu_project/RTL_V4/ivcu_sensor_fault_detect.v:397$4193'.
Found async reset \rst_sensor_n in `\ivcu_sensor_fault_detect.$proc$/home/venky/final_ivcu_project/RTL_V4/ivcu_sensor_fault_detect.v:397$4139'.
Found async reset \rst_sensor_n in `\ivcu_sensor_fault_detect.$proc$/home/venky/final_ivcu_project/RTL_V4/ivcu_sensor_fault_detect.v:397$4085'.
Found async reset \rst_sensor_n in `\ivcu_sensor_fault_detect.$proc$/home/venky/final_ivcu_project/RTL_V4/ivcu_sensor_fault_detect.v:397$4031'.
Found async reset \rst_sensor_n in `\ivcu_sensor_fault_detect.$proc$/home/venky/final_ivcu_project/RTL_V4/ivcu_sensor_fault_detect.v:397$3977'.
Found async reset \rst_sensor_n in `\ivcu_sensor_fault_detect.$proc$/home/venky/final_ivcu_project/RTL_V4/ivcu_sensor_fault_detect.v:397$3923'.
Found async reset \rst_sensor_n in `\ivcu_sensor_fault_detect.$proc$/home/venky/final_ivcu_project/RTL_V4/ivcu_sensor_fault_detect.v:397$3869'.
Found async reset \rst_sensor_n in `\ivcu_sensor_fault_detect.$proc$/home/venky/final_ivcu_project/RTL_V4/ivcu_sensor_fault_detect.v:397$3815'.
Found async reset \rst_sensor_n in `\ivcu_sensor_fault_detect.$proc$/home/venky/final_ivcu_project/RTL_V4/ivcu_sensor_fault_detect.v:397$3761'.
Found async reset \rst_sensor_n in `\ivcu_sensor_fault_detect.$proc$/home/venky/final_ivcu_project/RTL_V4/ivcu_sensor_fault_detect.v:397$3707'.
Found async reset \rst_sensor_n in `\ivcu_sensor_fault_detect.$proc$/home/venky/final_ivcu_project/RTL_V4/ivcu_sensor_fault_detect.v:397$3653'.
Found async reset \rst_sensor_n in `\ivcu_sensor_fault_detect.$proc$/home/venky/final_ivcu_project/RTL_V4/ivcu_sensor_fault_detect.v:397$3599'.
Found async reset \rst_sensor_n in `\ivcu_sensor_fault_detect.$proc$/home/venky/final_ivcu_project/RTL_V4/ivcu_sensor_fault_detect.v:397$3545'.
Found async reset \rst_sensor_n in `\ivcu_sensor_fault_detect.$proc$/home/venky/final_ivcu_project/RTL_V4/ivcu_sensor_fault_detect.v:397$3491'.
Found async reset \rst_sensor_n in `\ivcu_sensor_fault_detect.$proc$/home/venky/final_ivcu_project/RTL_V4/ivcu_sensor_fault_detect.v:397$3437'.
Found async reset \rst_sensor_n in `\ivcu_sensor_fault_detect.$proc$/home/venky/final_ivcu_project/RTL_V4/ivcu_sensor_fault_detect.v:397$3383'.
Found async reset \rst_sensor_n in `\ivcu_sensor_fault_detect.$proc$/home/venky/final_ivcu_project/RTL_V4/ivcu_sensor_fault_detect.v:397$3329'.
Found async reset \rst_sensor_n in `\ivcu_sensor_fault_detect.$proc$/home/venky/final_ivcu_project/RTL_V4/ivcu_sensor_fault_detect.v:397$3275'.
Found async reset \rst_sensor_n in `\ivcu_sensor_fault_detect.$proc$/home/venky/final_ivcu_project/RTL_V4/ivcu_sensor_fault_detect.v:397$3221'.
Found async reset \rst_sensor_n in `\ivcu_sensor_fault_detect.$proc$/home/venky/final_ivcu_project/RTL_V4/ivcu_sensor_fault_detect.v:397$3167'.
Found async reset \rst_sensor_n in `\ivcu_sensor_conditioning.$proc$/home/venky/final_ivcu_project/RTL_V4/ivcu_sensor_conditioning.v:172$2634'.
Found async reset \rst_sensor_n in `\ivcu_sensor_conditioning.$proc$/home/venky/final_ivcu_project/RTL_V4/ivcu_sensor_conditioning.v:172$2625'.
Found async reset \rst_sensor_n in `\ivcu_sensor_conditioning.$proc$/home/venky/final_ivcu_project/RTL_V4/ivcu_sensor_conditioning.v:172$2616'.
Found async reset \rst_sensor_n in `\ivcu_sensor_conditioning.$proc$/home/venky/final_ivcu_project/RTL_V4/ivcu_sensor_conditioning.v:172$2607'.
Found async reset \rst_sensor_n in `\ivcu_sensor_conditioning.$proc$/home/venky/final_ivcu_project/RTL_V4/ivcu_sensor_conditioning.v:172$2598'.
Found async reset \rst_sensor_n in `\ivcu_sensor_conditioning.$proc$/home/venky/final_ivcu_project/RTL_V4/ivcu_sensor_conditioning.v:172$2589'.
Found async reset \rst_sensor_n in `\ivcu_sensor_conditioning.$proc$/home/venky/final_ivcu_project/RTL_V4/ivcu_sensor_conditioning.v:172$2580'.
Found async reset \rst_sensor_n in `\ivcu_sensor_conditioning.$proc$/home/venky/final_ivcu_project/RTL_V4/ivcu_sensor_conditioning.v:172$2571'.
Found async reset \rst_sensor_n in `\ivcu_sensor_conditioning.$proc$/home/venky/final_ivcu_project/RTL_V4/ivcu_sensor_conditioning.v:172$2562'.
Found async reset \rst_sensor_n in `\ivcu_sensor_conditioning.$proc$/home/venky/final_ivcu_project/RTL_V4/ivcu_sensor_conditioning.v:172$2553'.
Found async reset \rst_sensor_n in `\ivcu_sensor_conditioning.$proc$/home/venky/final_ivcu_project/RTL_V4/ivcu_sensor_conditioning.v:172$2544'.
Found async reset \rst_sensor_n in `\ivcu_sensor_conditioning.$proc$/home/venky/final_ivcu_project/RTL_V4/ivcu_sensor_conditioning.v:172$2535'.
Found async reset \rst_sensor_n in `\ivcu_sensor_conditioning.$proc$/home/venky/final_ivcu_project/RTL_V4/ivcu_sensor_conditioning.v:172$2526'.
Found async reset \rst_sensor_n in `\ivcu_sensor_conditioning.$proc$/home/venky/final_ivcu_project/RTL_V4/ivcu_sensor_conditioning.v:172$2517'.
Found async reset \rst_sensor_n in `\ivcu_sensor_conditioning.$proc$/home/venky/final_ivcu_project/RTL_V4/ivcu_sensor_conditioning.v:172$2508'.
Found async reset \rst_sensor_n in `\ivcu_sensor_conditioning.$proc$/home/venky/final_ivcu_project/RTL_V4/ivcu_sensor_conditioning.v:172$2499'.
Found async reset \rst_sensor_n in `\ivcu_sensor_conditioning.$proc$/home/venky/final_ivcu_project/RTL_V4/ivcu_sensor_conditioning.v:172$2490'.
Found async reset \rst_sensor_n in `\ivcu_sensor_conditioning.$proc$/home/venky/final_ivcu_project/RTL_V4/ivcu_sensor_conditioning.v:172$2481'.
Found async reset \rst_sensor_n in `\ivcu_sensor_conditioning.$proc$/home/venky/final_ivcu_project/RTL_V4/ivcu_sensor_conditioning.v:172$2472'.
Found async reset \rst_sensor_n in `\ivcu_sensor_conditioning.$proc$/home/venky/final_ivcu_project/RTL_V4/ivcu_sensor_conditioning.v:172$2463'.
Found async reset \rst_sensor_n in `\ivcu_sensor_conditioning.$proc$/home/venky/final_ivcu_project/RTL_V4/ivcu_sensor_conditioning.v:172$2454'.
Found async reset \rst_sensor_n in `\ivcu_sensor_conditioning.$proc$/home/venky/final_ivcu_project/RTL_V4/ivcu_sensor_conditioning.v:172$2445'.
Found async reset \rst_sensor_n in `\ivcu_sensor_conditioning.$proc$/home/venky/final_ivcu_project/RTL_V4/ivcu_sensor_conditioning.v:172$2436'.
Found async reset \rst_sensor_n in `\ivcu_sensor_conditioning.$proc$/home/venky/final_ivcu_project/RTL_V4/ivcu_sensor_conditioning.v:172$2427'.
Found async reset \rst_sensor_n in `\ivcu_sensor_conditioning.$proc$/home/venky/final_ivcu_project/RTL_V4/ivcu_sensor_conditioning.v:172$2418'.
Found async reset \rst_sensor_n in `\ivcu_sensor_conditioning.$proc$/home/venky/final_ivcu_project/RTL_V4/ivcu_sensor_conditioning.v:172$2409'.
Found async reset \rst_sensor_n in `\ivcu_sensor_conditioning.$proc$/home/venky/final_ivcu_project/RTL_V4/ivcu_sensor_conditioning.v:172$2400'.
Found async reset \rst_sensor_n in `\ivcu_sensor_conditioning.$proc$/home/venky/final_ivcu_project/RTL_V4/ivcu_sensor_conditioning.v:172$2391'.
Found async reset \rst_sensor_n in `\ivcu_sensor_conditioning.$proc$/home/venky/final_ivcu_project/RTL_V4/ivcu_sensor_conditioning.v:172$2382'.
Found async reset \rst_sensor_n in `\ivcu_sensor_conditioning.$proc$/home/venky/final_ivcu_project/RTL_V4/ivcu_sensor_conditioning.v:172$2373'.
Found async reset \rst_sensor_n in `\ivcu_sensor_conditioning.$proc$/home/venky/final_ivcu_project/RTL_V4/ivcu_sensor_conditioning.v:172$2364'.
Found async reset \rst_sensor_n in `\ivcu_sensor_conditioning.$proc$/home/venky/final_ivcu_project/RTL_V4/ivcu_sensor_conditioning.v:172$2355'.
Found async reset \rst_sensor_n in `\ivcu_sensor_conditioning.$proc$/home/venky/final_ivcu_project/RTL_V4/ivcu_sensor_conditioning.v:172$2346'.
Found async reset \rst_sensor_n in `\ivcu_sensor_conditioning.$proc$/home/venky/final_ivcu_project/RTL_V4/ivcu_sensor_conditioning.v:172$2337'.
Found async reset \rst_sensor_n in `\ivcu_sensor_conditioning.$proc$/home/venky/final_ivcu_project/RTL_V4/ivcu_sensor_conditioning.v:172$2328'.
Found async reset \rst_sensor_n in `\ivcu_sensor_conditioning.$proc$/home/venky/final_ivcu_project/RTL_V4/ivcu_sensor_conditioning.v:172$2319'.
Found async reset \rst_sensor_n in `\ivcu_sensor_conditioning.$proc$/home/venky/final_ivcu_project/RTL_V4/ivcu_sensor_conditioning.v:172$2310'.
Found async reset \rst_sensor_n in `\ivcu_sensor_conditioning.$proc$/home/venky/final_ivcu_project/RTL_V4/ivcu_sensor_conditioning.v:172$2301'.
Found async reset \rst_sensor_n in `\ivcu_sensor_conditioning.$proc$/home/venky/final_ivcu_project/RTL_V4/ivcu_sensor_conditioning.v:172$2292'.
Found async reset \rst_sensor_n in `\ivcu_sensor_conditioning.$proc$/home/venky/final_ivcu_project/RTL_V4/ivcu_sensor_conditioning.v:172$2283'.
Found async reset \rst_sensor_n in `\ivcu_sensor_conditioning.$proc$/home/venky/final_ivcu_project/RTL_V4/ivcu_sensor_conditioning.v:172$2274'.
Found async reset \rst_sensor_n in `\ivcu_sensor_conditioning.$proc$/home/venky/final_ivcu_project/RTL_V4/ivcu_sensor_conditioning.v:172$2265'.
Found async reset \rst_sensor_n in `\ivcu_sensor_conditioning.$proc$/home/venky/final_ivcu_project/RTL_V4/ivcu_sensor_conditioning.v:172$2256'.
Found async reset \rst_sensor_n in `\ivcu_sensor_conditioning.$proc$/home/venky/final_ivcu_project/RTL_V4/ivcu_sensor_conditioning.v:172$2247'.
Found async reset \rst_sensor_n in `\ivcu_sensor_conditioning.$proc$/home/venky/final_ivcu_project/RTL_V4/ivcu_sensor_conditioning.v:172$2238'.
Found async reset \rst_sensor_n in `\ivcu_sensor_conditioning.$proc$/home/venky/final_ivcu_project/RTL_V4/ivcu_sensor_conditioning.v:172$2229'.
Found async reset \rst_sensor_n in `\ivcu_sensor_conditioning.$proc$/home/venky/final_ivcu_project/RTL_V4/ivcu_sensor_conditioning.v:172$2220'.
Found async reset \rst_sensor_n in `\ivcu_sensor_conditioning.$proc$/home/venky/final_ivcu_project/RTL_V4/ivcu_sensor_conditioning.v:172$2211'.
Found async reset \rst_sensor_n in `\ivcu_sensor_conditioning.$proc$/home/venky/final_ivcu_project/RTL_V4/ivcu_sensor_conditioning.v:172$2202'.
Found async reset \rst_sensor_n in `\ivcu_sensor_conditioning.$proc$/home/venky/final_ivcu_project/RTL_V4/ivcu_sensor_conditioning.v:172$2193'.
Found async reset \rst_sensor_n in `\ivcu_sensor_conditioning.$proc$/home/venky/final_ivcu_project/RTL_V4/ivcu_sensor_conditioning.v:172$2184'.
Found async reset \rst_sensor_n in `\ivcu_sensor_conditioning.$proc$/home/venky/final_ivcu_project/RTL_V4/ivcu_sensor_conditioning.v:172$2175'.
Found async reset \rst_sensor_n in `\ivcu_sensor_conditioning.$proc$/home/venky/final_ivcu_project/RTL_V4/ivcu_sensor_conditioning.v:172$2166'.
Found async reset \rst_sensor_n in `\ivcu_sensor_conditioning.$proc$/home/venky/final_ivcu_project/RTL_V4/ivcu_sensor_conditioning.v:172$2157'.
Found async reset \rst_sensor_n in `\ivcu_sensor_conditioning.$proc$/home/venky/final_ivcu_project/RTL_V4/ivcu_sensor_conditioning.v:172$2148'.
Found async reset \rst_sensor_n in `\ivcu_sensor_conditioning.$proc$/home/venky/final_ivcu_project/RTL_V4/ivcu_sensor_conditioning.v:172$2139'.
Found async reset \rst_sensor_n in `\ivcu_sensor_conditioning.$proc$/home/venky/final_ivcu_project/RTL_V4/ivcu_sensor_conditioning.v:172$2130'.
Found async reset \rst_sensor_n in `\ivcu_sensor_conditioning.$proc$/home/venky/final_ivcu_project/RTL_V4/ivcu_sensor_conditioning.v:172$2121'.
Found async reset \rst_sensor_n in `\ivcu_sensor_conditioning.$proc$/home/venky/final_ivcu_project/RTL_V4/ivcu_sensor_conditioning.v:172$2112'.
Found async reset \rst_sensor_n in `\ivcu_sensor_conditioning.$proc$/home/venky/final_ivcu_project/RTL_V4/ivcu_sensor_conditioning.v:172$2103'.
Found async reset \rst_sensor_n in `\ivcu_sensor_conditioning.$proc$/home/venky/final_ivcu_project/RTL_V4/ivcu_sensor_conditioning.v:172$2094'.
Found async reset \rst_sensor_n in `\ivcu_sensor_conditioning.$proc$/home/venky/final_ivcu_project/RTL_V4/ivcu_sensor_conditioning.v:172$2085'.
Found async reset \rst_sensor_n in `\ivcu_sensor_conditioning.$proc$/home/venky/final_ivcu_project/RTL_V4/ivcu_sensor_conditioning.v:172$2076'.
Found async reset \rst_sensor_n in `\ivcu_sensor_conditioning.$proc$/home/venky/final_ivcu_project/RTL_V4/ivcu_sensor_conditioning.v:172$2067'.
Found async reset \rst_sensor_n in `\ivcu_sensor_conditioning.$proc$/home/venky/final_ivcu_project/RTL_V4/ivcu_sensor_conditioning.v:193$1867'.
Found async reset \async_rst_n in `$paramod\ivcu_reset_sync\STAGES=s32'00000000000000000000000000000011.$proc$/home/venky/final_ivcu_project/RTL_V4/ivcu_reset_sync.v:30$7025'.
Found async reset \rst_aon_n in `\ivcu_permit_fsm.$proc$/home/venky/final_ivcu_project/RTL_V4/ivcu_permit_fsm.v:90$1343'.
Found async reset \rst_ai_n in `\ivcu_perception_ai.$proc$/home/venky/final_ivcu_project/RTL_V4/ivcu_perception_ai.v:120$1285'.
Found async reset \rst_ai_n in `\ivcu_motor_ai.$proc$/home/venky/final_ivcu_project/RTL_V4/ivcu_motor_ai.v:153$1179'.
Found async reset \rst_aon_n in `\ivcu_mode_manager.$proc$/home/venky/final_ivcu_project/RTL_V4/ivcu_mode_manager.v:111$1146'.
Found async reset \rst_aon_n in `\ivcu_mode_arbiter.$proc$/home/venky/final_ivcu_project/RTL_V4/ivcu_mode_arbiter.v:151$1046'.
Found async reset \rst_aon_n in `\ivcu_ignition_counter.$proc$/home/venky/final_ivcu_project/RTL_V4/ivcu_ignition_counter.v:61$989'.
Found async reset \rst_hvsafe_n in `\ivcu_hv_sense_sync.$proc$/home/venky/final_ivcu_project/RTL_V4/ivcu_hv_sense_sync.v:156$987'.
Found async reset \rst_hvsafe_n in `\ivcu_hv_sense_sync.$proc$/home/venky/final_ivcu_project/RTL_V4/ivcu_hv_sense_sync.v:148$985'.
Found async reset \rst_sensor_n in `\ivcu_hv_sense_sync.$proc$/home/venky/final_ivcu_project/RTL_V4/ivcu_hv_sense_sync.v:99$981'.
Found async reset \rst_hvsafe_n in `\ivcu_hv_pyro_trigger.$proc$/home/venky/final_ivcu_project/RTL_V4/ivcu_hv_pyro_trigger.v:92$969'.
Found async reset \rst_hvsafe_n in `\ivcu_hv_monitors.$proc$/home/venky/final_ivcu_project/RTL_V4/ivcu_hv_monitors.v:127$959'.
Found async reset \rst_hvsafe_n in `\ivcu_hv_monitors.$proc$/home/venky/final_ivcu_project/RTL_V4/ivcu_hv_monitors.v:91$952'.
Found async reset \rst_hvsafe_n in `\ivcu_hv_crash_detect.$proc$/home/venky/final_ivcu_project/RTL_V4/ivcu_hv_crash_detect.v:153$897'.
Found async reset \rst_hvsafe_n in `\ivcu_hv_contactor_ctrl.$proc$/home/venky/final_ivcu_project/RTL_V4/ivcu_hv_contactor_ctrl.v:183$828'.
Found async reset \rst_hvsafe_n in `\ivcu_hv_contactor_ctrl.$proc$/home/venky/final_ivcu_project/RTL_V4/ivcu_hv_contactor_ctrl.v:162$816'.
Found async reset \rst_ai_n in `\ivcu_health_scorer.$proc$/home/venky/final_ivcu_project/RTL_V4/ivcu_health_scorer.v:203$605'.
Found async reset \rst_aon_n in `\ivcu_hazard_blinker.$proc$/home/venky/final_ivcu_project/RTL_V4/ivcu_hazard_blinker.v:56$566'.
Found async reset \rst_aon_n in `\ivcu_gps_receiver.$proc$/home/venky/final_ivcu_project/RTL_V4/ivcu_gps_receiver.v:95$548'.
Found async reset \rst_mcu_n in `\ivcu_fault_logger.$proc$/home/venky/final_ivcu_project/RTL_V4/ivcu_fault_logger.v:188$527'.
Found async reset \rst_mcu_n in `\ivcu_fault_logger.$proc$/home/venky/final_ivcu_project/RTL_V4/ivcu_fault_logger.v:98$475'.
Found async reset \rst_aon_n in `\ivcu_emergency_response.$proc$/home/venky/final_ivcu_project/RTL_V4/ivcu_emergency_response.v:107$436'.
Found async reset \rst_ai_n in `\ivcu_dynamics_ai.$proc$/home/venky/final_ivcu_project/RTL_V4/ivcu_dynamics_ai.v:169$392'.
Found async reset \rst_ai_n in `\ivcu_driver_input_ai.$proc$/home/venky/final_ivcu_project/RTL_V4/ivcu_driver_input_ai.v:142$360'.
Found async reset \rst_aon_n in `\ivcu_crash_severity.$proc$/home/venky/final_ivcu_project/RTL_V4/ivcu_crash_severity.v:152$315'.
Found async reset \rst_aon_n in `\ivcu_central_safety_fsm.$proc$/home/venky/final_ivcu_project/RTL_V4/ivcu_central_safety_fsm.v:168$239'.
Found async reset \rst_dst_n in `\ivcu_cdc_pulse_sync.$proc$/home/venky/final_ivcu_project/RTL_V4/ivcu_cdc_pulse_sync.v:51$212'.
Found async reset \rst_src_n in `\ivcu_cdc_pulse_sync.$proc$/home/venky/final_ivcu_project/RTL_V4/ivcu_cdc_pulse_sync.v:41$209'.
Found async reset \rst_dst_n in `$paramod\ivcu_cdc_bit_sync\STAGES=s32'00000000000000000000000000000010\RESET_VAL=1'1.$proc$/home/venky/final_ivcu_project/RTL_V4/ivcu_cdc_bit_sync.v:35$7023'.
Found async reset \rst_dst_n in `$paramod\ivcu_cdc_bit_sync\STAGES=s32'00000000000000000000000000000010\RESET_VAL=1'0.$proc$/home/venky/final_ivcu_project/RTL_V4/ivcu_cdc_bit_sync.v:35$7021'.
Found async reset \rst_ai_n in `\ivcu_battery_ai.$proc$/home/venky/final_ivcu_project/RTL_V4/ivcu_battery_ai.v:155$155'.
Found async reset \rst_mcu_n in `\ivcu_apb_regs.$proc$/home/venky/final_ivcu_project/RTL_V4/ivcu_apb_regs.v:226$125'.
Found async reset \rst_mcu_n in `\ivcu_apb_regs.$proc$/home/venky/final_ivcu_project/RTL_V4/ivcu_apb_regs.v:154$110'.
Found async reset \rst_sensor_n in `\ivcu_afe_serializer.$proc$/home/venky/final_ivcu_project/RTL_V4/ivcu_afe_serializer.v:68$90'.
Found async reset \rst_sensor_n in `\ivcu_adc_scan_sequencer.$proc$/home/venky/final_ivcu_project/RTL_V4/ivcu_adc_scan_sequencer.v:89$81'.
Found async reset \rst_aon_n in `\ivcu_actuator_output_mgr.$proc$/home/venky/final_ivcu_project/RTL_V4/ivcu_actuator_output_mgr.v:169$22'.

44.6. Executing PROC_ROM pass (convert switches to ROMs).
Converted 0 switches.
<suppressed ~1298 debug messages>

44.7. Executing PROC_MUX pass (convert decision trees to multiplexers).
Creating decoders for process `\ivcu_thermal_ai.$proc$/home/venky/final_ivcu_project/RTL_V4/ivcu_thermal_ai.v:125$7012'.
     1/5: $0\coolant_overtemp[0:0]
     2/5: $0\cooling_fault[0:0]
     3/5: $0\pump_running[0:0]
     4/5: $0\fan_pwm[7:0]
     5/5: $0\pump_pwm[7:0]
Creating decoders for process `\ivcu_sos_builder.$proc$/home/venky/final_ivcu_project/RTL_V4/ivcu_sos_builder.v:177$6954'.
     1/49: $7\frame_byte$func$/home/venky/final_ivcu_project/RTL_V4/ivcu_sos_builder.v:250$6951.$result[7:0]$6985
     2/49: $6\frame_byte$func$/home/venky/final_ivcu_project/RTL_V4/ivcu_sos_builder.v:250$6951.$result[7:0]$6983
     3/49: $6\frame_byte$func$/home/venky/final_ivcu_project/RTL_V4/ivcu_sos_builder.v:250$6951.i[4:0]$6984
     4/49: $5\frame_byte$func$/home/venky/final_ivcu_project/RTL_V4/ivcu_sos_builder.v:250$6951.i[4:0]$6979
     5/49: $5\frame_byte$func$/home/venky/final_ivcu_project/RTL_V4/ivcu_sos_builder.v:250$6951.$result[7:0]$6978
     6/49: $5\frame_byte$func$/home/venky/final_ivcu_project/RTL_V4/ivcu_sos_builder.v:243$6950.$result[7:0]$6977
     7/49: $4\frame_byte$func$/home/venky/final_ivcu_project/RTL_V4/ivcu_sos_builder.v:243$6950.$result[7:0]$6973
     8/49: $4\frame_byte$func$/home/venky/final_ivcu_project/RTL_V4/ivcu_sos_builder.v:243$6950.i[4:0]$6974
     9/49: $4\frame_byte$func$/home/venky/final_ivcu_project/RTL_V4/ivcu_sos_builder.v:250$6951.i[4:0]$6976
    10/49: $4\frame_byte$func$/home/venky/final_ivcu_project/RTL_V4/ivcu_sos_builder.v:250$6951.$result[7:0]$6975
    11/49: $3\frame_byte$func$/home/venky/final_ivcu_project/RTL_V4/ivcu_sos_builder.v:250$6951.i[4:0]$6971
    12/49: $3\frame_byte$func$/home/venky/final_ivcu_project/RTL_V4/ivcu_sos_builder.v:250$6951.$result[7:0]$6970
    13/49: $3\frame_byte$func$/home/venky/final_ivcu_project/RTL_V4/ivcu_sos_builder.v:243$6950.i[4:0]$6969
    14/49: $3\frame_byte$func$/home/venky/final_ivcu_project/RTL_V4/ivcu_sos_builder.v:243$6950.$result[7:0]$6968
    15/49: $2\frame_byte$func$/home/venky/final_ivcu_project/RTL_V4/ivcu_sos_builder.v:250$6951.i[4:0]$6967
    16/49: $2\frame_byte$func$/home/venky/final_ivcu_project/RTL_V4/ivcu_sos_builder.v:250$6951.$result[7:0]$6966
    17/49: $2\frame_byte$func$/home/venky/final_ivcu_project/RTL_V4/ivcu_sos_builder.v:243$6950.i[4:0]$6965
    18/49: $2\frame_byte$func$/home/venky/final_ivcu_project/RTL_V4/ivcu_sos_builder.v:243$6950.$result[7:0]$6964
    19/49: $1\frame_byte$func$/home/venky/final_ivcu_project/RTL_V4/ivcu_sos_builder.v:250$6951.i[4:0]$6963
    20/49: $1\frame_byte$func$/home/venky/final_ivcu_project/RTL_V4/ivcu_sos_builder.v:250$6951.$result[7:0]$6962
    21/49: $1\frame_byte$func$/home/venky/final_ivcu_project/RTL_V4/ivcu_sos_builder.v:243$6950.i[4:0]$6961
    22/49: $1\frame_byte$func$/home/venky/final_ivcu_project/RTL_V4/ivcu_sos_builder.v:243$6950.$result[7:0]$6960
    23/49: $0\last_sev[2:0]
    24/49: $0\gap_cnt[25:0]
    25/49: $0\p_battinc[0:0]
    26/49: $0\p_hvfault[3:0]
    27/49: $0\p_hvstate[2:0]
    28/49: $0\p_pyro[0:0]
    29/49: $0\p_isolated[0:0]
    30/49: $0\p_speed[7:0]
    31/49: $0\p_press[15:0]
    32/49: $0\p_tmax[15:0]
    33/49: $0\p_peak_lat[15:0]
    34/49: $0\p_peak_long[15:0]
    35/49: $0\p_dir[2:0]
    36/49: $0\p_age[15:0]
    37/49: $0\p_lon[31:0]
    38/49: $0\p_lat[31:0]
    39/49: $0\p_mode[1:0]
    40/49: $0\p_occ[2:0]
    41/49: $0\p_route[2:0]
    42/49: $0\p_sev[2:0]
    43/49: $0\csum[7:0]
    44/49: $0\bidx[4:0]
    45/49: $0\sos_tx_count[1:0]
    46/49: $0\sos_sending[0:0]
    47/49: $0\sos_tx_valid[0:0]
    48/49: $0\sos_tx_data[7:0]
    49/49: $0\state[1:0]
Creating decoders for process `\ivcu_serviceability_mgr.$proc$/home/venky/final_ivcu_project/RTL_V4/ivcu_serviceability_mgr.v:204$6948'.
Creating decoders for process `\ivcu_serviceability_mgr.$proc$/home/venky/final_ivcu_project/RTL_V4/ivcu_serviceability_mgr.v:204$6946'.
Creating decoders for process `\ivcu_serviceability_mgr.$proc$/home/venky/final_ivcu_project/RTL_V4/ivcu_serviceability_mgr.v:204$6944'.
Creating decoders for process `\ivcu_serviceability_mgr.$proc$/home/venky/final_ivcu_project/RTL_V4/ivcu_serviceability_mgr.v:204$6942'.
Creating decoders for process `\ivcu_serviceability_mgr.$proc$/home/venky/final_ivcu_project/RTL_V4/ivcu_serviceability_mgr.v:204$6940'.
Creating decoders for process `\ivcu_serviceability_mgr.$proc$/home/venky/final_ivcu_project/RTL_V4/ivcu_serviceability_mgr.v:204$6938'.
Creating decoders for process `\ivcu_serviceability_mgr.$proc$/home/venky/final_ivcu_project/RTL_V4/ivcu_serviceability_mgr.v:204$6936'.
Creating decoders for process `\ivcu_serviceability_mgr.$proc$/home/venky/final_ivcu_project/RTL_V4/ivcu_serviceability_mgr.v:204$6934'.
Creating decoders for process `\ivcu_serviceability_mgr.$proc$/home/venky/final_ivcu_project/RTL_V4/ivcu_serviceability_mgr.v:240$6930'.
     1/1: $0\speed_limit_kph[7:0]
Creating decoders for process `\ivcu_serviceability_mgr.$proc$/home/venky/final_ivcu_project/RTL_V4/ivcu_serviceability_mgr.v:153$6914'.
     1/2: $0\ack_cnt[24:0]
     2/2: $0\ack_held[0:0]
Creating decoders for process `\ivcu_service_guidance.$proc$/home/venky/final_ivcu_project/RTL_V4/ivcu_service_guidance.v:187$6880'.
     1/6: $6\priority_of$func$/home/venky/final_ivcu_project/RTL_V4/ivcu_service_guidance.v:187$6815.$result[2:0]$6900
     2/6: $5\priority_of$func$/home/venky/final_ivcu_project/RTL_V4/ivcu_service_guidance.v:187$6815.$result[2:0]$6898
     3/6: $4\priority_of$func$/home/venky/final_ivcu_project/RTL_V4/ivcu_service_guidance.v:187$6815.$result[2:0]$6896
     4/6: $3\priority_of$func$/home/venky/final_ivcu_project/RTL_V4/ivcu_service_guidance.v:187$6815.$result[2:0]$6894
     5/6: $2\priority_of$func$/home/venky/final_ivcu_project/RTL_V4/ivcu_service_guidance.v:187$6815.$result[2:0]$6892
     6/6: $1\priority_of$func$/home/venky/final_ivcu_project/RTL_V4/ivcu_service_guidance.v:187$6815.$result[2:0]$6891
Creating decoders for process `\ivcu_service_guidance.$proc$/home/venky/final_ivcu_project/RTL_V4/ivcu_service_guidance.v:177$6875'.
     1/1: $1\permit_slot$func$/home/venky/final_ivcu_project/RTL_V4/ivcu_service_guidance.v:177$6814.$result[3:0]$6879
Creating decoders for process `\ivcu_service_guidance.$proc$/home/venky/final_ivcu_project/RTL_V4/ivcu_service_guidance.v:196$6833'.
     1/37: $10\action_of$func$/home/venky/final_ivcu_project/RTL_V4/ivcu_service_guidance.v:239$6813.$result[3:0]$6867
     2/37: $9\action_of$func$/home/venky/final_ivcu_project/RTL_V4/ivcu_service_guidance.v:239$6813.$result[3:0]$6865
     3/37: $8\action_of$func$/home/venky/final_ivcu_project/RTL_V4/ivcu_service_guidance.v:239$6813.$result[3:0]$6863
     4/37: $7\action_of$func$/home/venky/final_ivcu_project/RTL_V4/ivcu_service_guidance.v:239$6813.$result[3:0]$6862
     5/37: $6\action_of$func$/home/venky/final_ivcu_project/RTL_V4/ivcu_service_guidance.v:239$6813.$result[3:0]$6858
     6/37: $5\action_of$func$/home/venky/final_ivcu_project/RTL_V4/ivcu_service_guidance.v:239$6813.$result[3:0]$6854
     7/37: $4\action_of$func$/home/venky/final_ivcu_project/RTL_V4/ivcu_service_guidance.v:239$6813.$result[3:0]$6852
     8/37: $3\action_of$func$/home/venky/final_ivcu_project/RTL_V4/ivcu_service_guidance.v:239$6813.$result[3:0]$6848
     9/37: $3\action_of$func$/home/venky/final_ivcu_project/RTL_V4/ivcu_service_guidance.v:239$6813.pstate[1:0]$6851
    10/37: $3\action_of$func$/home/venky/final_ivcu_project/RTL_V4/ivcu_service_guidance.v:239$6813.attr[3:0]$6850
    11/37: $3\action_of$func$/home/venky/final_ivcu_project/RTL_V4/ivcu_service_guidance.v:239$6813.status[2:0]$6849
    12/37: $2\action_of$func$/home/venky/final_ivcu_project/RTL_V4/ivcu_service_guidance.v:239$6813.pstate[1:0]$6846
    13/37: $2\action_of$func$/home/venky/final_ivcu_project/RTL_V4/ivcu_service_guidance.v:239$6813.attr[3:0]$6845
    14/37: $2\action_of$func$/home/venky/final_ivcu_project/RTL_V4/ivcu_service_guidance.v:239$6813.status[2:0]$6844
    15/37: $2\action_of$func$/home/venky/final_ivcu_project/RTL_V4/ivcu_service_guidance.v:239$6813.$result[3:0]$6843
    16/37: $1\action_of$func$/home/venky/final_ivcu_project/RTL_V4/ivcu_service_guidance.v:239$6813.pstate[1:0]$6842
    17/37: $1\action_of$func$/home/venky/final_ivcu_project/RTL_V4/ivcu_service_guidance.v:239$6813.attr[3:0]$6841
    18/37: $1\action_of$func$/home/venky/final_ivcu_project/RTL_V4/ivcu_service_guidance.v:239$6813.status[2:0]$6840
    19/37: $1\action_of$func$/home/venky/final_ivcu_project/RTL_V4/ivcu_service_guidance.v:239$6813.$result[3:0]$6839
    20/37: $0\best_starts[2:0]
    21/37: $0\best_action[3:0]
    22/37: $0\best_status[2:0]
    23/37: $0\best_id[5:0]
    24/37: $0\best_pri[2:0]
    25/37: $0\idx[6:0]
    26/37: $0\guidance_valid[0:0]
    27/37: $0\disp_cs[0:0]
    28/37: $0\disp_sdata[0:0]
    29/37: $0\disp_sclk[0:0]
    30/37: $0\guidance_starts_left[2:0]
    31/37: $0\guidance_action[3:0]
    32/37: $0\guidance_status[2:0]
    33/37: $0\guidance_sensor_id[5:0]
    34/37: $0\phase[1:0]
    35/37: $0\bitcnt[4:0]
    36/37: $0\shreg[15:0]
    37/37: $0\state[1:0]
Creating decoders for process `\ivcu_sensor_plausibility.$proc$/home/venky/final_ivcu_project/RTL_V4/ivcu_sensor_plausibility.v:187$6802'.
Creating decoders for process `\ivcu_sensor_plausibility.$proc$/home/venky/final_ivcu_project/RTL_V4/ivcu_sensor_plausibility.v:184$6792'.
Creating decoders for process `\ivcu_sensor_plausibility.$proc$/home/venky/final_ivcu_project/RTL_V4/ivcu_sensor_plausibility.v:181$6783'.
Creating decoders for process `\ivcu_sensor_plausibility.$proc$/home/venky/final_ivcu_project/RTL_V4/ivcu_sensor_plausibility.v:178$6773'.
Creating decoders for process `\ivcu_sensor_plausibility.$proc$/home/venky/final_ivcu_project/RTL_V4/ivcu_sensor_plausibility.v:172$6763'.
Creating decoders for process `\ivcu_sensor_plausibility.$proc$/home/venky/final_ivcu_project/RTL_V4/ivcu_sensor_plausibility.v:160$6753'.
Creating decoders for process `\ivcu_sensor_plausibility.$proc$/home/venky/final_ivcu_project/RTL_V4/ivcu_sensor_plausibility.v:157$6744'.
Creating decoders for process `\ivcu_sensor_plausibility.$proc$/home/venky/final_ivcu_project/RTL_V4/ivcu_sensor_plausibility.v:155$6734'.
Creating decoders for process `\ivcu_sensor_plausibility.$proc$/home/venky/final_ivcu_project/RTL_V4/ivcu_sensor_plausibility.v:148$6724'.
Creating decoders for process `\ivcu_sensor_plausibility.$proc$/home/venky/final_ivcu_project/RTL_V4/ivcu_sensor_plausibility.v:145$6716'.
Creating decoders for process `\ivcu_sensor_plausibility.$proc$/home/venky/final_ivcu_project/RTL_V4/ivcu_sensor_plausibility.v:141$6706'.
Creating decoders for process `\ivcu_sensor_plausibility.$proc$/home/venky/final_ivcu_project/RTL_V4/ivcu_sensor_plausibility.v:237$6704'.
     1/23: $0\implausible[63:0] [43:35]
     2/23: $0\implausible[63:0] [34]
     3/23: $0\implausible[63:0] [33]
     4/23: $0\implausible[63:0] [28]
     5/23: $0\implausible[63:0] [27:25]
     6/23: $0\implausible[63:0] [7]
     7/23: $0\implausible[63:0] [6]
     8/23: $0\implausible[63:0] [5:0]
     9/23: $0\implausible[63:0] [12]
    10/23: $0\implausible[63:0] [11]
    11/23: $0\implausible[63:0] [10]
    12/23: $0\implausible[63:0] [24]
    13/23: $0\implausible[63:0] [23:19]
    14/23: $0\implausible[63:0] [9]
    15/23: $0\implausible[63:0] [17:13]
    16/23: $0\implausible[63:0] [32]
    17/23: $0\implausible[63:0] [8]
    18/23: $0\implausible[63:0] [18]
    19/23: $0\implausible[63:0] [31:29]
    20/23: $0\implausible[63:0] [45]
    21/23: $0\implausible[63:0] [44]
    22/23: $0\implausible[63:0] [63:46]
    23/23: $0\throttle_disagree[0:0]
Creating decoders for process `\ivcu_sensor_plausibility.$proc$/home/venky/final_ivcu_project/RTL_V4/ivcu_sensor_plausibility.v:203$6662'.
     1/17: $1\k[31:0]
     2/17: $0\chk_ok[7:0] [7]
     3/17: $0\chk_ok[7:0] [6]
     4/17: $0\chk_ok[7:0] [5]
     5/17: $0\chk_ok[7:0] [4]
     6/17: $0\chk_ok[7:0] [3]
     7/17: $0\chk_ok[7:0] [2]
     8/17: $0\chk_ok[7:0] [1]
     9/17: $0\chk_ok[7:0] [0]
    10/17: $0\cnt[7][7:0]
    11/17: $0\cnt[6][7:0]
    12/17: $0\cnt[5][7:0]
    13/17: $0\cnt[4][7:0]
    14/17: $0\cnt[3][7:0]
    15/17: $0\cnt[2][7:0]
    16/17: $0\cnt[1][7:0]
    17/17: $0\cnt[0][7:0]
Creating decoders for process `\ivcu_sensor_fault_detect.$proc$/home/venky/final_ivcu_project/RTL_V4/ivcu_sensor_fault_detect.v:397$6569'.
     1/6: $0\ch[63].dead_latch[0:0]
     2/6: $0\ch[63].kind[2:0]
     3/6: $0\ch[63].dbnc[3:0]
     4/6: $0\ch[63].dead_cnt[1:0]
     5/6: $0\ch[63].stuck_cnt[15:0]
     6/6: $0\ch[63].prev_raw[15:0]
Creating decoders for process `\ivcu_sensor_fault_detect.$proc$/home/venky/final_ivcu_project/RTL_V4/ivcu_sensor_fault_detect.v:397$6515'.
     1/6: $0\ch[62].dead_latch[0:0]
     2/6: $0\ch[62].kind[2:0]
     3/6: $0\ch[62].dbnc[3:0]
     4/6: $0\ch[62].dead_cnt[1:0]
     5/6: $0\ch[62].stuck_cnt[15:0]
     6/6: $0\ch[62].prev_raw[15:0]
Creating decoders for process `\ivcu_sensor_fault_detect.$proc$/home/venky/final_ivcu_project/RTL_V4/ivcu_sensor_fault_detect.v:397$6461'.
     1/6: $0\ch[61].dead_latch[0:0]
     2/6: $0\ch[61].kind[2:0]
     3/6: $0\ch[61].dbnc[3:0]
     4/6: $0\ch[61].dead_cnt[1:0]
     5/6: $0\ch[61].stuck_cnt[15:0]
     6/6: $0\ch[61].prev_raw[15:0]
Creating decoders for process `\ivcu_sensor_fault_detect.$proc$/home/venky/final_ivcu_project/RTL_V4/ivcu_sensor_fault_detect.v:397$6407'.
     1/6: $0\ch[60].dead_latch[0:0]
     2/6: $0\ch[60].kind[2:0]
     3/6: $0\ch[60].dbnc[3:0]
     4/6: $0\ch[60].dead_cnt[1:0]
     5/6: $0\ch[60].stuck_cnt[15:0]
     6/6: $0\ch[60].prev_raw[15:0]
Creating decoders for process `\ivcu_sensor_fault_detect.$proc$/home/venky/final_ivcu_project/RTL_V4/ivcu_sensor_fault_detect.v:397$6353'.
     1/6: $0\ch[59].dead_latch[0:0]
     2/6: $0\ch[59].kind[2:0]
     3/6: $0\ch[59].dbnc[3:0]
     4/6: $0\ch[59].dead_cnt[1:0]
     5/6: $0\ch[59].stuck_cnt[15:0]
     6/6: $0\ch[59].prev_raw[15:0]
Creating decoders for process `\ivcu_sensor_fault_detect.$proc$/home/venky/final_ivcu_project/RTL_V4/ivcu_sensor_fault_detect.v:397$6299'.
     1/6: $0\ch[58].dead_latch[0:0]
     2/6: $0\ch[58].kind[2:0]
     3/6: $0\ch[58].dbnc[3:0]
     4/6: $0\ch[58].dead_cnt[1:0]
     5/6: $0\ch[58].stuck_cnt[15:0]
     6/6: $0\ch[58].prev_raw[15:0]
Creating decoders for process `\ivcu_sensor_fault_detect.$proc$/home/venky/final_ivcu_project/RTL_V4/ivcu_sensor_fault_detect.v:397$6245'.
     1/6: $0\ch[57].dead_latch[0:0]
     2/6: $0\ch[57].kind[2:0]
     3/6: $0\ch[57].dbnc[3:0]
     4/6: $0\ch[57].dead_cnt[1:0]
     5/6: $0\ch[57].stuck_cnt[15:0]
     6/6: $0\ch[57].prev_raw[15:0]
Creating decoders for process `\ivcu_sensor_fault_detect.$proc$/home/venky/final_ivcu_project/RTL_V4/ivcu_sensor_fault_detect.v:397$6191'.
     1/6: $0\ch[56].dead_latch[0:0]
     2/6: $0\ch[56].kind[2:0]
     3/6: $0\ch[56].dbnc[3:0]
     4/6: $0\ch[56].dead_cnt[1:0]
     5/6: $0\ch[56].stuck_cnt[15:0]
     6/6: $0\ch[56].prev_raw[15:0]
Creating decoders for process `\ivcu_sensor_fault_detect.$proc$/home/venky/final_ivcu_project/RTL_V4/ivcu_sensor_fault_detect.v:397$6137'.
     1/6: $0\ch[55].dead_latch[0:0]
     2/6: $0\ch[55].kind[2:0]
     3/6: $0\ch[55].dbnc[3:0]
     4/6: $0\ch[55].dead_cnt[1:0]
     5/6: $0\ch[55].stuck_cnt[15:0]
     6/6: $0\ch[55].prev_raw[15:0]
Creating decoders for process `\ivcu_sensor_fault_detect.$proc$/home/venky/final_ivcu_project/RTL_V4/ivcu_sensor_fault_detect.v:397$6083'.
     1/6: $0\ch[54].dead_latch[0:0]
     2/6: $0\ch[54].kind[2:0]
     3/6: $0\ch[54].dbnc[3:0]
     4/6: $0\ch[54].dead_cnt[1:0]
     5/6: $0\ch[54].stuck_cnt[15:0]
     6/6: $0\ch[54].prev_raw[15:0]
Creating decoders for process `\ivcu_sensor_fault_detect.$proc$/home/venky/final_ivcu_project/RTL_V4/ivcu_sensor_fault_detect.v:397$6029'.
     1/6: $0\ch[53].dead_latch[0:0]
     2/6: $0\ch[53].kind[2:0]
     3/6: $0\ch[53].dbnc[3:0]
     4/6: $0\ch[53].dead_cnt[1:0]
     5/6: $0\ch[53].stuck_cnt[15:0]
     6/6: $0\ch[53].prev_raw[15:0]
Creating decoders for process `\ivcu_sensor_fault_detect.$proc$/home/venky/final_ivcu_project/RTL_V4/ivcu_sensor_fault_detect.v:397$5975'.
     1/6: $0\ch[52].dead_latch[0:0]
     2/6: $0\ch[52].kind[2:0]
     3/6: $0\ch[52].dbnc[3:0]
     4/6: $0\ch[52].dead_cnt[1:0]
     5/6: $0\ch[52].stuck_cnt[15:0]
     6/6: $0\ch[52].prev_raw[15:0]
Creating decoders for process `\ivcu_sensor_fault_detect.$proc$/home/venky/final_ivcu_project/RTL_V4/ivcu_sensor_fault_detect.v:397$5921'.
     1/6: $0\ch[51].dead_latch[0:0]
     2/6: $0\ch[51].kind[2:0]
     3/6: $0\ch[51].dbnc[3:0]
     4/6: $0\ch[51].dead_cnt[1:0]
     5/6: $0\ch[51].stuck_cnt[15:0]
     6/6: $0\ch[51].prev_raw[15:0]
Creating decoders for process `\ivcu_sensor_fault_detect.$proc$/home/venky/final_ivcu_project/RTL_V4/ivcu_sensor_fault_detect.v:397$5867'.
     1/6: $0\ch[50].dead_latch[0:0]
     2/6: $0\ch[50].kind[2:0]
     3/6: $0\ch[50].dbnc[3:0]
     4/6: $0\ch[50].dead_cnt[1:0]
     5/6: $0\ch[50].stuck_cnt[15:0]
     6/6: $0\ch[50].prev_raw[15:0]
Creating decoders for process `\ivcu_sensor_fault_detect.$proc$/home/venky/final_ivcu_project/RTL_V4/ivcu_sensor_fault_detect.v:397$5813'.
     1/6: $0\ch[49].dead_latch[0:0]
     2/6: $0\ch[49].kind[2:0]
     3/6: $0\ch[49].dbnc[3:0]
     4/6: $0\ch[49].dead_cnt[1:0]
     5/6: $0\ch[49].stuck_cnt[15:0]
     6/6: $0\ch[49].prev_raw[15:0]
Creating decoders for process `\ivcu_sensor_fault_detect.$proc$/home/venky/final_ivcu_project/RTL_V4/ivcu_sensor_fault_detect.v:397$5759'.
     1/6: $0\ch[48].dead_latch[0:0]
     2/6: $0\ch[48].kind[2:0]
     3/6: $0\ch[48].dbnc[3:0]
     4/6: $0\ch[48].dead_cnt[1:0]
     5/6: $0\ch[48].stuck_cnt[15:0]
     6/6: $0\ch[48].prev_raw[15:0]
Creating decoders for process `\ivcu_sensor_fault_detect.$proc$/home/venky/final_ivcu_project/RTL_V4/ivcu_sensor_fault_detect.v:397$5705'.
     1/6: $0\ch[47].dead_latch[0:0]
     2/6: $0\ch[47].kind[2:0]
     3/6: $0\ch[47].dbnc[3:0]
     4/6: $0\ch[47].dead_cnt[1:0]
     5/6: $0\ch[47].stuck_cnt[15:0]
     6/6: $0\ch[47].prev_raw[15:0]
Creating decoders for process `\ivcu_sensor_fault_detect.$proc$/home/venky/final_ivcu_project/RTL_V4/ivcu_sensor_fault_detect.v:397$5651'.
     1/6: $0\ch[46].dead_latch[0:0]
     2/6: $0\ch[46].kind[2:0]
     3/6: $0\ch[46].dbnc[3:0]
     4/6: $0\ch[46].dead_cnt[1:0]
     5/6: $0\ch[46].stuck_cnt[15:0]
     6/6: $0\ch[46].prev_raw[15:0]
Creating decoders for process `\ivcu_sensor_fault_detect.$proc$/home/venky/final_ivcu_project/RTL_V4/ivcu_sensor_fault_detect.v:397$5597'.
     1/6: $0\ch[45].dead_latch[0:0]
     2/6: $0\ch[45].kind[2:0]
     3/6: $0\ch[45].dbnc[3:0]
     4/6: $0\ch[45].dead_cnt[1:0]
     5/6: $0\ch[45].stuck_cnt[15:0]
     6/6: $0\ch[45].prev_raw[15:0]
Creating decoders for process `\ivcu_sensor_fault_detect.$proc$/home/venky/final_ivcu_project/RTL_V4/ivcu_sensor_fault_detect.v:397$5543'.
     1/6: $0\ch[44].dead_latch[0:0]
     2/6: $0\ch[44].kind[2:0]
     3/6: $0\ch[44].dbnc[3:0]
     4/6: $0\ch[44].dead_cnt[1:0]
     5/6: $0\ch[44].stuck_cnt[15:0]
     6/6: $0\ch[44].prev_raw[15:0]
Creating decoders for process `\ivcu_sensor_fault_detect.$proc$/home/venky/final_ivcu_project/RTL_V4/ivcu_sensor_fault_detect.v:397$5489'.
     1/6: $0\ch[43].dead_latch[0:0]
     2/6: $0\ch[43].kind[2:0]
     3/6: $0\ch[43].dbnc[3:0]
     4/6: $0\ch[43].dead_cnt[1:0]
     5/6: $0\ch[43].stuck_cnt[15:0]
     6/6: $0\ch[43].prev_raw[15:0]
Creating decoders for process `\ivcu_sensor_fault_detect.$proc$/home/venky/final_ivcu_project/RTL_V4/ivcu_sensor_fault_detect.v:397$5435'.
     1/6: $0\ch[42].dead_latch[0:0]
     2/6: $0\ch[42].kind[2:0]
     3/6: $0\ch[42].dbnc[3:0]
     4/6: $0\ch[42].dead_cnt[1:0]
     5/6: $0\ch[42].stuck_cnt[15:0]
     6/6: $0\ch[42].prev_raw[15:0]
Creating decoders for process `\ivcu_sensor_fault_detect.$proc$/home/venky/final_ivcu_project/RTL_V4/ivcu_sensor_fault_detect.v:397$5381'.
     1/6: $0\ch[41].dead_latch[0:0]
     2/6: $0\ch[41].kind[2:0]
     3/6: $0\ch[41].dbnc[3:0]
     4/6: $0\ch[41].dead_cnt[1:0]
     5/6: $0\ch[41].stuck_cnt[15:0]
     6/6: $0\ch[41].prev_raw[15:0]
Creating decoders for process `\ivcu_sensor_fault_detect.$proc$/home/venky/final_ivcu_project/RTL_V4/ivcu_sensor_fault_detect.v:397$5327'.
     1/6: $0\ch[40].dead_latch[0:0]
     2/6: $0\ch[40].kind[2:0]
     3/6: $0\ch[40].dbnc[3:0]
     4/6: $0\ch[40].dead_cnt[1:0]
     5/6: $0\ch[40].stuck_cnt[15:0]
     6/6: $0\ch[40].prev_raw[15:0]
Creating decoders for process `\ivcu_sensor_fault_detect.$proc$/home/venky/final_ivcu_project/RTL_V4/ivcu_sensor_fault_detect.v:397$5273'.
     1/6: $0\ch[39].dead_latch[0:0]
     2/6: $0\ch[39].kind[2:0]
     3/6: $0\ch[39].dbnc[3:0]
     4/6: $0\ch[39].dead_cnt[1:0]
     5/6: $0\ch[39].stuck_cnt[15:0]
     6/6: $0\ch[39].prev_raw[15:0]
Creating decoders for process `\ivcu_sensor_fault_detect.$proc$/home/venky/final_ivcu_project/RTL_V4/ivcu_sensor_fault_detect.v:397$5219'.
     1/6: $0\ch[38].dead_latch[0:0]
     2/6: $0\ch[38].kind[2:0]
     3/6: $0\ch[38].dbnc[3:0]
     4/6: $0\ch[38].dead_cnt[1:0]
     5/6: $0\ch[38].stuck_cnt[15:0]
     6/6: $0\ch[38].prev_raw[15:0]
Creating decoders for process `\ivcu_sensor_fault_detect.$proc$/home/venky/final_ivcu_project/RTL_V4/ivcu_sensor_fault_detect.v:397$5165'.
     1/6: $0\ch[37].dead_latch[0:0]
     2/6: $0\ch[37].kind[2:0]
     3/6: $0\ch[37].dbnc[3:0]
     4/6: $0\ch[37].dead_cnt[1:0]
     5/6: $0\ch[37].stuck_cnt[15:0]
     6/6: $0\ch[37].prev_raw[15:0]
Creating decoders for process `\ivcu_sensor_fault_detect.$proc$/home/venky/final_ivcu_project/RTL_V4/ivcu_sensor_fault_detect.v:397$5111'.
     1/6: $0\ch[36].dead_latch[0:0]
     2/6: $0\ch[36].kind[2:0]
     3/6: $0\ch[36].dbnc[3:0]
     4/6: $0\ch[36].dead_cnt[1:0]
     5/6: $0\ch[36].stuck_cnt[15:0]
     6/6: $0\ch[36].prev_raw[15:0]
Creating decoders for process `\ivcu_sensor_fault_detect.$proc$/home/venky/final_ivcu_project/RTL_V4/ivcu_sensor_fault_detect.v:397$5057'.
     1/6: $0\ch[35].dead_latch[0:0]
     2/6: $0\ch[35].kind[2:0]
     3/6: $0\ch[35].dbnc[3:0]
     4/6: $0\ch[35].dead_cnt[1:0]
     5/6: $0\ch[35].stuck_cnt[15:0]
     6/6: $0\ch[35].prev_raw[15:0]
Creating decoders for process `\ivcu_sensor_fault_detect.$proc$/home/venky/final_ivcu_project/RTL_V4/ivcu_sensor_fault_detect.v:397$5003'.
     1/6: $0\ch[34].dead_latch[0:0]
     2/6: $0\ch[34].kind[2:0]
     3/6: $0\ch[34].dbnc[3:0]
     4/6: $0\ch[34].dead_cnt[1:0]
     5/6: $0\ch[34].stuck_cnt[15:0]
     6/6: $0\ch[34].prev_raw[15:0]
Creating decoders for process `\ivcu_sensor_fault_detect.$proc$/home/venky/final_ivcu_project/RTL_V4/ivcu_sensor_fault_detect.v:397$4949'.
     1/6: $0\ch[33].dead_latch[0:0]
     2/6: $0\ch[33].kind[2:0]
     3/6: $0\ch[33].dbnc[3:0]
     4/6: $0\ch[33].dead_cnt[1:0]
     5/6: $0\ch[33].stuck_cnt[15:0]
     6/6: $0\ch[33].prev_raw[15:0]
Creating decoders for process `\ivcu_sensor_fault_detect.$proc$/home/venky/final_ivcu_project/RTL_V4/ivcu_sensor_fault_detect.v:397$4895'.
     1/6: $0\ch[32].dead_latch[0:0]
     2/6: $0\ch[32].kind[2:0]
     3/6: $0\ch[32].dbnc[3:0]
     4/6: $0\ch[32].dead_cnt[1:0]
     5/6: $0\ch[32].stuck_cnt[15:0]
     6/6: $0\ch[32].prev_raw[15:0]
Creating decoders for process `\ivcu_sensor_fault_detect.$proc$/home/venky/final_ivcu_project/RTL_V4/ivcu_sensor_fault_detect.v:397$4841'.
     1/6: $0\ch[31].dead_latch[0:0]
     2/6: $0\ch[31].kind[2:0]
     3/6: $0\ch[31].dbnc[3:0]
     4/6: $0\ch[31].dead_cnt[1:0]
     5/6: $0\ch[31].stuck_cnt[15:0]
     6/6: $0\ch[31].prev_raw[15:0]
Creating decoders for process `\ivcu_sensor_fault_detect.$proc$/home/venky/final_ivcu_project/RTL_V4/ivcu_sensor_fault_detect.v:397$4787'.
     1/6: $0\ch[30].dead_latch[0:0]
     2/6: $0\ch[30].kind[2:0]
     3/6: $0\ch[30].dbnc[3:0]
     4/6: $0\ch[30].dead_cnt[1:0]
     5/6: $0\ch[30].stuck_cnt[15:0]
     6/6: $0\ch[30].prev_raw[15:0]
Creating decoders for process `\ivcu_sensor_fault_detect.$proc$/home/venky/final_ivcu_project/RTL_V4/ivcu_sensor_fault_detect.v:397$4733'.
     1/6: $0\ch[29].dead_latch[0:0]
     2/6: $0\ch[29].kind[2:0]
     3/6: $0\ch[29].dbnc[3:0]
     4/6: $0\ch[29].dead_cnt[1:0]
     5/6: $0\ch[29].stuck_cnt[15:0]
     6/6: $0\ch[29].prev_raw[15:0]
Creating decoders for process `\ivcu_sensor_fault_detect.$proc$/home/venky/final_ivcu_project/RTL_V4/ivcu_sensor_fault_detect.v:397$4679'.
     1/6: $0\ch[28].dead_latch[0:0]
     2/6: $0\ch[28].kind[2:0]
     3/6: $0\ch[28].dbnc[3:0]
     4/6: $0\ch[28].dead_cnt[1:0]
     5/6: $0\ch[28].stuck_cnt[15:0]
     6/6: $0\ch[28].prev_raw[15:0]
Creating decoders for process `\ivcu_sensor_fault_detect.$proc$/home/venky/final_ivcu_project/RTL_V4/ivcu_sensor_fault_detect.v:397$4625'.
     1/6: $0\ch[27].dead_latch[0:0]
     2/6: $0\ch[27].kind[2:0]
     3/6: $0\ch[27].dbnc[3:0]
     4/6: $0\ch[27].dead_cnt[1:0]
     5/6: $0\ch[27].stuck_cnt[15:0]
     6/6: $0\ch[27].prev_raw[15:0]
Creating decoders for process `\ivcu_sensor_fault_detect.$proc$/home/venky/final_ivcu_project/RTL_V4/ivcu_sensor_fault_detect.v:397$4571'.
     1/6: $0\ch[26].dead_latch[0:0]
     2/6: $0\ch[26].kind[2:0]
     3/6: $0\ch[26].dbnc[3:0]
     4/6: $0\ch[26].dead_cnt[1:0]
     5/6: $0\ch[26].stuck_cnt[15:0]
     6/6: $0\ch[26].prev_raw[15:0]
Creating decoders for process `\ivcu_sensor_fault_detect.$proc$/home/venky/final_ivcu_project/RTL_V4/ivcu_sensor_fault_detect.v:397$4517'.
     1/6: $0\ch[25].dead_latch[0:0]
     2/6: $0\ch[25].kind[2:0]
     3/6: $0\ch[25].dbnc[3:0]
     4/6: $0\ch[25].dead_cnt[1:0]
     5/6: $0\ch[25].stuck_cnt[15:0]
     6/6: $0\ch[25].prev_raw[15:0]
Creating decoders for process `\ivcu_sensor_fault_detect.$proc$/home/venky/final_ivcu_project/RTL_V4/ivcu_sensor_fault_detect.v:397$4463'.
     1/6: $0\ch[24].dead_latch[0:0]
     2/6: $0\ch[24].kind[2:0]
     3/6: $0\ch[24].dbnc[3:0]
     4/6: $0\ch[24].dead_cnt[1:0]
     5/6: $0\ch[24].stuck_cnt[15:0]
     6/6: $0\ch[24].prev_raw[15:0]
Creating decoders for process `\ivcu_sensor_fault_detect.$proc$/home/venky/final_ivcu_project/RTL_V4/ivcu_sensor_fault_detect.v:397$4409'.
     1/6: $0\ch[23].dead_latch[0:0]
     2/6: $0\ch[23].kind[2:0]
     3/6: $0\ch[23].dbnc[3:0]
     4/6: $0\ch[23].dead_cnt[1:0]
     5/6: $0\ch[23].stuck_cnt[15:0]
     6/6: $0\ch[23].prev_raw[15:0]
Creating decoders for process `\ivcu_sensor_fault_detect.$proc$/home/venky/final_ivcu_project/RTL_V4/ivcu_sensor_fault_detect.v:397$4355'.
     1/6: $0\ch[22].dead_latch[0:0]
     2/6: $0\ch[22].kind[2:0]
     3/6: $0\ch[22].dbnc[3:0]
     4/6: $0\ch[22].dead_cnt[1:0]
     5/6: $0\ch[22].stuck_cnt[15:0]
     6/6: $0\ch[22].prev_raw[15:0]
Creating decoders for process `\ivcu_sensor_fault_detect.$proc$/home/venky/final_ivcu_project/RTL_V4/ivcu_sensor_fault_detect.v:397$4301'.
     1/6: $0\ch[21].dead_latch[0:0]
     2/6: $0\ch[21].kind[2:0]
     3/6: $0\ch[21].dbnc[3:0]
     4/6: $0\ch[21].dead_cnt[1:0]
     5/6: $0\ch[21].stuck_cnt[15:0]
     6/6: $0\ch[21].prev_raw[15:0]
Creating decoders for process `\ivcu_sensor_fault_detect.$proc$/home/venky/final_ivcu_project/RTL_V4/ivcu_sensor_fault_detect.v:397$4247'.
     1/6: $0\ch[20].dead_latch[0:0]
     2/6: $0\ch[20].kind[2:0]
     3/6: $0\ch[20].dbnc[3:0]
     4/6: $0\ch[20].dead_cnt[1:0]
     5/6: $0\ch[20].stuck_cnt[15:0]
     6/6: $0\ch[20].prev_raw[15:0]
Creating decoders for process `\ivcu_sensor_fault_detect.$proc$/home/venky/final_ivcu_project/RTL_V4/ivcu_sensor_fault_detect.v:397$4193'.
     1/6: $0\ch[19].dead_latch[0:0]
     2/6: $0\ch[19].kind[2:0]
     3/6: $0\ch[19].dbnc[3:0]
     4/6: $0\ch[19].dead_cnt[1:0]
     5/6: $0\ch[19].stuck_cnt[15:0]
     6/6: $0\ch[19].prev_raw[15:0]
Creating decoders for process `\ivcu_sensor_fault_detect.$proc$/home/venky/final_ivcu_project/RTL_V4/ivcu_sensor_fault_detect.v:397$4139'.
     1/6: $0\ch[18].dead_latch[0:0]
     2/6: $0\ch[18].kind[2:0]
     3/6: $0\ch[18].dbnc[3:0]
     4/6: $0\ch[18].dead_cnt[1:0]
     5/6: $0\ch[18].stuck_cnt[15:0]
     6/6: $0\ch[18].prev_raw[15:0]
Creating decoders for process `\ivcu_sensor_fault_detect.$proc$/home/venky/final_ivcu_project/RTL_V4/ivcu_sensor_fault_detect.v:397$4085'.
     1/6: $0\ch[17].dead_latch[0:0]
     2/6: $0\ch[17].kind[2:0]
     3/6: $0\ch[17].dbnc[3:0]
     4/6: $0\ch[17].dead_cnt[1:0]
     5/6: $0\ch[17].stuck_cnt[15:0]
     6/6: $0\ch[17].prev_raw[15:0]
Creating decoders for process `\ivcu_sensor_fault_detect.$proc$/home/venky/final_ivcu_project/RTL_V4/ivcu_sensor_fault_detect.v:397$4031'.
     1/6: $0\ch[16].dead_latch[0:0]
     2/6: $0\ch[16].kind[2:0]
     3/6: $0\ch[16].dbnc[3:0]
     4/6: $0\ch[16].dead_cnt[1:0]
     5/6: $0\ch[16].stuck_cnt[15:0]
     6/6: $0\ch[16].prev_raw[15:0]
Creating decoders for process `\ivcu_sensor_fault_detect.$proc$/home/venky/final_ivcu_project/RTL_V4/ivcu_sensor_fault_detect.v:397$3977'.
     1/6: $0\ch[15].dead_latch[0:0]
     2/6: $0\ch[15].kind[2:0]
     3/6: $0\ch[15].dbnc[3:0]
     4/6: $0\ch[15].dead_cnt[1:0]
     5/6: $0\ch[15].stuck_cnt[15:0]
     6/6: $0\ch[15].prev_raw[15:0]
Creating decoders for process `\ivcu_sensor_fault_detect.$proc$/home/venky/final_ivcu_project/RTL_V4/ivcu_sensor_fault_detect.v:397$3923'.
     1/6: $0\ch[14].dead_latch[0:0]
     2/6: $0\ch[14].kind[2:0]
     3/6: $0\ch[14].dbnc[3:0]
     4/6: $0\ch[14].dead_cnt[1:0]
     5/6: $0\ch[14].stuck_cnt[15:0]
     6/6: $0\ch[14].prev_raw[15:0]
Creating decoders for process `\ivcu_sensor_fault_detect.$proc$/home/venky/final_ivcu_project/RTL_V4/ivcu_sensor_fault_detect.v:397$3869'.
     1/6: $0\ch[13].dead_latch[0:0]
     2/6: $0\ch[13].kind[2:0]
     3/6: $0\ch[13].dbnc[3:0]
     4/6: $0\ch[13].dead_cnt[1:0]
     5/6: $0\ch[13].stuck_cnt[15:0]
     6/6: $0\ch[13].prev_raw[15:0]
Creating decoders for process `\ivcu_sensor_fault_detect.$proc$/home/venky/final_ivcu_project/RTL_V4/ivcu_sensor_fault_detect.v:397$3815'.
     1/6: $0\ch[12].dead_latch[0:0]
     2/6: $0\ch[12].kind[2:0]
     3/6: $0\ch[12].dbnc[3:0]
     4/6: $0\ch[12].dead_cnt[1:0]
     5/6: $0\ch[12].stuck_cnt[15:0]
     6/6: $0\ch[12].prev_raw[15:0]
Creating decoders for process `\ivcu_sensor_fault_detect.$proc$/home/venky/final_ivcu_project/RTL_V4/ivcu_sensor_fault_detect.v:397$3761'.
     1/6: $0\ch[11].dead_latch[0:0]
     2/6: $0\ch[11].kind[2:0]
     3/6: $0\ch[11].dbnc[3:0]
     4/6: $0\ch[11].dead_cnt[1:0]
     5/6: $0\ch[11].stuck_cnt[15:0]
     6/6: $0\ch[11].prev_raw[15:0]
Creating decoders for process `\ivcu_sensor_fault_detect.$proc$/home/venky/final_ivcu_project/RTL_V4/ivcu_sensor_fault_detect.v:397$3707'.
     1/6: $0\ch[10].dead_latch[0:0]
     2/6: $0\ch[10].kind[2:0]
     3/6: $0\ch[10].dbnc[3:0]
     4/6: $0\ch[10].dead_cnt[1:0]
     5/6: $0\ch[10].stuck_cnt[15:0]
     6/6: $0\ch[10].prev_raw[15:0]
Creating decoders for process `\ivcu_sensor_fault_detect.$proc$/home/venky/final_ivcu_project/RTL_V4/ivcu_sensor_fault_detect.v:397$3653'.
     1/6: $0\ch[9].dead_latch[0:0]
     2/6: $0\ch[9].kind[2:0]
     3/6: $0\ch[9].dbnc[3:0]
     4/6: $0\ch[9].dead_cnt[1:0]
     5/6: $0\ch[9].stuck_cnt[15:0]
     6/6: $0\ch[9].prev_raw[15:0]
Creating decoders for process `\ivcu_sensor_fault_detect.$proc$/home/venky/final_ivcu_project/RTL_V4/ivcu_sensor_fault_detect.v:397$3599'.
     1/6: $0\ch[8].dead_latch[0:0]
     2/6: $0\ch[8].kind[2:0]
     3/6: $0\ch[8].dbnc[3:0]
     4/6: $0\ch[8].dead_cnt[1:0]
     5/6: $0\ch[8].stuck_cnt[15:0]
     6/6: $0\ch[8].prev_raw[15:0]
Creating decoders for process `\ivcu_sensor_fault_detect.$proc$/home/venky/final_ivcu_project/RTL_V4/ivcu_sensor_fault_detect.v:397$3545'.
     1/6: $0\ch[7].dead_latch[0:0]
     2/6: $0\ch[7].kind[2:0]
     3/6: $0\ch[7].dbnc[3:0]
     4/6: $0\ch[7].dead_cnt[1:0]
     5/6: $0\ch[7].stuck_cnt[15:0]
     6/6: $0\ch[7].prev_raw[15:0]
Creating decoders for process `\ivcu_sensor_fault_detect.$proc$/home/venky/final_ivcu_project/RTL_V4/ivcu_sensor_fault_detect.v:397$3491'.
     1/6: $0\ch[6].dead_latch[0:0]
     2/6: $0\ch[6].kind[2:0]
     3/6: $0\ch[6].dbnc[3:0]
     4/6: $0\ch[6].dead_cnt[1:0]
     5/6: $0\ch[6].stuck_cnt[15:0]
     6/6: $0\ch[6].prev_raw[15:0]
Creating decoders for process `\ivcu_sensor_fault_detect.$proc$/home/venky/final_ivcu_project/RTL_V4/ivcu_sensor_fault_detect.v:397$3437'.
     1/6: $0\ch[5].dead_latch[0:0]
     2/6: $0\ch[5].kind[2:0]
     3/6: $0\ch[5].dbnc[3:0]
     4/6: $0\ch[5].dead_cnt[1:0]
     5/6: $0\ch[5].stuck_cnt[15:0]
     6/6: $0\ch[5].prev_raw[15:0]
Creating decoders for process `\ivcu_sensor_fault_detect.$proc$/home/venky/final_ivcu_project/RTL_V4/ivcu_sensor_fault_detect.v:397$3383'.
     1/6: $0\ch[4].dead_latch[0:0]
     2/6: $0\ch[4].kind[2:0]
     3/6: $0\ch[4].dbnc[3:0]
     4/6: $0\ch[4].dead_cnt[1:0]
     5/6: $0\ch[4].stuck_cnt[15:0]
     6/6: $0\ch[4].prev_raw[15:0]
Creating decoders for process `\ivcu_sensor_fault_detect.$proc$/home/venky/final_ivcu_project/RTL_V4/ivcu_sensor_fault_detect.v:397$3329'.
     1/6: $0\ch[3].dead_latch[0:0]
     2/6: $0\ch[3].kind[2:0]
     3/6: $0\ch[3].dbnc[3:0]
     4/6: $0\ch[3].dead_cnt[1:0]
     5/6: $0\ch[3].stuck_cnt[15:0]
     6/6: $0\ch[3].prev_raw[15:0]
Creating decoders for process `\ivcu_sensor_fault_detect.$proc$/home/venky/final_ivcu_project/RTL_V4/ivcu_sensor_fault_detect.v:397$3275'.
     1/6: $0\ch[2].dead_latch[0:0]
     2/6: $0\ch[2].kind[2:0]
     3/6: $0\ch[2].dbnc[3:0]
     4/6: $0\ch[2].dead_cnt[1:0]
     5/6: $0\ch[2].stuck_cnt[15:0]
     6/6: $0\ch[2].prev_raw[15:0]
Creating decoders for process `\ivcu_sensor_fault_detect.$proc$/home/venky/final_ivcu_project/RTL_V4/ivcu_sensor_fault_detect.v:397$3221'.
     1/6: $0\ch[1].dead_latch[0:0]
     2/6: $0\ch[1].kind[2:0]
     3/6: $0\ch[1].dbnc[3:0]
     4/6: $0\ch[1].dead_cnt[1:0]
     5/6: $0\ch[1].stuck_cnt[15:0]
     6/6: $0\ch[1].prev_raw[15:0]
Creating decoders for process `\ivcu_sensor_fault_detect.$proc$/home/venky/final_ivcu_project/RTL_V4/ivcu_sensor_fault_detect.v:397$3167'.
     1/6: $0\ch[0].dead_latch[0:0]
     2/6: $0\ch[0].kind[2:0]
     3/6: $0\ch[0].dbnc[3:0]
     4/6: $0\ch[0].dead_cnt[1:0]
     5/6: $0\ch[0].stuck_cnt[15:0]
     6/6: $0\ch[0].prev_raw[15:0]
Creating decoders for process `\ivcu_sensor_conditioning.$proc$/home/venky/final_ivcu_project/RTL_V4/ivcu_sensor_conditioning.v:172$2634'.
     1/1: $0\ch[63].acc[19:0]
Creating decoders for process `\ivcu_sensor_conditioning.$proc$/home/venky/final_ivcu_project/RTL_V4/ivcu_sensor_conditioning.v:172$2625'.
     1/1: $0\ch[62].acc[19:0]
Creating decoders for process `\ivcu_sensor_conditioning.$proc$/home/venky/final_ivcu_project/RTL_V4/ivcu_sensor_conditioning.v:172$2616'.
     1/1: $0\ch[61].acc[19:0]
Creating decoders for process `\ivcu_sensor_conditioning.$proc$/home/venky/final_ivcu_project/RTL_V4/ivcu_sensor_conditioning.v:172$2607'.
     1/1: $0\ch[60].acc[19:0]
Creating decoders for process `\ivcu_sensor_conditioning.$proc$/home/venky/final_ivcu_project/RTL_V4/ivcu_sensor_conditioning.v:172$2598'.
     1/1: $0\ch[59].acc[19:0]
Creating decoders for process `\ivcu_sensor_conditioning.$proc$/home/venky/final_ivcu_project/RTL_V4/ivcu_sensor_conditioning.v:172$2589'.
     1/1: $0\ch[58].acc[19:0]
Creating decoders for process `\ivcu_sensor_conditioning.$proc$/home/venky/final_ivcu_project/RTL_V4/ivcu_sensor_conditioning.v:172$2580'.
     1/1: $0\ch[57].acc[19:0]
Creating decoders for process `\ivcu_sensor_conditioning.$proc$/home/venky/final_ivcu_project/RTL_V4/ivcu_sensor_conditioning.v:172$2571'.
     1/1: $0\ch[56].acc[19:0]
Creating decoders for process `\ivcu_sensor_conditioning.$proc$/home/venky/final_ivcu_project/RTL_V4/ivcu_sensor_conditioning.v:172$2562'.
     1/1: $0\ch[55].acc[19:0]
Creating decoders for process `\ivcu_sensor_conditioning.$proc$/home/venky/final_ivcu_project/RTL_V4/ivcu_sensor_conditioning.v:172$2553'.
     1/1: $0\ch[54].acc[19:0]
Creating decoders for process `\ivcu_sensor_conditioning.$proc$/home/venky/final_ivcu_project/RTL_V4/ivcu_sensor_conditioning.v:172$2544'.
     1/1: $0\ch[53].acc[19:0]
Creating decoders for process `\ivcu_sensor_conditioning.$proc$/home/venky/final_ivcu_project/RTL_V4/ivcu_sensor_conditioning.v:172$2535'.
     1/1: $0\ch[52].acc[19:0]
Creating decoders for process `\ivcu_sensor_conditioning.$proc$/home/venky/final_ivcu_project/RTL_V4/ivcu_sensor_conditioning.v:172$2526'.
     1/1: $0\ch[51].acc[19:0]
Creating decoders for process `\ivcu_sensor_conditioning.$proc$/home/venky/final_ivcu_project/RTL_V4/ivcu_sensor_conditioning.v:172$2517'.
     1/1: $0\ch[50].acc[19:0]
Creating decoders for process `\ivcu_sensor_conditioning.$proc$/home/venky/final_ivcu_project/RTL_V4/ivcu_sensor_conditioning.v:172$2508'.
     1/1: $0\ch[49].acc[19:0]
Creating decoders for process `\ivcu_sensor_conditioning.$proc$/home/venky/final_ivcu_project/RTL_V4/ivcu_sensor_conditioning.v:172$2499'.
     1/1: $0\ch[48].acc[19:0]
Creating decoders for process `\ivcu_sensor_conditioning.$proc$/home/venky/final_ivcu_project/RTL_V4/ivcu_sensor_conditioning.v:172$2490'.
     1/1: $0\ch[47].acc[19:0]
Creating decoders for process `\ivcu_sensor_conditioning.$proc$/home/venky/final_ivcu_project/RTL_V4/ivcu_sensor_conditioning.v:172$2481'.
     1/1: $0\ch[46].acc[19:0]
Creating decoders for process `\ivcu_sensor_conditioning.$proc$/home/venky/final_ivcu_project/RTL_V4/ivcu_sensor_conditioning.v:172$2472'.
     1/1: $0\ch[45].acc[19:0]
Creating decoders for process `\ivcu_sensor_conditioning.$proc$/home/venky/final_ivcu_project/RTL_V4/ivcu_sensor_conditioning.v:172$2463'.
     1/1: $0\ch[44].acc[19:0]
Creating decoders for process `\ivcu_sensor_conditioning.$proc$/home/venky/final_ivcu_project/RTL_V4/ivcu_sensor_conditioning.v:172$2454'.
     1/1: $0\ch[43].acc[19:0]
Creating decoders for process `\ivcu_sensor_conditioning.$proc$/home/venky/final_ivcu_project/RTL_V4/ivcu_sensor_conditioning.v:172$2445'.
     1/1: $0\ch[42].acc[19:0]
Creating decoders for process `\ivcu_sensor_conditioning.$proc$/home/venky/final_ivcu_project/RTL_V4/ivcu_sensor_conditioning.v:172$2436'.
     1/1: $0\ch[41].acc[19:0]
Creating decoders for process `\ivcu_sensor_conditioning.$proc$/home/venky/final_ivcu_project/RTL_V4/ivcu_sensor_conditioning.v:172$2427'.
     1/1: $0\ch[40].acc[19:0]
Creating decoders for process `\ivcu_sensor_conditioning.$proc$/home/venky/final_ivcu_project/RTL_V4/ivcu_sensor_conditioning.v:172$2418'.
     1/1: $0\ch[39].acc[19:0]
Creating decoders for process `\ivcu_sensor_conditioning.$proc$/home/venky/final_ivcu_project/RTL_V4/ivcu_sensor_conditioning.v:172$2409'.
     1/1: $0\ch[38].acc[19:0]
Creating decoders for process `\ivcu_sensor_conditioning.$proc$/home/venky/final_ivcu_project/RTL_V4/ivcu_sensor_conditioning.v:172$2400'.
     1/1: $0\ch[37].acc[19:0]
Creating decoders for process `\ivcu_sensor_conditioning.$proc$/home/venky/final_ivcu_project/RTL_V4/ivcu_sensor_conditioning.v:172$2391'.
     1/1: $0\ch[36].acc[19:0]
Creating decoders for process `\ivcu_sensor_conditioning.$proc$/home/venky/final_ivcu_project/RTL_V4/ivcu_sensor_conditioning.v:172$2382'.
     1/1: $0\ch[35].acc[19:0]
Creating decoders for process `\ivcu_sensor_conditioning.$proc$/home/venky/final_ivcu_project/RTL_V4/ivcu_sensor_conditioning.v:172$2373'.
     1/1: $0\ch[34].acc[19:0]
Creating decoders for process `\ivcu_sensor_conditioning.$proc$/home/venky/final_ivcu_project/RTL_V4/ivcu_sensor_conditioning.v:172$2364'.
     1/1: $0\ch[33].acc[19:0]
Creating decoders for process `\ivcu_sensor_conditioning.$proc$/home/venky/final_ivcu_project/RTL_V4/ivcu_sensor_conditioning.v:172$2355'.
     1/1: $0\ch[32].acc[19:0]
Creating decoders for process `\ivcu_sensor_conditioning.$proc$/home/venky/final_ivcu_project/RTL_V4/ivcu_sensor_conditioning.v:172$2346'.
     1/1: $0\ch[31].acc[19:0]
Creating decoders for process `\ivcu_sensor_conditioning.$proc$/home/venky/final_ivcu_project/RTL_V4/ivcu_sensor_conditioning.v:172$2337'.
     1/1: $0\ch[30].acc[19:0]
Creating decoders for process `\ivcu_sensor_conditioning.$proc$/home/venky/final_ivcu_project/RTL_V4/ivcu_sensor_conditioning.v:172$2328'.
     1/1: $0\ch[29].acc[19:0]
Creating decoders for process `\ivcu_sensor_conditioning.$proc$/home/venky/final_ivcu_project/RTL_V4/ivcu_sensor_conditioning.v:172$2319'.
     1/1: $0\ch[28].acc[19:0]
Creating decoders for process `\ivcu_sensor_conditioning.$proc$/home/venky/final_ivcu_project/RTL_V4/ivcu_sensor_conditioning.v:172$2310'.
     1/1: $0\ch[27].acc[19:0]
Creating decoders for process `\ivcu_sensor_conditioning.$proc$/home/venky/final_ivcu_project/RTL_V4/ivcu_sensor_conditioning.v:172$2301'.
     1/1: $0\ch[26].acc[19:0]
Creating decoders for process `\ivcu_sensor_conditioning.$proc$/home/venky/final_ivcu_project/RTL_V4/ivcu_sensor_conditioning.v:172$2292'.
     1/1: $0\ch[25].acc[19:0]
Creating decoders for process `\ivcu_sensor_conditioning.$proc$/home/venky/final_ivcu_project/RTL_V4/ivcu_sensor_conditioning.v:172$2283'.
     1/1: $0\ch[24].acc[19:0]
Creating decoders for process `\ivcu_sensor_conditioning.$proc$/home/venky/final_ivcu_project/RTL_V4/ivcu_sensor_conditioning.v:172$2274'.
     1/1: $0\ch[23].acc[19:0]
Creating decoders for process `\ivcu_sensor_conditioning.$proc$/home/venky/final_ivcu_project/RTL_V4/ivcu_sensor_conditioning.v:172$2265'.
     1/1: $0\ch[22].acc[19:0]
Creating decoders for process `\ivcu_sensor_conditioning.$proc$/home/venky/final_ivcu_project/RTL_V4/ivcu_sensor_conditioning.v:172$2256'.
     1/1: $0\ch[21].acc[19:0]
Creating decoders for process `\ivcu_sensor_conditioning.$proc$/home/venky/final_ivcu_project/RTL_V4/ivcu_sensor_conditioning.v:172$2247'.
     1/1: $0\ch[20].acc[19:0]
Creating decoders for process `\ivcu_sensor_conditioning.$proc$/home/venky/final_ivcu_project/RTL_V4/ivcu_sensor_conditioning.v:172$2238'.
     1/1: $0\ch[19].acc[19:0]
Creating decoders for process `\ivcu_sensor_conditioning.$proc$/home/venky/final_ivcu_project/RTL_V4/ivcu_sensor_conditioning.v:172$2229'.
     1/1: $0\ch[18].acc[19:0]
Creating decoders for process `\ivcu_sensor_conditioning.$proc$/home/venky/final_ivcu_project/RTL_V4/ivcu_sensor_conditioning.v:172$2220'.
     1/1: $0\ch[17].acc[19:0]
Creating decoders for process `\ivcu_sensor_conditioning.$proc$/home/venky/final_ivcu_project/RTL_V4/ivcu_sensor_conditioning.v:172$2211'.
     1/1: $0\ch[16].acc[19:0]
Creating decoders for process `\ivcu_sensor_conditioning.$proc$/home/venky/final_ivcu_project/RTL_V4/ivcu_sensor_conditioning.v:172$2202'.
     1/1: $0\ch[15].acc[19:0]
Creating decoders for process `\ivcu_sensor_conditioning.$proc$/home/venky/final_ivcu_project/RTL_V4/ivcu_sensor_conditioning.v:172$2193'.
     1/1: $0\ch[14].acc[19:0]
Creating decoders for process `\ivcu_sensor_conditioning.$proc$/home/venky/final_ivcu_project/RTL_V4/ivcu_sensor_conditioning.v:172$2184'.
     1/1: $0\ch[13].acc[19:0]
Creating decoders for process `\ivcu_sensor_conditioning.$proc$/home/venky/final_ivcu_project/RTL_V4/ivcu_sensor_conditioning.v:172$2175'.
     1/1: $0\ch[12].acc[19:0]
Creating decoders for process `\ivcu_sensor_conditioning.$proc$/home/venky/final_ivcu_project/RTL_V4/ivcu_sensor_conditioning.v:172$2166'.
     1/1: $0\ch[11].acc[19:0]
Creating decoders for process `\ivcu_sensor_conditioning.$proc$/home/venky/final_ivcu_project/RTL_V4/ivcu_sensor_conditioning.v:172$2157'.
     1/1: $0\ch[10].acc[19:0]
Creating decoders for process `\ivcu_sensor_conditioning.$proc$/home/venky/final_ivcu_project/RTL_V4/ivcu_sensor_conditioning.v:172$2148'.
     1/1: $0\ch[9].acc[19:0]
Creating decoders for process `\ivcu_sensor_conditioning.$proc$/home/venky/final_ivcu_project/RTL_V4/ivcu_sensor_conditioning.v:172$2139'.
     1/1: $0\ch[8].acc[19:0]
Creating decoders for process `\ivcu_sensor_conditioning.$proc$/home/venky/final_ivcu_project/RTL_V4/ivcu_sensor_conditioning.v:172$2130'.
     1/1: $0\ch[7].acc[19:0]
Creating decoders for process `\ivcu_sensor_conditioning.$proc$/home/venky/final_ivcu_project/RTL_V4/ivcu_sensor_conditioning.v:172$2121'.
     1/1: $0\ch[6].acc[19:0]
Creating decoders for process `\ivcu_sensor_conditioning.$proc$/home/venky/final_ivcu_project/RTL_V4/ivcu_sensor_conditioning.v:172$2112'.
     1/1: $0\ch[5].acc[19:0]
Creating decoders for process `\ivcu_sensor_conditioning.$proc$/home/venky/final_ivcu_project/RTL_V4/ivcu_sensor_conditioning.v:172$2103'.
     1/1: $0\ch[4].acc[19:0]
Creating decoders for process `\ivcu_sensor_conditioning.$proc$/home/venky/final_ivcu_project/RTL_V4/ivcu_sensor_conditioning.v:172$2094'.
     1/1: $0\ch[3].acc[19:0]
Creating decoders for process `\ivcu_sensor_conditioning.$proc$/home/venky/final_ivcu_project/RTL_V4/ivcu_sensor_conditioning.v:172$2085'.
     1/1: $0\ch[2].acc[19:0]
Creating decoders for process `\ivcu_sensor_conditioning.$proc$/home/venky/final_ivcu_project/RTL_V4/ivcu_sensor_conditioning.v:172$2076'.
     1/1: $0\ch[1].acc[19:0]
Creating decoders for process `\ivcu_sensor_conditioning.$proc$/home/venky/final_ivcu_project/RTL_V4/ivcu_sensor_conditioning.v:172$2067'.
     1/1: $0\ch[0].acc[19:0]
Creating decoders for process `\ivcu_sensor_conditioning.$proc$/home/venky/final_ivcu_project/RTL_V4/ivcu_sensor_conditioning.v:193$1867'.
     1/65: $0\sensor_fresh[63:0] [63]
     2/65: $0\sensor_fresh[63:0] [62]
     3/65: $0\sensor_fresh[63:0] [61]
     4/65: $0\sensor_fresh[63:0] [60]
     5/65: $0\sensor_fresh[63:0] [59]
     6/65: $0\sensor_fresh[63:0] [58]
     7/65: $0\sensor_fresh[63:0] [57]
     8/65: $0\sensor_fresh[63:0] [56]
     9/65: $0\sensor_fresh[63:0] [55]
    10/65: $0\sensor_fresh[63:0] [54]
    11/65: $0\sensor_fresh[63:0] [53]
    12/65: $0\sensor_fresh[63:0] [52]
    13/65: $0\sensor_fresh[63:0] [51]
    14/65: $0\sensor_fresh[63:0] [50]
    15/65: $0\sensor_fresh[63:0] [49]
    16/65: $0\sensor_fresh[63:0] [48]
    17/65: $0\sensor_fresh[63:0] [47]
    18/65: $0\sensor_fresh[63:0] [46]
    19/65: $0\sensor_fresh[63:0] [45]
    20/65: $0\sensor_fresh[63:0] [44]
    21/65: $0\sensor_fresh[63:0] [43]
    22/65: $0\sensor_fresh[63:0] [42]
    23/65: $0\sensor_fresh[63:0] [41]
    24/65: $0\sensor_fresh[63:0] [40]
    25/65: $0\sensor_fresh[63:0] [39]
    26/65: $0\sensor_fresh[63:0] [38]
    27/65: $0\sensor_fresh[63:0] [37]
    28/65: $0\sensor_fresh[63:0] [36]
    29/65: $0\sensor_fresh[63:0] [35]
    30/65: $0\sensor_fresh[63:0] [34]
    31/65: $0\sensor_fresh[63:0] [33]
    32/65: $0\sensor_fresh[63:0] [32]
    33/65: $0\sensor_fresh[63:0] [31]
    34/65: $0\sensor_fresh[63:0] [30]
    35/65: $0\sensor_fresh[63:0] [29]
    36/65: $0\sensor_fresh[63:0] [28]
    37/65: $0\sensor_fresh[63:0] [27]
    38/65: $0\sensor_fresh[63:0] [26]
    39/65: $0\sensor_fresh[63:0] [25]
    40/65: $0\sensor_fresh[63:0] [24]
    41/65: $0\sensor_fresh[63:0] [23]
    42/65: $0\sensor_fresh[63:0] [22]
    43/65: $0\sensor_fresh[63:0] [21]
    44/65: $0\sensor_fresh[63:0] [20]
    45/65: $0\sensor_fresh[63:0] [19]
    46/65: $0\sensor_fresh[63:0] [18]
    47/65: $0\sensor_fresh[63:0] [17]
    48/65: $0\sensor_fresh[63:0] [16]
    49/65: $0\sensor_fresh[63:0] [15]
    50/65: $0\sensor_fresh[63:0] [14]
    51/65: $0\sensor_fresh[63:0] [13]
    52/65: $0\sensor_fresh[63:0] [12]
    53/65: $0\sensor_fresh[63:0] [11]
    54/65: $0\sensor_fresh[63:0] [10]
    55/65: $0\sensor_fresh[63:0] [9]
    56/65: $0\sensor_fresh[63:0] [8]
    57/65: $0\sensor_fresh[63:0] [7]
    58/65: $0\sensor_fresh[63:0] [6]
    59/65: $0\sensor_fresh[63:0] [5]
    60/65: $0\sensor_fresh[63:0] [4]
    61/65: $0\sensor_fresh[63:0] [3]
    62/65: $0\sensor_fresh[63:0] [2]
    63/65: $0\sensor_fresh[63:0] [1]
    64/65: $0\sensor_fresh[63:0] [0]
    65/65: $1\j[31:0]
Creating decoders for process `$paramod\ivcu_reset_sync\STAGES=s32'00000000000000000000000000000011.$proc$/home/venky/final_ivcu_project/RTL_V4/ivcu_reset_sync.v:30$7025'.
     1/1: $0\sync_q[2:0]
Creating decoders for process `\ivcu_permit_fsm.$proc$/home/venky/final_ivcu_project/RTL_V4/ivcu_permit_fsm.v:90$1343'.
     1/2: $0\starts_left[2:0]
     2/2: $0\permit_state[1:0]
Creating decoders for process `\ivcu_perception_ai.$proc$/home/venky/final_ivcu_project/RTL_V4/ivcu_perception_ai.v:98$1331'.
Creating decoders for process `\ivcu_perception_ai.$proc$/home/venky/final_ivcu_project/RTL_V4/ivcu_perception_ai.v:97$1324'.
Creating decoders for process `\ivcu_perception_ai.$proc$/home/venky/final_ivcu_project/RTL_V4/ivcu_perception_ai.v:96$1317'.
Creating decoders for process `\ivcu_perception_ai.$proc$/home/venky/final_ivcu_project/RTL_V4/ivcu_perception_ai.v:95$1310'.
Creating decoders for process `\ivcu_perception_ai.$proc$/home/venky/final_ivcu_project/RTL_V4/ivcu_perception_ai.v:94$1303'.
Creating decoders for process `\ivcu_perception_ai.$proc$/home/venky/final_ivcu_project/RTL_V4/ivcu_perception_ai.v:93$1296'.
Creating decoders for process `\ivcu_perception_ai.$proc$/home/venky/final_ivcu_project/RTL_V4/ivcu_perception_ai.v:92$1289'.
Creating decoders for process `\ivcu_perception_ai.$proc$/home/venky/final_ivcu_project/RTL_V4/ivcu_perception_ai.v:120$1285'.
     1/10: $0\perception_degraded[0:0]
     2/10: $0\gps_stale_sweeps[15:0]
     3/10: $0\gps_usable[0:0]
     4/10: $0\feat_collision_warn[0:0]
     5/10: $0\feat_auto_wiper[0:0]
     6/10: $0\feat_auto_headlight[0:0]
     7/10: $0\feat_park_assist[0:0]
     8/10: $0\feat_blind_spot[0:0]
     9/10: $0\feat_adaptive_cruise[0:0]
    10/10: $0\feat_lane_keep[0:0]
Creating decoders for process `\ivcu_motor_ai.$proc$/home/venky/final_ivcu_project/RTL_V4/ivcu_motor_ai.v:105$1244'.
Creating decoders for process `\ivcu_motor_ai.$proc$/home/venky/final_ivcu_project/RTL_V4/ivcu_motor_ai.v:104$1236'.
Creating decoders for process `\ivcu_motor_ai.$proc$/home/venky/final_ivcu_project/RTL_V4/ivcu_motor_ai.v:103$1228'.
Creating decoders for process `\ivcu_motor_ai.$proc$/home/venky/final_ivcu_project/RTL_V4/ivcu_motor_ai.v:153$1179'.
     1/32: $5\derate$func$/home/venky/final_ivcu_project/RTL_V4/ivcu_motor_ai.v:171$1151.$result[7:0]$1225
     2/32: $4\derate$func$/home/venky/final_ivcu_project/RTL_V4/ivcu_motor_ai.v:171$1151.$result[7:0]$1222
     3/32: $3\derate$func$/home/venky/final_ivcu_project/RTL_V4/ivcu_motor_ai.v:171$1151.$result[7:0]$1219
     4/32: $2\derate$func$/home/venky/final_ivcu_project/RTL_V4/ivcu_motor_ai.v:171$1151.$result[7:0]$1203
     5/32: $2\derate$func$/home/venky/final_ivcu_project/RTL_V4/ivcu_motor_ai.v:171$1151.ocurw[0:0]$1213
     6/32: $2\derate$func$/home/venky/final_ivcu_project/RTL_V4/ivcu_motor_ai.v:171$1151.iwarm[0:0]$1212
     7/32: $2\derate$func$/home/venky/final_ivcu_project/RTL_V4/ivcu_motor_ai.v:171$1151.mwarm[0:0]$1211
     8/32: $2\derate$func$/home/venky/final_ivcu_project/RTL_V4/ivcu_motor_ai.v:171$1151.ospd[0:0]$1210
     9/32: $2\derate$func$/home/venky/final_ivcu_project/RTL_V4/ivcu_motor_ai.v:171$1151.ihot[0:0]$1209
    10/32: $2\derate$func$/home/venky/final_ivcu_project/RTL_V4/ivcu_motor_ai.v:171$1151.mhot[0:0]$1208
    11/32: $2\derate$func$/home/venky/final_ivcu_project/RTL_V4/ivcu_motor_ai.v:171$1151.ocur[0:0]$1207
    12/32: $2\derate$func$/home/venky/final_ivcu_project/RTL_V4/ivcu_motor_ai.v:171$1151.icrit[0:0]$1206
    13/32: $2\derate$func$/home/venky/final_ivcu_project/RTL_V4/ivcu_motor_ai.v:171$1151.mcrit[0:0]$1205
    14/32: $2\derate$func$/home/venky/final_ivcu_project/RTL_V4/ivcu_motor_ai.v:171$1151.lost[0:0]$1204
    15/32: $1\derate$func$/home/venky/final_ivcu_project/RTL_V4/ivcu_motor_ai.v:171$1151.ocurw[0:0]$1202
    16/32: $1\derate$func$/home/venky/final_ivcu_project/RTL_V4/ivcu_motor_ai.v:171$1151.iwarm[0:0]$1201
    17/32: $1\derate$func$/home/venky/final_ivcu_project/RTL_V4/ivcu_motor_ai.v:171$1151.mwarm[0:0]$1200
    18/32: $1\derate$func$/home/venky/final_ivcu_project/RTL_V4/ivcu_motor_ai.v:171$1151.ospd[0:0]$1199
    19/32: $1\derate$func$/home/venky/final_ivcu_project/RTL_V4/ivcu_motor_ai.v:171$1151.ihot[0:0]$1198
    20/32: $1\derate$func$/home/venky/final_ivcu_project/RTL_V4/ivcu_motor_ai.v:171$1151.mhot[0:0]$1197
    21/32: $1\derate$func$/home/venky/final_ivcu_project/RTL_V4/ivcu_motor_ai.v:171$1151.ocur[0:0]$1196
    22/32: $1\derate$func$/home/venky/final_ivcu_project/RTL_V4/ivcu_motor_ai.v:171$1151.icrit[0:0]$1195
    23/32: $1\derate$func$/home/venky/final_ivcu_project/RTL_V4/ivcu_motor_ai.v:171$1151.mcrit[0:0]$1194
    24/32: $1\derate$func$/home/venky/final_ivcu_project/RTL_V4/ivcu_motor_ai.v:171$1151.lost[0:0]$1193
    25/32: $1\derate$func$/home/venky/final_ivcu_project/RTL_V4/ivcu_motor_ai.v:171$1151.$result[7:0]$1192
    26/32: $0\overcurrent[0:0]
    27/32: $0\overspeed[0:0]
    28/32: $0\inverter_hot[0:0]
    29/32: $0\motor_hot[0:0]
    30/32: $0\regen_inhibit[0:0]
    31/32: $0\motor_inhibit[0:0]
    32/32: $0\torque_limit_pct[7:0]
Creating decoders for process `\ivcu_mode_manager.$proc$/home/venky/final_ivcu_project/RTL_V4/ivcu_mode_manager.v:111$1146'.
     1/2: $0\afe_power[63:0]
     2/2: $0\sensor_enable[63:0]
Creating decoders for process `\ivcu_mode_arbiter.$proc$/home/venky/final_ivcu_project/RTL_V4/ivcu_mode_arbiter.v:116$1136'.
Creating decoders for process `\ivcu_mode_arbiter.$proc$/home/venky/final_ivcu_project/RTL_V4/ivcu_mode_arbiter.v:115$1129'.
Creating decoders for process `\ivcu_mode_arbiter.$proc$/home/venky/final_ivcu_project/RTL_V4/ivcu_mode_arbiter.v:114$1122'.
Creating decoders for process `\ivcu_mode_arbiter.$proc$/home/venky/final_ivcu_project/RTL_V4/ivcu_mode_arbiter.v:113$1115'.
Creating decoders for process `\ivcu_mode_arbiter.$proc$/home/venky/final_ivcu_project/RTL_V4/ivcu_mode_arbiter.v:112$1108'.
Creating decoders for process `\ivcu_mode_arbiter.$proc$/home/venky/final_ivcu_project/RTL_V4/ivcu_mode_arbiter.v:111$1101'.
Creating decoders for process `\ivcu_mode_arbiter.$proc$/home/venky/final_ivcu_project/RTL_V4/ivcu_mode_arbiter.v:110$1094'.
Creating decoders for process `\ivcu_mode_arbiter.$proc$/home/venky/final_ivcu_project/RTL_V4/ivcu_mode_arbiter.v:109$1087'.
Creating decoders for process `\ivcu_mode_arbiter.$proc$/home/venky/final_ivcu_project/RTL_V4/ivcu_mode_arbiter.v:108$1080'.
Creating decoders for process `\ivcu_mode_arbiter.$proc$/home/venky/final_ivcu_project/RTL_V4/ivcu_mode_arbiter.v:107$1073'.
Creating decoders for process `\ivcu_mode_arbiter.$proc$/home/venky/final_ivcu_project/RTL_V4/ivcu_mode_arbiter.v:151$1046'.
     1/5: $0\agree_cnt[3:0]
     2/5: $0\last_verdict[1:0]
     3/5: $0\detect_sweeps[7:0]
     4/5: $0\mode_resolved[0:0]
     5/5: $0\active_mode[1:0]
Creating decoders for process `\ivcu_ignition_counter.$proc$/home/venky/final_ivcu_project/RTL_V4/ivcu_ignition_counter.v:61$989'.
     1/5: $0\dbnc[19:0]
     2/5: $0\ign_prev[0:0]
     3/5: $0\ign_cycle[0:0]
     4/5: $0\ignition_stable[0:0]
     5/5: $0\ign_lifetime[31:0]
Creating decoders for process `\ivcu_hv_sense_sync.$proc$/home/venky/final_ivcu_project/RTL_V4/ivcu_hv_sense_sync.v:156$987'.
     1/17: $0\q_valid[0:0]
     2/17: $0\q_dead[14:0]
     3/17: $0\q_accel_lat[15:0]
     4/17: $0\q_accel_long[15:0]
     5/17: $0\q_tip[15:0]
     6/17: $0\q_crash_s[15:0]
     7/17: $0\q_crash_f[15:0]
     8/17: $0\q_encl_p[15:0]
     9/17: $0\q_cell_tmax[15:0]
    10/17: $0\q_dc_i[15:0]
    11/17: $0\q_pack_v[15:0]
    12/17: $0\q_fb_neg[15:0]
    13/17: $0\q_fb_pos[15:0]
    14/17: $0\q_pre_v[15:0]
    15/17: $0\q_bus_v[15:0]
    16/17: $0\q_iso[15:0]
    17/17: $0\q_hvil[15:0]
Creating decoders for process `\ivcu_hv_sense_sync.$proc$/home/venky/final_ivcu_project/RTL_V4/ivcu_hv_sense_sync.v:148$985'.
     1/1: $0\tsync_q[2:0]
Creating decoders for process `\ivcu_hv_sense_sync.$proc$/home/venky/final_ivcu_project/RTL_V4/ivcu_hv_sense_sync.v:99$981'.
     1/17: $0\h_dead[14:0]
     2/17: $0\h_accel_lat[15:0]
     3/17: $0\h_accel_long[15:0]
     4/17: $0\h_tip[15:0]
     5/17: $0\h_crash_s[15:0]
     6/17: $0\h_crash_f[15:0]
     7/17: $0\h_encl_p[15:0]
     8/17: $0\h_cell_tmax[15:0]
     9/17: $0\h_dc_i[15:0]
    10/17: $0\h_pack_v[15:0]
    11/17: $0\h_fb_neg[15:0]
    12/17: $0\h_fb_pos[15:0]
    13/17: $0\h_pre_v[15:0]
    14/17: $0\h_bus_v[15:0]
    15/17: $0\h_iso[15:0]
    16/17: $0\h_hvil[15:0]
    17/17: $0\toggle_q[0:0]
Creating decoders for process `\ivcu_hv_pyro_trigger.$proc$/home/venky/final_ivcu_project/RTL_V4/ivcu_hv_pyro_trigger.v:92$969'.
     1/5: $0\cnt[16:0]
     2/5: $0\pyro_fuse_fire[0:0]
     3/5: $0\pyro_fuse_arm[0:0]
     4/5: $0\pyro_fired[0:0]
     5/5: $0\state[2:0]
Creating decoders for process `\ivcu_hv_monitors.$proc$/home/venky/final_ivcu_project/RTL_V4/ivcu_hv_monitors.v:127$959'.
     1/5: $0\iso_ok[0:0]
     2/5: $0\iso_flt_cnt[16:0]
     3/5: $0\iso_warn_cnt[16:0]
     4/5: $0\iso_fault[0:0]
     5/5: $0\iso_warn[0:0]
Creating decoders for process `\ivcu_hv_monitors.$proc$/home/venky/final_ivcu_project/RTL_V4/ivcu_hv_monitors.v:91$952'.
     1/3: $0\hvil_cnt[16:0]
     2/3: $0\hvil_degraded[0:0]
     3/3: $0\hvil_ok[0:0]
Creating decoders for process `\ivcu_hv_crash_detect.$proc$/home/venky/final_ivcu_project/RTL_V4/ivcu_hv_crash_detect.v:107$941'.
Creating decoders for process `\ivcu_hv_crash_detect.$proc$/home/venky/final_ivcu_project/RTL_V4/ivcu_hv_crash_detect.v:106$933'.
Creating decoders for process `\ivcu_hv_crash_detect.$proc$/home/venky/final_ivcu_project/RTL_V4/ivcu_hv_crash_detect.v:153$897'.
     1/17: $3\mag$func$/home/venky/final_ivcu_project/RTL_V4/ivcu_hv_crash_detect.v:194$867.$result[15:0]$921
     2/17: $3\mag$func$/home/venky/final_ivcu_project/RTL_V4/ivcu_hv_crash_detect.v:194$867.v[15:0]$922
     3/17: $3\mag$func$/home/venky/final_ivcu_project/RTL_V4/ivcu_hv_crash_detect.v:193$866.$result[15:0]$919
     4/17: $3\mag$func$/home/venky/final_ivcu_project/RTL_V4/ivcu_hv_crash_detect.v:193$866.v[15:0]$920
     5/17: $2\mag$func$/home/venky/final_ivcu_project/RTL_V4/ivcu_hv_crash_detect.v:194$867.v[15:0]$912
     6/17: $2\mag$func$/home/venky/final_ivcu_project/RTL_V4/ivcu_hv_crash_detect.v:194$867.$result[15:0]$911
     7/17: $2\mag$func$/home/venky/final_ivcu_project/RTL_V4/ivcu_hv_crash_detect.v:193$866.v[15:0]$910
     8/17: $2\mag$func$/home/venky/final_ivcu_project/RTL_V4/ivcu_hv_crash_detect.v:193$866.$result[15:0]$909
     9/17: $1\mag$func$/home/venky/final_ivcu_project/RTL_V4/ivcu_hv_crash_detect.v:194$867.v[15:0]$906
    10/17: $1\mag$func$/home/venky/final_ivcu_project/RTL_V4/ivcu_hv_crash_detect.v:194$867.$result[15:0]$905
    11/17: $1\mag$func$/home/venky/final_ivcu_project/RTL_V4/ivcu_hv_crash_detect.v:193$866.v[15:0]$904
    12/17: $1\mag$func$/home/venky/final_ivcu_project/RTL_V4/ivcu_hv_crash_detect.v:193$866.$result[15:0]$903
    13/17: $0\crash_direction[2:0]
    14/17: $0\crash_peak_lat[15:0]
    15/17: $0\crash_peak_long[15:0]
    16/17: $0\crash_pyro[0:0]
    17/17: $0\crash_latched[0:0]
Creating decoders for process `\ivcu_hv_contactor_ctrl.$proc$/home/venky/final_ivcu_project/RTL_V4/ivcu_hv_contactor_ctrl.v:183$828'.
     1/9: $0\hv_isolated[0:0]
     2/9: $0\dis_cmd[0:0]
     3/9: $0\pre_cmd[0:0]
     4/9: $0\neg_cmd[0:0]
     5/9: $0\pos_cmd[0:0]
     6/9: $0\tmr[24:0]
     7/9: $0\hv_fault_code[3:0]
     8/9: $0\state[2:0]
     9/9: $0\torque_inhibit[0:0]
Creating decoders for process `\ivcu_hv_contactor_ctrl.$proc$/home/venky/final_ivcu_project/RTL_V4/ivcu_hv_contactor_ctrl.v:162$816'.
     1/2: $0\weld_fault[0:0]
     2/2: $0\weld_cnt[24:0]
Creating decoders for process `\ivcu_health_scorer.$proc$/home/venky/final_ivcu_project/RTL_V4/ivcu_health_scorer.v:181$789'.
     1/1: $1$mem2reg_rd$\acc$/home/venky/final_ivcu_project/RTL_V4/ivcu_health_scorer.v:181$588_DATA[8:0]$791
Creating decoders for process `\ivcu_health_scorer.$proc$/home/venky/final_ivcu_project/RTL_V4/ivcu_health_scorer.v:179$786'.
     1/1: $1$mem2reg_rd$\acc$/home/venky/final_ivcu_project/RTL_V4/ivcu_health_scorer.v:179$587_DATA[8:0]$788
Creating decoders for process `\ivcu_health_scorer.$proc$/home/venky/final_ivcu_project/RTL_V4/ivcu_health_scorer.v:173$781'.
     1/1: $1\weight_shift$func$/home/venky/final_ivcu_project/RTL_V4/ivcu_health_scorer.v:173$586.$result[1:0]$785
Creating decoders for process `\ivcu_health_scorer.$proc$/home/venky/final_ivcu_project/RTL_V4/ivcu_health_scorer.v:172$776'.
     1/1: $1\severity_of$func$/home/venky/final_ivcu_project/RTL_V4/ivcu_health_scorer.v:172$585.$result[3:0]$780
Creating decoders for process `\ivcu_health_scorer.$proc$/home/venky/final_ivcu_project/RTL_V4/ivcu_health_scorer.v:171$758'.
     1/7: $7\domain_of$func$/home/venky/final_ivcu_project/RTL_V4/ivcu_health_scorer.v:171$584.$result[2:0]$775
     2/7: $6\domain_of$func$/home/venky/final_ivcu_project/RTL_V4/ivcu_health_scorer.v:171$584.$result[2:0]$773
     3/7: $5\domain_of$func$/home/venky/final_ivcu_project/RTL_V4/ivcu_health_scorer.v:171$584.$result[2:0]$771
     4/7: $4\domain_of$func$/home/venky/final_ivcu_project/RTL_V4/ivcu_health_scorer.v:171$584.$result[2:0]$769
     5/7: $3\domain_of$func$/home/venky/final_ivcu_project/RTL_V4/ivcu_health_scorer.v:171$584.$result[2:0]$767
     6/7: $2\domain_of$func$/home/venky/final_ivcu_project/RTL_V4/ivcu_health_scorer.v:171$584.$result[2:0]$765
     7/7: $1\domain_of$func$/home/venky/final_ivcu_project/RTL_V4/ivcu_health_scorer.v:171$584.$result[2:0]$763
Creating decoders for process `\ivcu_health_scorer.$proc$/home/venky/final_ivcu_project/RTL_V4/ivcu_health_scorer.v:203$605'.
     1/89: $6\band_of$func$/home/venky/final_ivcu_project/RTL_V4/ivcu_health_scorer.v:287$583.$result[3:0]$757
     2/89: $5\band_of$func$/home/venky/final_ivcu_project/RTL_V4/ivcu_health_scorer.v:287$583.$result[3:0]$755
     3/89: $4\band_of$func$/home/venky/final_ivcu_project/RTL_V4/ivcu_health_scorer.v:287$583.$result[3:0]$753
     4/89: $3\band_of$func$/home/venky/final_ivcu_project/RTL_V4/ivcu_health_scorer.v:287$583.$result[3:0]$751
     5/89: $6\band_of$func$/home/venky/final_ivcu_project/RTL_V4/ivcu_health_scorer.v:285$582.$result[3:0]$746
     6/89: $5\band_of$func$/home/venky/final_ivcu_project/RTL_V4/ivcu_health_scorer.v:285$582.$result[3:0]$744
     7/89: $4\band_of$func$/home/venky/final_ivcu_project/RTL_V4/ivcu_health_scorer.v:285$582.$result[3:0]$742
     8/89: $3\band_of$func$/home/venky/final_ivcu_project/RTL_V4/ivcu_health_scorer.v:285$582.$result[3:0]$740
     9/89: $6\band_of$func$/home/venky/final_ivcu_project/RTL_V4/ivcu_health_scorer.v:283$581.$result[3:0]$735
    10/89: $5\band_of$func$/home/venky/final_ivcu_project/RTL_V4/ivcu_health_scorer.v:283$581.$result[3:0]$733
    11/89: $4\band_of$func$/home/venky/final_ivcu_project/RTL_V4/ivcu_health_scorer.v:283$581.$result[3:0]$731
    12/89: $3\band_of$func$/home/venky/final_ivcu_project/RTL_V4/ivcu_health_scorer.v:283$581.$result[3:0]$729
    13/89: $6\band_of$func$/home/venky/final_ivcu_project/RTL_V4/ivcu_health_scorer.v:281$580.$result[3:0]$724
    14/89: $5\band_of$func$/home/venky/final_ivcu_project/RTL_V4/ivcu_health_scorer.v:281$580.$result[3:0]$722
    15/89: $4\band_of$func$/home/venky/final_ivcu_project/RTL_V4/ivcu_health_scorer.v:281$580.$result[3:0]$720
    16/89: $3\band_of$func$/home/venky/final_ivcu_project/RTL_V4/ivcu_health_scorer.v:281$580.$result[3:0]$718
    17/89: $6\band_of$func$/home/venky/final_ivcu_project/RTL_V4/ivcu_health_scorer.v:279$579.$result[3:0]$713
    18/89: $5\band_of$func$/home/venky/final_ivcu_project/RTL_V4/ivcu_health_scorer.v:279$579.$result[3:0]$711
    19/89: $4\band_of$func$/home/venky/final_ivcu_project/RTL_V4/ivcu_health_scorer.v:279$579.$result[3:0]$709
    20/89: $3\band_of$func$/home/venky/final_ivcu_project/RTL_V4/ivcu_health_scorer.v:279$579.$result[3:0]$707
    21/89: $6\band_of$func$/home/venky/final_ivcu_project/RTL_V4/ivcu_health_scorer.v:277$578.$result[3:0]$702
    22/89: $5\band_of$func$/home/venky/final_ivcu_project/RTL_V4/ivcu_health_scorer.v:277$578.$result[3:0]$700
    23/89: $4\band_of$func$/home/venky/final_ivcu_project/RTL_V4/ivcu_health_scorer.v:277$578.$result[3:0]$698
    24/89: $3\band_of$func$/home/venky/final_ivcu_project/RTL_V4/ivcu_health_scorer.v:277$578.$result[3:0]$696
    25/89: $6\band_of$func$/home/venky/final_ivcu_project/RTL_V4/ivcu_health_scorer.v:275$577.$result[3:0]$691
    26/89: $5\band_of$func$/home/venky/final_ivcu_project/RTL_V4/ivcu_health_scorer.v:275$577.$result[3:0]$689
    27/89: $4\band_of$func$/home/venky/final_ivcu_project/RTL_V4/ivcu_health_scorer.v:275$577.$result[3:0]$687
    28/89: $3\band_of$func$/home/venky/final_ivcu_project/RTL_V4/ivcu_health_scorer.v:275$577.$result[3:0]$685
    29/89: $3\d[31:0]
    30/89: $2\d[31:0]
    31/89: $2$mem2reg_wr$\acc$/home/venky/final_ivcu_project/RTL_V4/ivcu_health_scorer.v:243$589_DATA[8:0]$654
    32/89: $2$mem2reg_wr$\acc$/home/venky/final_ivcu_project/RTL_V4/ivcu_health_scorer.v:243$589_ADDR[2:0]$653
    33/89: $2\band_of$func$/home/venky/final_ivcu_project/RTL_V4/ivcu_health_scorer.v:287$583.sc[7:0]$652
    34/89: $2\band_of$func$/home/venky/final_ivcu_project/RTL_V4/ivcu_health_scorer.v:287$583.$result[3:0]$651
    35/89: $2\band_of$func$/home/venky/final_ivcu_project/RTL_V4/ivcu_health_scorer.v:285$582.sc[7:0]$650
    36/89: $2\band_of$func$/home/venky/final_ivcu_project/RTL_V4/ivcu_health_scorer.v:285$582.$result[3:0]$649
    37/89: $2\band_of$func$/home/venky/final_ivcu_project/RTL_V4/ivcu_health_scorer.v:283$581.sc[7:0]$648
    38/89: $2\band_of$func$/home/venky/final_ivcu_project/RTL_V4/ivcu_health_scorer.v:283$581.$result[3:0]$647
    39/89: $2\band_of$func$/home/venky/final_ivcu_project/RTL_V4/ivcu_health_scorer.v:281$580.sc[7:0]$646
    40/89: $2\band_of$func$/home/venky/final_ivcu_project/RTL_V4/ivcu_health_scorer.v:281$580.$result[3:0]$645
    41/89: $2\band_of$func$/home/venky/final_ivcu_project/RTL_V4/ivcu_health_scorer.v:279$579.sc[7:0]$644
    42/89: $2\band_of$func$/home/venky/final_ivcu_project/RTL_V4/ivcu_health_scorer.v:279$579.$result[3:0]$643
    43/89: $2\band_of$func$/home/venky/final_ivcu_project/RTL_V4/ivcu_health_scorer.v:277$578.sc[7:0]$642
    44/89: $2\band_of$func$/home/venky/final_ivcu_project/RTL_V4/ivcu_health_scorer.v:277$578.$result[3:0]$641
    45/89: $2\band_of$func$/home/venky/final_ivcu_project/RTL_V4/ivcu_health_scorer.v:275$577.sc[7:0]$640
    46/89: $2\band_of$func$/home/venky/final_ivcu_project/RTL_V4/ivcu_health_scorer.v:275$577.$result[3:0]$639
    47/89: $1$mem2reg_wr$\acc$/home/venky/final_ivcu_project/RTL_V4/ivcu_health_scorer.v:243$589_DATA[8:0]$638
    48/89: $1$mem2reg_wr$\acc$/home/venky/final_ivcu_project/RTL_V4/ivcu_health_scorer.v:243$589_ADDR[2:0]$637
    49/89: $1\band_of$func$/home/venky/final_ivcu_project/RTL_V4/ivcu_health_scorer.v:287$583.sc[7:0]$636
    50/89: $1\band_of$func$/home/venky/final_ivcu_project/RTL_V4/ivcu_health_scorer.v:287$583.$result[3:0]$635
    51/89: $1\band_of$func$/home/venky/final_ivcu_project/RTL_V4/ivcu_health_scorer.v:285$582.sc[7:0]$634
    52/89: $1\band_of$func$/home/venky/final_ivcu_project/RTL_V4/ivcu_health_scorer.v:285$582.$result[3:0]$633
    53/89: $1\band_of$func$/home/venky/final_ivcu_project/RTL_V4/ivcu_health_scorer.v:283$581.sc[7:0]$632
    54/89: $1\band_of$func$/home/venky/final_ivcu_project/RTL_V4/ivcu_health_scorer.v:283$581.$result[3:0]$631
    55/89: $1\band_of$func$/home/venky/final_ivcu_project/RTL_V4/ivcu_health_scorer.v:281$580.sc[7:0]$630
    56/89: $1\band_of$func$/home/venky/final_ivcu_project/RTL_V4/ivcu_health_scorer.v:281$580.$result[3:0]$629
    57/89: $1\band_of$func$/home/venky/final_ivcu_project/RTL_V4/ivcu_health_scorer.v:279$579.sc[7:0]$628
    58/89: $1\band_of$func$/home/venky/final_ivcu_project/RTL_V4/ivcu_health_scorer.v:279$579.$result[3:0]$627
    59/89: $1\band_of$func$/home/venky/final_ivcu_project/RTL_V4/ivcu_health_scorer.v:277$578.sc[7:0]$626
    60/89: $1\band_of$func$/home/venky/final_ivcu_project/RTL_V4/ivcu_health_scorer.v:277$578.$result[3:0]$625
    61/89: $1\band_of$func$/home/venky/final_ivcu_project/RTL_V4/ivcu_health_scorer.v:275$577.sc[7:0]$624
    62/89: $1\band_of$func$/home/venky/final_ivcu_project/RTL_V4/ivcu_health_scorer.v:275$577.$result[3:0]$623
    63/89: $1\d[31:0]
    64/89: $0\score_valid[0:0]
    65/89: $0\acc[6][8:0]
    66/89: $0\acc[5][8:0]
    67/89: $0\acc[4][8:0]
    68/89: $0\acc[3][8:0]
    69/89: $0\acc[2][8:0]
    70/89: $0\acc[1][8:0]
    71/89: $0\acc[0][8:0]
    72/89: $0\acc_sys[8:0]
    73/89: $0\idx[6:0]
    74/89: $0\status_perception[3:0]
    75/89: $0\status_safety[3:0]
    76/89: $0\status_driver[3:0]
    77/89: $0\status_dynamics[3:0]
    78/89: $0\status_thermal[3:0]
    79/89: $0\status_motor[3:0]
    80/89: $0\status_battery[3:0]
    81/89: $0\system_health_score[7:0]
    82/89: $0\score_perception[7:0]
    83/89: $0\score_safety[7:0]
    84/89: $0\score_driver[7:0]
    85/89: $0\score_dynamics[7:0]
    86/89: $0\score_thermal[7:0]
    87/89: $0\score_motor[7:0]
    88/89: $0\score_battery[7:0]
    89/89: $0\state[1:0]
Creating decoders for process `\ivcu_hazard_blinker.$proc$/home/venky/final_ivcu_project/RTL_V4/ivcu_hazard_blinker.v:56$566'.
     1/2: $0\timer[21:0]
     2/2: $0\hazard_out[0:0]
Creating decoders for process `\ivcu_gps_receiver.$proc$/home/venky/final_ivcu_project/RTL_V4/ivcu_gps_receiver.v:95$548'.
     1/13: $0\ms_div[13:0]
     2/13: $0\csum[7:0]
     3/13: $0\status_b[7:0]
     4/13: $0\lon_sh[31:0]
     5/13: $0\lat_sh[31:0]
     6/13: $0\bidx[3:0]
     7/13: $0\frame_err_count[7:0]
     8/13: $0\gps_lon[31:0]
     9/13: $0\gps_lat[31:0]
    10/13: $0\gps_sats[3:0]
    11/13: $0\gps_fix_current[0:0]
    12/13: $0\fix_age_ms[15:0]
    13/13: $0\gps_fix_valid[0:0]
Creating decoders for process `\ivcu_fault_logger.$proc$/home/venky/final_ivcu_project/RTL_V4/ivcu_fault_logger.v:188$527'.
     1/13: $1$lookahead\fault_shadow$526[63:0]$532
     2/13: $1$bitselwrite$pos$/home/venky/final_ivcu_project/RTL_V4/ivcu_fault_logger.v:211$474[5:0]$531
     3/13: $0\scan_idx[6:0]
     4/13: $0\mode_prev[1:0]
     5/13: $0\iso_prev[0:0]
     6/13: $0\runaway_prev[0:0]
     7/13: $0\expire_prev[0:0]
     8/13: $0\grant_prev[0:0]
     9/13: $0\pyro_prev[0:0]
    10/13: $0\hv_prev[3:0]
    11/13: $0\crash_prev[0:0]
    12/13: $0\log_wrap_count[7:0]
    13/13: $0\log_wr_ptr[8:0]
Creating decoders for process `\ivcu_fault_logger.$proc$/home/venky/final_ivcu_project/RTL_V4/ivcu_fault_logger.v:98$475'.
     1/2: $0\tick_div[22:0]
     2/2: $0\timestamp[18:0]
Creating decoders for process `\ivcu_emergency_response.$proc$/home/venky/final_ivcu_project/RTL_V4/ivcu_emergency_response.v:107$436'.
     1/2: $0\crash_prev[0:0]
     2/2: $0\speed_at_impact[7:0]
Creating decoders for process `\ivcu_dynamics_ai.$proc$/home/venky/final_ivcu_project/RTL_V4/ivcu_dynamics_ai.v:136$429'.
Creating decoders for process `\ivcu_dynamics_ai.$proc$/home/venky/final_ivcu_project/RTL_V4/ivcu_dynamics_ai.v:135$422'.
Creating decoders for process `\ivcu_dynamics_ai.$proc$/home/venky/final_ivcu_project/RTL_V4/ivcu_dynamics_ai.v:134$415'.
Creating decoders for process `\ivcu_dynamics_ai.$proc$/home/venky/final_ivcu_project/RTL_V4/ivcu_dynamics_ai.v:169$392'.
     1/13: $2\rmag$func$/home/venky/final_ivcu_project/RTL_V4/ivcu_dynamics_ai.v:184$370.$result[15:0]$398
     2/13: $2\rmag$func$/home/venky/final_ivcu_project/RTL_V4/ivcu_dynamics_ai.v:184$370.v[15:0]$399
     3/13: $1\rmag$func$/home/venky/final_ivcu_project/RTL_V4/ivcu_dynamics_ai.v:184$370.v[15:0]$397
     4/13: $1\rmag$func$/home/venky/final_ivcu_project/RTL_V4/ivcu_dynamics_ai.v:184$370.$result[15:0]$396
     5/13: $0\lean_acc[19:0]
     6/13: $0\still_cnt[19:0]
     7/13: $0\wheel_locked[0:0]
     8/13: $0\yaw_excessive[0:0]
     9/13: $0\lean_estimate[7:0]
    10/13: $0\braking[0:0]
    11/13: $0\vehicle_stationary[0:0]
    12/13: $0\vehicle_moving[0:0]
    13/13: $0\vehicle_speed_kph[7:0]
Creating decoders for process `\ivcu_driver_input_ai.$proc$/home/venky/final_ivcu_project/RTL_V4/ivcu_driver_input_ai.v:142$360'.
     1/7: $0\gear_engaged[0:0]
     2/7: $0\stand_down[0:0]
     3/7: $0\brake_override[0:0]
     4/7: $0\throttle_fault[0:0]
     5/7: $0\rider_present[0:0]
     6/7: $0\regen_request[11:0]
     7/7: $0\torque_request[11:0]
Creating decoders for process `\ivcu_crash_severity.$proc$/home/venky/final_ivcu_project/RTL_V4/ivcu_crash_severity.v:96$340'.
Creating decoders for process `\ivcu_crash_severity.$proc$/home/venky/final_ivcu_project/RTL_V4/ivcu_crash_severity.v:95$332'.
Creating decoders for process `\ivcu_crash_severity.$proc$/home/venky/final_ivcu_project/RTL_V4/ivcu_crash_severity.v:152$315'.
     1/15: $0\sos_route[2:0] [2]
     2/15: $0\sos_route[2:0] [1:0]
     3/15: $4\route_of$func$/home/venky/final_ivcu_project/RTL_V4/ivcu_crash_severity.v:175$272.$result[2:0]$328
     4/15: $4\route_of$func$/home/venky/final_ivcu_project/RTL_V4/ivcu_crash_severity.v:175$272.sev[2:0]$329
     5/15: $3\route_of$func$/home/venky/final_ivcu_project/RTL_V4/ivcu_crash_severity.v:175$272.sev[2:0]$326
     6/15: $3\route_of$func$/home/venky/final_ivcu_project/RTL_V4/ivcu_crash_severity.v:175$272.$result[2:0]$325
     7/15: $2\route_of$func$/home/venky/final_ivcu_project/RTL_V4/ivcu_crash_severity.v:175$272.sev[2:0]$324
     8/15: $2\route_of$func$/home/venky/final_ivcu_project/RTL_V4/ivcu_crash_severity.v:175$272.$result[2:0]$323
     9/15: $1\route_of$func$/home/venky/final_ivcu_project/RTL_V4/ivcu_crash_severity.v:175$272.sev[2:0]$320
    10/15: $1\route_of$func$/home/venky/final_ivcu_project/RTL_V4/ivcu_crash_severity.v:175$272.$result[2:0]$319
    11/15: $0\severity_valid[0:0]
    12/15: $0\occupant_count[2:0]
    13/15: $0\battery_incident[0:0]
    14/15: $5\route_of$func$/home/venky/final_ivcu_project/RTL_V4/ivcu_crash_severity.v:175$272.$result[2:0]$330
    15/15: $0\crash_severity[2:0]
Creating decoders for process `\ivcu_central_safety_fsm.$proc$/home/venky/final_ivcu_project/RTL_V4/ivcu_central_safety_fsm.v:168$239'.
     1/5: $0\inhibit_reason[3:0]
     2/5: $0\warn_latched[0:0]
     3/5: $0\hv_request[0:0]
     4/5: $0\safety_state[2:0]
     5/5: $0\vehicle_enable[0:0]
Creating decoders for process `\ivcu_cdc_pulse_sync.$proc$/home/venky/final_ivcu_project/RTL_V4/ivcu_cdc_pulse_sync.v:51$212'.
     1/2: $0\pulse_dst[0:0]
     2/2: $0\tsync_q[2:0]
Creating decoders for process `\ivcu_cdc_pulse_sync.$proc$/home/venky/final_ivcu_project/RTL_V4/ivcu_cdc_pulse_sync.v:41$209'.
     1/1: $0\toggle_q[0:0]
Creating decoders for process `$paramod\ivcu_cdc_bit_sync\STAGES=s32'00000000000000000000000000000010\RESET_VAL=1'1.$proc$/home/venky/final_ivcu_project/RTL_V4/ivcu_cdc_bit_sync.v:35$7023'.
     1/1: $0\meta_q[1:0]
Creating decoders for process `$paramod\ivcu_cdc_bit_sync\STAGES=s32'00000000000000000000000000000010\RESET_VAL=1'0.$proc$/home/venky/final_ivcu_project/RTL_V4/ivcu_cdc_bit_sync.v:35$7021'.
     1/1: $0\meta_q[1:0]
Creating decoders for process `\ivcu_battery_ai.$proc$/home/venky/final_ivcu_project/RTL_V4/ivcu_battery_ai.v:155$155'.
     1/31: $7\derate$func$/home/venky/final_ivcu_project/RTL_V4/ivcu_battery_ai.v:186$132.$result[7:0]$198
     2/31: $6\derate$func$/home/venky/final_ivcu_project/RTL_V4/ivcu_battery_ai.v:186$132.$result[7:0]$197
     3/31: $5\derate$func$/home/venky/final_ivcu_project/RTL_V4/ivcu_battery_ai.v:186$132.$result[7:0]$196
     4/31: $4\derate$func$/home/venky/final_ivcu_project/RTL_V4/ivcu_battery_ai.v:186$132.$result[7:0]$195
     5/31: $3\derate$func$/home/venky/final_ivcu_project/RTL_V4/ivcu_battery_ai.v:186$132.$result[7:0]$193
     6/31: $2\derate$func$/home/venky/final_ivcu_project/RTL_V4/ivcu_battery_ai.v:186$132.$result[7:0]$175
     7/31: $2\derate$func$/home/venky/final_ivcu_project/RTL_V4/ivcu_battery_ai.v:186$132.worn[0:0]$183
     8/31: $2\derate$func$/home/venky/final_ivcu_project/RTL_V4/ivcu_battery_ai.v:186$132.soclow[0:0]$182
     9/31: $2\derate$func$/home/venky/final_ivcu_project/RTL_V4/ivcu_battery_ai.v:186$132.warm[0:0]$181
    10/31: $2\derate$func$/home/venky/final_ivcu_project/RTL_V4/ivcu_battery_ai.v:186$132.soccrit[0:0]$180
    11/31: $2\derate$func$/home/venky/final_ivcu_project/RTL_V4/ivcu_battery_ai.v:186$132.hot[0:0]$179
    12/31: $2\derate$func$/home/venky/final_ivcu_project/RTL_V4/ivcu_battery_ai.v:186$132.cellempty[0:0]$178
    13/31: $2\derate$func$/home/venky/final_ivcu_project/RTL_V4/ivcu_battery_ai.v:186$132.vent[0:0]$177
    14/31: $2\derate$func$/home/venky/final_ivcu_project/RTL_V4/ivcu_battery_ai.v:186$132.crit[0:0]$176
    15/31: $1\derate$func$/home/venky/final_ivcu_project/RTL_V4/ivcu_battery_ai.v:186$132.worn[0:0]$174
    16/31: $1\derate$func$/home/venky/final_ivcu_project/RTL_V4/ivcu_battery_ai.v:186$132.soclow[0:0]$173
    17/31: $1\derate$func$/home/venky/final_ivcu_project/RTL_V4/ivcu_battery_ai.v:186$132.warm[0:0]$172
    18/31: $1\derate$func$/home/venky/final_ivcu_project/RTL_V4/ivcu_battery_ai.v:186$132.soccrit[0:0]$171
    19/31: $1\derate$func$/home/venky/final_ivcu_project/RTL_V4/ivcu_battery_ai.v:186$132.hot[0:0]$170
    20/31: $1\derate$func$/home/venky/final_ivcu_project/RTL_V4/ivcu_battery_ai.v:186$132.cellempty[0:0]$169
    21/31: $1\derate$func$/home/venky/final_ivcu_project/RTL_V4/ivcu_battery_ai.v:186$132.vent[0:0]$168
    22/31: $1\derate$func$/home/venky/final_ivcu_project/RTL_V4/ivcu_battery_ai.v:186$132.crit[0:0]$167
    23/31: $1\derate$func$/home/venky/final_ivcu_project/RTL_V4/ivcu_battery_ai.v:186$132.$result[7:0]$166
    24/31: $0\power_limit_pct[7:0]
    25/31: $0\batt_worn[0:0]
    26/31: $0\batt_low_soc[0:0]
    27/31: $0\batt_hot[0:0]
    28/31: $0\batt_cold[0:0]
    29/31: $0\thermal_runaway_alarm[0:0]
    30/31: $0\charge_inhibit[0:0]
    31/31: $0\discharge_inhibit[0:0]
Creating decoders for process `\ivcu_apb_regs.$proc$/home/venky/final_ivcu_project/RTL_V4/ivcu_apb_regs.v:226$125'.
     1/1: $0\prdata[31:0]
Creating decoders for process `\ivcu_apb_regs.$proc$/home/venky/final_ivcu_project/RTL_V4/ivcu_apb_regs.v:154$110'.
     1/6: $0\pslverr[0:0]
     2/6: $0\mode_req_valid[0:0]
     3/6: $0\service_clear[0:0]
     4/6: $0\mode_req[1:0]
     5/6: $0\log_rd_addr[8:0]
     6/6: $0\log_rd_en[0:0]
Creating decoders for process `\ivcu_afe_serializer.$proc$/home/venky/final_ivcu_project/RTL_V4/ivcu_afe_serializer.v:68$90'.
     1/9: $0\afe_latch[0:0]
     2/9: $0\phase[1:0]
     3/9: $0\bitcnt[6:0]
     4/9: $0\shreg[63:0]
     5/9: $0\shadow[63:0]
     6/9: $0\afe_busy[0:0]
     7/9: $0\afe_sdata[0:0]
     8/9: $0\afe_sclk[0:0]
     9/9: $0\state[1:0]
Creating decoders for process `\ivcu_adc_scan_sequencer.$proc$/home/venky/final_ivcu_project/RTL_V4/ivcu_adc_scan_sequencer.v:89$81'.
     1/10: $0\sweep_done[0:0]
     2/10: $0\samp_timeout[0:0]
     3/10: $0\samp_valid[0:0]
     4/10: $0\adc_req[0:0]
     5/10: $0\tmo[7:0]
     6/10: $0\ptr[5:0]
     7/10: $0\state[1:0]
     8/10: $0\samp_data[15:0]
     9/10: $0\samp_chan[5:0]
    10/10: $0\adc_chan[5:0]
Creating decoders for process `\ivcu_actuator_output_mgr.$proc$/home/venky/final_ivcu_project/RTL_V4/ivcu_actuator_output_mgr.v:162$72'.
Creating decoders for process `\ivcu_actuator_output_mgr.$proc$/home/venky/final_ivcu_project/RTL_V4/ivcu_actuator_output_mgr.v:162$65'.
Creating decoders for process `\ivcu_actuator_output_mgr.$proc$/home/venky/final_ivcu_project/RTL_V4/ivcu_actuator_output_mgr.v:143$53'.
     1/4: $4\cap_of$func$/home/venky/final_ivcu_project/RTL_V4/ivcu_actuator_output_mgr.v:143$6.$result[11:0]$64
     2/4: $3\cap_of$func$/home/venky/final_ivcu_project/RTL_V4/ivcu_actuator_output_mgr.v:143$6.$result[11:0]$62
     3/4: $2\cap_of$func$/home/venky/final_ivcu_project/RTL_V4/ivcu_actuator_output_mgr.v:143$6.$result[11:0]$60
     4/4: $1\cap_of$func$/home/venky/final_ivcu_project/RTL_V4/ivcu_actuator_output_mgr.v:143$6.$result[11:0]$58
Creating decoders for process `\ivcu_actuator_output_mgr.$proc$/home/venky/final_ivcu_project/RTL_V4/ivcu_actuator_output_mgr.v:142$46'.
Creating decoders for process `\ivcu_actuator_output_mgr.$proc$/home/venky/final_ivcu_project/RTL_V4/ivcu_actuator_output_mgr.v:169$22'.
     1/13: $0\belt_pretension[1:0]
     2/13: $0\airbag_trigger[3:0]
     3/13: $0\headlight_en[0:0]
     4/13: $0\horn_en[0:0]
     5/13: $0\door_unlock[0:0]
     6/13: $0\cooling_fan_pwm[7:0]
     7/13: $0\cooling_pump_pwm[7:0]
     8/13: $0\charge_enable[0:0]
     9/13: $0\regen_cmd[11:0]
    10/13: $0\power_derate_pct[7:0]
    11/13: $0\motor_enable[0:0]
    12/13: $0\torque_cmd[11:0]
    13/13: $0\airbag_deployed[0:0]

44.8. Executing PROC_DLATCH pass (convert process syncs to latches).
No latch inferred for signal `\ivcu_serviceability_mgr.\bp_onehot[7]' from process `\ivcu_serviceability_mgr.$proc$/home/venky/final_ivcu_project/RTL_V4/ivcu_serviceability_mgr.v:204$6948'.
No latch inferred for signal `\ivcu_serviceability_mgr.\bp_onehot[6]' from process `\ivcu_serviceability_mgr.$proc$/home/venky/final_ivcu_project/RTL_V4/ivcu_serviceability_mgr.v:204$6946'.
No latch inferred for signal `\ivcu_serviceability_mgr.\bp_onehot[5]' from process `\ivcu_serviceability_mgr.$proc$/home/venky/final_ivcu_project/RTL_V4/ivcu_serviceability_mgr.v:204$6944'.
No latch inferred for signal `\ivcu_serviceability_mgr.\bp_onehot[4]' from process `\ivcu_serviceability_mgr.$proc$/home/venky/final_ivcu_project/RTL_V4/ivcu_serviceability_mgr.v:204$6942'.
No latch inferred for signal `\ivcu_serviceability_mgr.\bp_onehot[3]' from process `\ivcu_serviceability_mgr.$proc$/home/venky/final_ivcu_project/RTL_V4/ivcu_serviceability_mgr.v:204$6940'.
No latch inferred for signal `\ivcu_serviceability_mgr.\bp_onehot[2]' from process `\ivcu_serviceability_mgr.$proc$/home/venky/final_ivcu_project/RTL_V4/ivcu_serviceability_mgr.v:204$6938'.
No latch inferred for signal `\ivcu_serviceability_mgr.\bp_onehot[1]' from process `\ivcu_serviceability_mgr.$proc$/home/venky/final_ivcu_project/RTL_V4/ivcu_serviceability_mgr.v:204$6936'.
No latch inferred for signal `\ivcu_serviceability_mgr.\bp_onehot[0]' from process `\ivcu_serviceability_mgr.$proc$/home/venky/final_ivcu_project/RTL_V4/ivcu_serviceability_mgr.v:204$6934'.
No latch inferred for signal `\ivcu_service_guidance.\priority_of$func$/home/venky/final_ivcu_project/RTL_V4/ivcu_service_guidance.v:187$6812.$result' from process `\ivcu_service_guidance.$proc$/home/venky/final_ivcu_project/RTL_V4/ivcu_service_guidance.v:187$6880'.
No latch inferred for signal `\ivcu_service_guidance.\priority_of$func$/home/venky/final_ivcu_project/RTL_V4/ivcu_service_guidance.v:187$6815.$result' from process `\ivcu_service_guidance.$proc$/home/venky/final_ivcu_project/RTL_V4/ivcu_service_guidance.v:187$6880'.
No latch inferred for signal `\ivcu_service_guidance.\priority_of$func$/home/venky/final_ivcu_project/RTL_V4/ivcu_service_guidance.v:187$6815.status' from process `\ivcu_service_guidance.$proc$/home/venky/final_ivcu_project/RTL_V4/ivcu_service_guidance.v:187$6880'.
No latch inferred for signal `\ivcu_service_guidance.\priority_of$func$/home/venky/final_ivcu_project/RTL_V4/ivcu_service_guidance.v:187$6815.attr' from process `\ivcu_service_guidance.$proc$/home/venky/final_ivcu_project/RTL_V4/ivcu_service_guidance.v:187$6880'.
No latch inferred for signal `\ivcu_service_guidance.\priority_of$func$/home/venky/final_ivcu_project/RTL_V4/ivcu_service_guidance.v:187$6815.live' from process `\ivcu_service_guidance.$proc$/home/venky/final_ivcu_project/RTL_V4/ivcu_service_guidance.v:187$6880'.
No latch inferred for signal `\ivcu_service_guidance.\permit_slot$func$/home/venky/final_ivcu_project/RTL_V4/ivcu_service_guidance.v:177$6811.$result' from process `\ivcu_service_guidance.$proc$/home/venky/final_ivcu_project/RTL_V4/ivcu_service_guidance.v:177$6875'.
No latch inferred for signal `\ivcu_service_guidance.\permit_slot$func$/home/venky/final_ivcu_project/RTL_V4/ivcu_service_guidance.v:177$6814.$result' from process `\ivcu_service_guidance.$proc$/home/venky/final_ivcu_project/RTL_V4/ivcu_service_guidance.v:177$6875'.
No latch inferred for signal `\ivcu_service_guidance.\permit_slot$func$/home/venky/final_ivcu_project/RTL_V4/ivcu_service_guidance.v:177$6814.c' from process `\ivcu_service_guidance.$proc$/home/venky/final_ivcu_project/RTL_V4/ivcu_service_guidance.v:177$6875'.
No latch inferred for signal `\ivcu_sensor_plausibility.\absdiff$func$/home/venky/final_ivcu_project/RTL_V4/ivcu_sensor_plausibility.v:187$6617.$result' from process `\ivcu_sensor_plausibility.$proc$/home/venky/final_ivcu_project/RTL_V4/ivcu_sensor_plausibility.v:187$6802'.
No latch inferred for signal `\ivcu_sensor_plausibility.\absdiff$func$/home/venky/final_ivcu_project/RTL_V4/ivcu_sensor_plausibility.v:187$6628.$result' from process `\ivcu_sensor_plausibility.$proc$/home/venky/final_ivcu_project/RTL_V4/ivcu_sensor_plausibility.v:187$6802'.
No latch inferred for signal `\ivcu_sensor_plausibility.\absdiff$func$/home/venky/final_ivcu_project/RTL_V4/ivcu_sensor_plausibility.v:187$6628.a' from process `\ivcu_sensor_plausibility.$proc$/home/venky/final_ivcu_project/RTL_V4/ivcu_sensor_plausibility.v:187$6802'.
No latch inferred for signal `\ivcu_sensor_plausibility.\absdiff$func$/home/venky/final_ivcu_project/RTL_V4/ivcu_sensor_plausibility.v:187$6628.b' from process `\ivcu_sensor_plausibility.$proc$/home/venky/final_ivcu_project/RTL_V4/ivcu_sensor_plausibility.v:187$6802'.
No latch inferred for signal `\ivcu_sensor_plausibility.\pair_live$func$/home/venky/final_ivcu_project/RTL_V4/ivcu_sensor_plausibility.v:184$6616.$result' from process `\ivcu_sensor_plausibility.$proc$/home/venky/final_ivcu_project/RTL_V4/ivcu_sensor_plausibility.v:184$6792'.
No latch inferred for signal `\ivcu_sensor_plausibility.\pair_live$func$/home/venky/final_ivcu_project/RTL_V4/ivcu_sensor_plausibility.v:184$6627.$result' from process `\ivcu_sensor_plausibility.$proc$/home/venky/final_ivcu_project/RTL_V4/ivcu_sensor_plausibility.v:184$6792'.
No latch inferred for signal `\ivcu_sensor_plausibility.\pair_live$func$/home/venky/final_ivcu_project/RTL_V4/ivcu_sensor_plausibility.v:184$6627.ea' from process `\ivcu_sensor_plausibility.$proc$/home/venky/final_ivcu_project/RTL_V4/ivcu_sensor_plausibility.v:184$6792'.
No latch inferred for signal `\ivcu_sensor_plausibility.\pair_live$func$/home/venky/final_ivcu_project/RTL_V4/ivcu_sensor_plausibility.v:184$6627.fa' from process `\ivcu_sensor_plausibility.$proc$/home/venky/final_ivcu_project/RTL_V4/ivcu_sensor_plausibility.v:184$6792'.
No latch inferred for signal `\ivcu_sensor_plausibility.\pair_live$func$/home/venky/final_ivcu_project/RTL_V4/ivcu_sensor_plausibility.v:184$6627.eb' from process `\ivcu_sensor_plausibility.$proc$/home/venky/final_ivcu_project/RTL_V4/ivcu_sensor_plausibility.v:184$6792'.
No latch inferred for signal `\ivcu_sensor_plausibility.\pair_live$func$/home/venky/final_ivcu_project/RTL_V4/ivcu_sensor_plausibility.v:184$6627.fb' from process `\ivcu_sensor_plausibility.$proc$/home/venky/final_ivcu_project/RTL_V4/ivcu_sensor_plausibility.v:184$6792'.
No latch inferred for signal `\ivcu_sensor_plausibility.\absdiff$func$/home/venky/final_ivcu_project/RTL_V4/ivcu_sensor_plausibility.v:181$6615.$result' from process `\ivcu_sensor_plausibility.$proc$/home/venky/final_ivcu_project/RTL_V4/ivcu_sensor_plausibility.v:181$6783'.
No latch inferred for signal `\ivcu_sensor_plausibility.\absdiff$func$/home/venky/final_ivcu_project/RTL_V4/ivcu_sensor_plausibility.v:181$6626.$result' from process `\ivcu_sensor_plausibility.$proc$/home/venky/final_ivcu_project/RTL_V4/ivcu_sensor_plausibility.v:181$6783'.
No latch inferred for signal `\ivcu_sensor_plausibility.\absdiff$func$/home/venky/final_ivcu_project/RTL_V4/ivcu_sensor_plausibility.v:181$6626.a' from process `\ivcu_sensor_plausibility.$proc$/home/venky/final_ivcu_project/RTL_V4/ivcu_sensor_plausibility.v:181$6783'.
No latch inferred for signal `\ivcu_sensor_plausibility.\absdiff$func$/home/venky/final_ivcu_project/RTL_V4/ivcu_sensor_plausibility.v:181$6626.b' from process `\ivcu_sensor_plausibility.$proc$/home/venky/final_ivcu_project/RTL_V4/ivcu_sensor_plausibility.v:181$6783'.
No latch inferred for signal `\ivcu_sensor_plausibility.\pair_live$func$/home/venky/final_ivcu_project/RTL_V4/ivcu_sensor_plausibility.v:178$6614.$result' from process `\ivcu_sensor_plausibility.$proc$/home/venky/final_ivcu_project/RTL_V4/ivcu_sensor_plausibility.v:178$6773'.
No latch inferred for signal `\ivcu_sensor_plausibility.\pair_live$func$/home/venky/final_ivcu_project/RTL_V4/ivcu_sensor_plausibility.v:178$6625.$result' from process `\ivcu_sensor_plausibility.$proc$/home/venky/final_ivcu_project/RTL_V4/ivcu_sensor_plausibility.v:178$6773'.
No latch inferred for signal `\ivcu_sensor_plausibility.\pair_live$func$/home/venky/final_ivcu_project/RTL_V4/ivcu_sensor_plausibility.v:178$6625.ea' from process `\ivcu_sensor_plausibility.$proc$/home/venky/final_ivcu_project/RTL_V4/ivcu_sensor_plausibility.v:178$6773'.
No latch inferred for signal `\ivcu_sensor_plausibility.\pair_live$func$/home/venky/final_ivcu_project/RTL_V4/ivcu_sensor_plausibility.v:178$6625.fa' from process `\ivcu_sensor_plausibility.$proc$/home/venky/final_ivcu_project/RTL_V4/ivcu_sensor_plausibility.v:178$6773'.
No latch inferred for signal `\ivcu_sensor_plausibility.\pair_live$func$/home/venky/final_ivcu_project/RTL_V4/ivcu_sensor_plausibility.v:178$6625.eb' from process `\ivcu_sensor_plausibility.$proc$/home/venky/final_ivcu_project/RTL_V4/ivcu_sensor_plausibility.v:178$6773'.
No latch inferred for signal `\ivcu_sensor_plausibility.\pair_live$func$/home/venky/final_ivcu_project/RTL_V4/ivcu_sensor_plausibility.v:178$6625.fb' from process `\ivcu_sensor_plausibility.$proc$/home/venky/final_ivcu_project/RTL_V4/ivcu_sensor_plausibility.v:178$6773'.
No latch inferred for signal `\ivcu_sensor_plausibility.\pair_live$func$/home/venky/final_ivcu_project/RTL_V4/ivcu_sensor_plausibility.v:172$6613.$result' from process `\ivcu_sensor_plausibility.$proc$/home/venky/final_ivcu_project/RTL_V4/ivcu_sensor_plausibility.v:172$6763'.
No latch inferred for signal `\ivcu_sensor_plausibility.\pair_live$func$/home/venky/final_ivcu_project/RTL_V4/ivcu_sensor_plausibility.v:172$6624.$result' from process `\ivcu_sensor_plausibility.$proc$/home/venky/final_ivcu_project/RTL_V4/ivcu_sensor_plausibility.v:172$6763'.
No latch inferred for signal `\ivcu_sensor_plausibility.\pair_live$func$/home/venky/final_ivcu_project/RTL_V4/ivcu_sensor_plausibility.v:172$6624.ea' from process `\ivcu_sensor_plausibility.$proc$/home/venky/final_ivcu_project/RTL_V4/ivcu_sensor_plausibility.v:172$6763'.
No latch inferred for signal `\ivcu_sensor_plausibility.\pair_live$func$/home/venky/final_ivcu_project/RTL_V4/ivcu_sensor_plausibility.v:172$6624.fa' from process `\ivcu_sensor_plausibility.$proc$/home/venky/final_ivcu_project/RTL_V4/ivcu_sensor_plausibility.v:172$6763'.
No latch inferred for signal `\ivcu_sensor_plausibility.\pair_live$func$/home/venky/final_ivcu_project/RTL_V4/ivcu_sensor_plausibility.v:172$6624.eb' from process `\ivcu_sensor_plausibility.$proc$/home/venky/final_ivcu_project/RTL_V4/ivcu_sensor_plausibility.v:172$6763'.
No latch inferred for signal `\ivcu_sensor_plausibility.\pair_live$func$/home/venky/final_ivcu_project/RTL_V4/ivcu_sensor_plausibility.v:172$6624.fb' from process `\ivcu_sensor_plausibility.$proc$/home/venky/final_ivcu_project/RTL_V4/ivcu_sensor_plausibility.v:172$6763'.
No latch inferred for signal `\ivcu_sensor_plausibility.\pair_live$func$/home/venky/final_ivcu_project/RTL_V4/ivcu_sensor_plausibility.v:160$6612.$result' from process `\ivcu_sensor_plausibility.$proc$/home/venky/final_ivcu_project/RTL_V4/ivcu_sensor_plausibility.v:160$6753'.
No latch inferred for signal `\ivcu_sensor_plausibility.\pair_live$func$/home/venky/final_ivcu_project/RTL_V4/ivcu_sensor_plausibility.v:160$6623.$result' from process `\ivcu_sensor_plausibility.$proc$/home/venky/final_ivcu_project/RTL_V4/ivcu_sensor_plausibility.v:160$6753'.
No latch inferred for signal `\ivcu_sensor_plausibility.\pair_live$func$/home/venky/final_ivcu_project/RTL_V4/ivcu_sensor_plausibility.v:160$6623.ea' from process `\ivcu_sensor_plausibility.$proc$/home/venky/final_ivcu_project/RTL_V4/ivcu_sensor_plausibility.v:160$6753'.
No latch inferred for signal `\ivcu_sensor_plausibility.\pair_live$func$/home/venky/final_ivcu_project/RTL_V4/ivcu_sensor_plausibility.v:160$6623.fa' from process `\ivcu_sensor_plausibility.$proc$/home/venky/final_ivcu_project/RTL_V4/ivcu_sensor_plausibility.v:160$6753'.
No latch inferred for signal `\ivcu_sensor_plausibility.\pair_live$func$/home/venky/final_ivcu_project/RTL_V4/ivcu_sensor_plausibility.v:160$6623.eb' from process `\ivcu_sensor_plausibility.$proc$/home/venky/final_ivcu_project/RTL_V4/ivcu_sensor_plausibility.v:160$6753'.
No latch inferred for signal `\ivcu_sensor_plausibility.\pair_live$func$/home/venky/final_ivcu_project/RTL_V4/ivcu_sensor_plausibility.v:160$6623.fb' from process `\ivcu_sensor_plausibility.$proc$/home/venky/final_ivcu_project/RTL_V4/ivcu_sensor_plausibility.v:160$6753'.
No latch inferred for signal `\ivcu_sensor_plausibility.\absdiff$func$/home/venky/final_ivcu_project/RTL_V4/ivcu_sensor_plausibility.v:157$6611.$result' from process `\ivcu_sensor_plausibility.$proc$/home/venky/final_ivcu_project/RTL_V4/ivcu_sensor_plausibility.v:157$6744'.
No latch inferred for signal `\ivcu_sensor_plausibility.\absdiff$func$/home/venky/final_ivcu_project/RTL_V4/ivcu_sensor_plausibility.v:157$6622.$result' from process `\ivcu_sensor_plausibility.$proc$/home/venky/final_ivcu_project/RTL_V4/ivcu_sensor_plausibility.v:157$6744'.
No latch inferred for signal `\ivcu_sensor_plausibility.\absdiff$func$/home/venky/final_ivcu_project/RTL_V4/ivcu_sensor_plausibility.v:157$6622.a' from process `\ivcu_sensor_plausibility.$proc$/home/venky/final_ivcu_project/RTL_V4/ivcu_sensor_plausibility.v:157$6744'.
No latch inferred for signal `\ivcu_sensor_plausibility.\absdiff$func$/home/venky/final_ivcu_project/RTL_V4/ivcu_sensor_plausibility.v:157$6622.b' from process `\ivcu_sensor_plausibility.$proc$/home/venky/final_ivcu_project/RTL_V4/ivcu_sensor_plausibility.v:157$6744'.
No latch inferred for signal `\ivcu_sensor_plausibility.\pair_live$func$/home/venky/final_ivcu_project/RTL_V4/ivcu_sensor_plausibility.v:155$6610.$result' from process `\ivcu_sensor_plausibility.$proc$/home/venky/final_ivcu_project/RTL_V4/ivcu_sensor_plausibility.v:155$6734'.
No latch inferred for signal `\ivcu_sensor_plausibility.\pair_live$func$/home/venky/final_ivcu_project/RTL_V4/ivcu_sensor_plausibility.v:155$6621.$result' from process `\ivcu_sensor_plausibility.$proc$/home/venky/final_ivcu_project/RTL_V4/ivcu_sensor_plausibility.v:155$6734'.
No latch inferred for signal `\ivcu_sensor_plausibility.\pair_live$func$/home/venky/final_ivcu_project/RTL_V4/ivcu_sensor_plausibility.v:155$6621.ea' from process `\ivcu_sensor_plausibility.$proc$/home/venky/final_ivcu_project/RTL_V4/ivcu_sensor_plausibility.v:155$6734'.
No latch inferred for signal `\ivcu_sensor_plausibility.\pair_live$func$/home/venky/final_ivcu_project/RTL_V4/ivcu_sensor_plausibility.v:155$6621.fa' from process `\ivcu_sensor_plausibility.$proc$/home/venky/final_ivcu_project/RTL_V4/ivcu_sensor_plausibility.v:155$6734'.
No latch inferred for signal `\ivcu_sensor_plausibility.\pair_live$func$/home/venky/final_ivcu_project/RTL_V4/ivcu_sensor_plausibility.v:155$6621.eb' from process `\ivcu_sensor_plausibility.$proc$/home/venky/final_ivcu_project/RTL_V4/ivcu_sensor_plausibility.v:155$6734'.
No latch inferred for signal `\ivcu_sensor_plausibility.\pair_live$func$/home/venky/final_ivcu_project/RTL_V4/ivcu_sensor_plausibility.v:155$6621.fb' from process `\ivcu_sensor_plausibility.$proc$/home/venky/final_ivcu_project/RTL_V4/ivcu_sensor_plausibility.v:155$6734'.
No latch inferred for signal `\ivcu_sensor_plausibility.\pair_live$func$/home/venky/final_ivcu_project/RTL_V4/ivcu_sensor_plausibility.v:148$6609.$result' from process `\ivcu_sensor_plausibility.$proc$/home/venky/final_ivcu_project/RTL_V4/ivcu_sensor_plausibility.v:148$6724'.
No latch inferred for signal `\ivcu_sensor_plausibility.\pair_live$func$/home/venky/final_ivcu_project/RTL_V4/ivcu_sensor_plausibility.v:148$6620.$result' from process `\ivcu_sensor_plausibility.$proc$/home/venky/final_ivcu_project/RTL_V4/ivcu_sensor_plausibility.v:148$6724'.
No latch inferred for signal `\ivcu_sensor_plausibility.\pair_live$func$/home/venky/final_ivcu_project/RTL_V4/ivcu_sensor_plausibility.v:148$6620.ea' from process `\ivcu_sensor_plausibility.$proc$/home/venky/final_ivcu_project/RTL_V4/ivcu_sensor_plausibility.v:148$6724'.
No latch inferred for signal `\ivcu_sensor_plausibility.\pair_live$func$/home/venky/final_ivcu_project/RTL_V4/ivcu_sensor_plausibility.v:148$6620.fa' from process `\ivcu_sensor_plausibility.$proc$/home/venky/final_ivcu_project/RTL_V4/ivcu_sensor_plausibility.v:148$6724'.
No latch inferred for signal `\ivcu_sensor_plausibility.\pair_live$func$/home/venky/final_ivcu_project/RTL_V4/ivcu_sensor_plausibility.v:148$6620.eb' from process `\ivcu_sensor_plausibility.$proc$/home/venky/final_ivcu_project/RTL_V4/ivcu_sensor_plausibility.v:148$6724'.
No latch inferred for signal `\ivcu_sensor_plausibility.\pair_live$func$/home/venky/final_ivcu_project/RTL_V4/ivcu_sensor_plausibility.v:148$6620.fb' from process `\ivcu_sensor_plausibility.$proc$/home/venky/final_ivcu_project/RTL_V4/ivcu_sensor_plausibility.v:148$6724'.
No latch inferred for signal `\ivcu_sensor_plausibility.\absdiff$func$/home/venky/final_ivcu_project/RTL_V4/ivcu_sensor_plausibility.v:145$6608.$result' from process `\ivcu_sensor_plausibility.$proc$/home/venky/final_ivcu_project/RTL_V4/ivcu_sensor_plausibility.v:145$6716'.
No latch inferred for signal `\ivcu_sensor_plausibility.\absdiff$func$/home/venky/final_ivcu_project/RTL_V4/ivcu_sensor_plausibility.v:145$6619.$result' from process `\ivcu_sensor_plausibility.$proc$/home/venky/final_ivcu_project/RTL_V4/ivcu_sensor_plausibility.v:145$6716'.
No latch inferred for signal `\ivcu_sensor_plausibility.\absdiff$func$/home/venky/final_ivcu_project/RTL_V4/ivcu_sensor_plausibility.v:145$6619.a' from process `\ivcu_sensor_plausibility.$proc$/home/venky/final_ivcu_project/RTL_V4/ivcu_sensor_plausibility.v:145$6716'.
No latch inferred for signal `\ivcu_sensor_plausibility.\pair_live$func$/home/venky/final_ivcu_project/RTL_V4/ivcu_sensor_plausibility.v:141$6607.$result' from process `\ivcu_sensor_plausibility.$proc$/home/venky/final_ivcu_project/RTL_V4/ivcu_sensor_plausibility.v:141$6706'.
No latch inferred for signal `\ivcu_sensor_plausibility.\pair_live$func$/home/venky/final_ivcu_project/RTL_V4/ivcu_sensor_plausibility.v:141$6618.$result' from process `\ivcu_sensor_plausibility.$proc$/home/venky/final_ivcu_project/RTL_V4/ivcu_sensor_plausibility.v:141$6706'.
No latch inferred for signal `\ivcu_sensor_plausibility.\pair_live$func$/home/venky/final_ivcu_project/RTL_V4/ivcu_sensor_plausibility.v:141$6618.ea' from process `\ivcu_sensor_plausibility.$proc$/home/venky/final_ivcu_project/RTL_V4/ivcu_sensor_plausibility.v:141$6706'.
No latch inferred for signal `\ivcu_sensor_plausibility.\pair_live$func$/home/venky/final_ivcu_project/RTL_V4/ivcu_sensor_plausibility.v:141$6618.fa' from process `\ivcu_sensor_plausibility.$proc$/home/venky/final_ivcu_project/RTL_V4/ivcu_sensor_plausibility.v:141$6706'.
No latch inferred for signal `\ivcu_sensor_plausibility.\pair_live$func$/home/venky/final_ivcu_project/RTL_V4/ivcu_sensor_plausibility.v:141$6618.eb' from process `\ivcu_sensor_plausibility.$proc$/home/venky/final_ivcu_project/RTL_V4/ivcu_sensor_plausibility.v:141$6706'.
No latch inferred for signal `\ivcu_sensor_plausibility.\pair_live$func$/home/venky/final_ivcu_project/RTL_V4/ivcu_sensor_plausibility.v:141$6618.fb' from process `\ivcu_sensor_plausibility.$proc$/home/venky/final_ivcu_project/RTL_V4/ivcu_sensor_plausibility.v:141$6706'.
No latch inferred for signal `\ivcu_perception_ai.\healthy$func$/home/venky/final_ivcu_project/RTL_V4/ivcu_perception_ai.v:98$1258.$result' from process `\ivcu_perception_ai.$proc$/home/venky/final_ivcu_project/RTL_V4/ivcu_perception_ai.v:98$1331'.
No latch inferred for signal `\ivcu_perception_ai.\healthy$func$/home/venky/final_ivcu_project/RTL_V4/ivcu_perception_ai.v:98$1265.$result' from process `\ivcu_perception_ai.$proc$/home/venky/final_ivcu_project/RTL_V4/ivcu_perception_ai.v:98$1331'.
No latch inferred for signal `\ivcu_perception_ai.\healthy$func$/home/venky/final_ivcu_project/RTL_V4/ivcu_perception_ai.v:98$1265.s' from process `\ivcu_perception_ai.$proc$/home/venky/final_ivcu_project/RTL_V4/ivcu_perception_ai.v:98$1331'.
No latch inferred for signal `\ivcu_perception_ai.\healthy$func$/home/venky/final_ivcu_project/RTL_V4/ivcu_perception_ai.v:97$1257.$result' from process `\ivcu_perception_ai.$proc$/home/venky/final_ivcu_project/RTL_V4/ivcu_perception_ai.v:97$1324'.
No latch inferred for signal `\ivcu_perception_ai.\healthy$func$/home/venky/final_ivcu_project/RTL_V4/ivcu_perception_ai.v:97$1264.$result' from process `\ivcu_perception_ai.$proc$/home/venky/final_ivcu_project/RTL_V4/ivcu_perception_ai.v:97$1324'.
No latch inferred for signal `\ivcu_perception_ai.\healthy$func$/home/venky/final_ivcu_project/RTL_V4/ivcu_perception_ai.v:97$1264.s' from process `\ivcu_perception_ai.$proc$/home/venky/final_ivcu_project/RTL_V4/ivcu_perception_ai.v:97$1324'.
No latch inferred for signal `\ivcu_perception_ai.\healthy$func$/home/venky/final_ivcu_project/RTL_V4/ivcu_perception_ai.v:96$1256.$result' from process `\ivcu_perception_ai.$proc$/home/venky/final_ivcu_project/RTL_V4/ivcu_perception_ai.v:96$1317'.
No latch inferred for signal `\ivcu_perception_ai.\healthy$func$/home/venky/final_ivcu_project/RTL_V4/ivcu_perception_ai.v:96$1263.$result' from process `\ivcu_perception_ai.$proc$/home/venky/final_ivcu_project/RTL_V4/ivcu_perception_ai.v:96$1317'.
No latch inferred for signal `\ivcu_perception_ai.\healthy$func$/home/venky/final_ivcu_project/RTL_V4/ivcu_perception_ai.v:96$1263.s' from process `\ivcu_perception_ai.$proc$/home/venky/final_ivcu_project/RTL_V4/ivcu_perception_ai.v:96$1317'.
No latch inferred for signal `\ivcu_perception_ai.\healthy$func$/home/venky/final_ivcu_project/RTL_V4/ivcu_perception_ai.v:95$1255.$result' from process `\ivcu_perception_ai.$proc$/home/venky/final_ivcu_project/RTL_V4/ivcu_perception_ai.v:95$1310'.
No latch inferred for signal `\ivcu_perception_ai.\healthy$func$/home/venky/final_ivcu_project/RTL_V4/ivcu_perception_ai.v:95$1262.$result' from process `\ivcu_perception_ai.$proc$/home/venky/final_ivcu_project/RTL_V4/ivcu_perception_ai.v:95$1310'.
No latch inferred for signal `\ivcu_perception_ai.\healthy$func$/home/venky/final_ivcu_project/RTL_V4/ivcu_perception_ai.v:95$1262.s' from process `\ivcu_perception_ai.$proc$/home/venky/final_ivcu_project/RTL_V4/ivcu_perception_ai.v:95$1310'.
No latch inferred for signal `\ivcu_perception_ai.\healthy$func$/home/venky/final_ivcu_project/RTL_V4/ivcu_perception_ai.v:94$1254.$result' from process `\ivcu_perception_ai.$proc$/home/venky/final_ivcu_project/RTL_V4/ivcu_perception_ai.v:94$1303'.
No latch inferred for signal `\ivcu_perception_ai.\healthy$func$/home/venky/final_ivcu_project/RTL_V4/ivcu_perception_ai.v:94$1261.$result' from process `\ivcu_perception_ai.$proc$/home/venky/final_ivcu_project/RTL_V4/ivcu_perception_ai.v:94$1303'.
No latch inferred for signal `\ivcu_perception_ai.\healthy$func$/home/venky/final_ivcu_project/RTL_V4/ivcu_perception_ai.v:94$1261.s' from process `\ivcu_perception_ai.$proc$/home/venky/final_ivcu_project/RTL_V4/ivcu_perception_ai.v:94$1303'.
No latch inferred for signal `\ivcu_perception_ai.\healthy$func$/home/venky/final_ivcu_project/RTL_V4/ivcu_perception_ai.v:93$1253.$result' from process `\ivcu_perception_ai.$proc$/home/venky/final_ivcu_project/RTL_V4/ivcu_perception_ai.v:93$1296'.
No latch inferred for signal `\ivcu_perception_ai.\healthy$func$/home/venky/final_ivcu_project/RTL_V4/ivcu_perception_ai.v:93$1260.$result' from process `\ivcu_perception_ai.$proc$/home/venky/final_ivcu_project/RTL_V4/ivcu_perception_ai.v:93$1296'.
No latch inferred for signal `\ivcu_perception_ai.\healthy$func$/home/venky/final_ivcu_project/RTL_V4/ivcu_perception_ai.v:93$1260.s' from process `\ivcu_perception_ai.$proc$/home/venky/final_ivcu_project/RTL_V4/ivcu_perception_ai.v:93$1296'.
No latch inferred for signal `\ivcu_perception_ai.\healthy$func$/home/venky/final_ivcu_project/RTL_V4/ivcu_perception_ai.v:92$1252.$result' from process `\ivcu_perception_ai.$proc$/home/venky/final_ivcu_project/RTL_V4/ivcu_perception_ai.v:92$1289'.
No latch inferred for signal `\ivcu_perception_ai.\healthy$func$/home/venky/final_ivcu_project/RTL_V4/ivcu_perception_ai.v:92$1259.$result' from process `\ivcu_perception_ai.$proc$/home/venky/final_ivcu_project/RTL_V4/ivcu_perception_ai.v:92$1289'.
No latch inferred for signal `\ivcu_perception_ai.\healthy$func$/home/venky/final_ivcu_project/RTL_V4/ivcu_perception_ai.v:92$1259.s' from process `\ivcu_perception_ai.$proc$/home/venky/final_ivcu_project/RTL_V4/ivcu_perception_ai.v:92$1289'.
No latch inferred for signal `\ivcu_motor_ai.\imag$func$/home/venky/final_ivcu_project/RTL_V4/ivcu_motor_ai.v:105$1150.$result' from process `\ivcu_motor_ai.$proc$/home/venky/final_ivcu_project/RTL_V4/ivcu_motor_ai.v:105$1244'.
No latch inferred for signal `\ivcu_motor_ai.\imag$func$/home/venky/final_ivcu_project/RTL_V4/ivcu_motor_ai.v:105$1154.$result' from process `\ivcu_motor_ai.$proc$/home/venky/final_ivcu_project/RTL_V4/ivcu_motor_ai.v:105$1244'.
No latch inferred for signal `\ivcu_motor_ai.\imag$func$/home/venky/final_ivcu_project/RTL_V4/ivcu_motor_ai.v:105$1154.v' from process `\ivcu_motor_ai.$proc$/home/venky/final_ivcu_project/RTL_V4/ivcu_motor_ai.v:105$1244'.
No latch inferred for signal `\ivcu_motor_ai.\imag$func$/home/venky/final_ivcu_project/RTL_V4/ivcu_motor_ai.v:104$1149.$result' from process `\ivcu_motor_ai.$proc$/home/venky/final_ivcu_project/RTL_V4/ivcu_motor_ai.v:104$1236'.
No latch inferred for signal `\ivcu_motor_ai.\imag$func$/home/venky/final_ivcu_project/RTL_V4/ivcu_motor_ai.v:104$1153.$result' from process `\ivcu_motor_ai.$proc$/home/venky/final_ivcu_project/RTL_V4/ivcu_motor_ai.v:104$1236'.
No latch inferred for signal `\ivcu_motor_ai.\imag$func$/home/venky/final_ivcu_project/RTL_V4/ivcu_motor_ai.v:104$1153.v' from process `\ivcu_motor_ai.$proc$/home/venky/final_ivcu_project/RTL_V4/ivcu_motor_ai.v:104$1236'.
No latch inferred for signal `\ivcu_motor_ai.\imag$func$/home/venky/final_ivcu_project/RTL_V4/ivcu_motor_ai.v:103$1148.$result' from process `\ivcu_motor_ai.$proc$/home/venky/final_ivcu_project/RTL_V4/ivcu_motor_ai.v:103$1228'.
No latch inferred for signal `\ivcu_motor_ai.\imag$func$/home/venky/final_ivcu_project/RTL_V4/ivcu_motor_ai.v:103$1152.$result' from process `\ivcu_motor_ai.$proc$/home/venky/final_ivcu_project/RTL_V4/ivcu_motor_ai.v:103$1228'.
No latch inferred for signal `\ivcu_motor_ai.\imag$func$/home/venky/final_ivcu_project/RTL_V4/ivcu_motor_ai.v:103$1152.v' from process `\ivcu_motor_ai.$proc$/home/venky/final_ivcu_project/RTL_V4/ivcu_motor_ai.v:103$1228'.
No latch inferred for signal `\ivcu_mode_arbiter.\resp$func$/home/venky/final_ivcu_project/RTL_V4/ivcu_mode_arbiter.v:116$1008.$result' from process `\ivcu_mode_arbiter.$proc$/home/venky/final_ivcu_project/RTL_V4/ivcu_mode_arbiter.v:116$1136'.
No latch inferred for signal `\ivcu_mode_arbiter.\resp$func$/home/venky/final_ivcu_project/RTL_V4/ivcu_mode_arbiter.v:116$1018.$result' from process `\ivcu_mode_arbiter.$proc$/home/venky/final_ivcu_project/RTL_V4/ivcu_mode_arbiter.v:116$1136'.
No latch inferred for signal `\ivcu_mode_arbiter.\resp$func$/home/venky/final_ivcu_project/RTL_V4/ivcu_mode_arbiter.v:116$1018.fresh' from process `\ivcu_mode_arbiter.$proc$/home/venky/final_ivcu_project/RTL_V4/ivcu_mode_arbiter.v:116$1136'.
No latch inferred for signal `\ivcu_mode_arbiter.\resp$func$/home/venky/final_ivcu_project/RTL_V4/ivcu_mode_arbiter.v:116$1018.dead' from process `\ivcu_mode_arbiter.$proc$/home/venky/final_ivcu_project/RTL_V4/ivcu_mode_arbiter.v:116$1136'.
No latch inferred for signal `\ivcu_mode_arbiter.\resp$func$/home/venky/final_ivcu_project/RTL_V4/ivcu_mode_arbiter.v:115$1007.$result' from process `\ivcu_mode_arbiter.$proc$/home/venky/final_ivcu_project/RTL_V4/ivcu_mode_arbiter.v:115$1129'.
No latch inferred for signal `\ivcu_mode_arbiter.\resp$func$/home/venky/final_ivcu_project/RTL_V4/ivcu_mode_arbiter.v:115$1017.$result' from process `\ivcu_mode_arbiter.$proc$/home/venky/final_ivcu_project/RTL_V4/ivcu_mode_arbiter.v:115$1129'.
No latch inferred for signal `\ivcu_mode_arbiter.\resp$func$/home/venky/final_ivcu_project/RTL_V4/ivcu_mode_arbiter.v:115$1017.fresh' from process `\ivcu_mode_arbiter.$proc$/home/venky/final_ivcu_project/RTL_V4/ivcu_mode_arbiter.v:115$1129'.
No latch inferred for signal `\ivcu_mode_arbiter.\resp$func$/home/venky/final_ivcu_project/RTL_V4/ivcu_mode_arbiter.v:115$1017.dead' from process `\ivcu_mode_arbiter.$proc$/home/venky/final_ivcu_project/RTL_V4/ivcu_mode_arbiter.v:115$1129'.
No latch inferred for signal `\ivcu_mode_arbiter.\resp$func$/home/venky/final_ivcu_project/RTL_V4/ivcu_mode_arbiter.v:114$1006.$result' from process `\ivcu_mode_arbiter.$proc$/home/venky/final_ivcu_project/RTL_V4/ivcu_mode_arbiter.v:114$1122'.
No latch inferred for signal `\ivcu_mode_arbiter.\resp$func$/home/venky/final_ivcu_project/RTL_V4/ivcu_mode_arbiter.v:114$1016.$result' from process `\ivcu_mode_arbiter.$proc$/home/venky/final_ivcu_project/RTL_V4/ivcu_mode_arbiter.v:114$1122'.
No latch inferred for signal `\ivcu_mode_arbiter.\resp$func$/home/venky/final_ivcu_project/RTL_V4/ivcu_mode_arbiter.v:114$1016.fresh' from process `\ivcu_mode_arbiter.$proc$/home/venky/final_ivcu_project/RTL_V4/ivcu_mode_arbiter.v:114$1122'.
No latch inferred for signal `\ivcu_mode_arbiter.\resp$func$/home/venky/final_ivcu_project/RTL_V4/ivcu_mode_arbiter.v:114$1016.dead' from process `\ivcu_mode_arbiter.$proc$/home/venky/final_ivcu_project/RTL_V4/ivcu_mode_arbiter.v:114$1122'.
No latch inferred for signal `\ivcu_mode_arbiter.\resp$func$/home/venky/final_ivcu_project/RTL_V4/ivcu_mode_arbiter.v:113$1005.$result' from process `\ivcu_mode_arbiter.$proc$/home/venky/final_ivcu_project/RTL_V4/ivcu_mode_arbiter.v:113$1115'.
No latch inferred for signal `\ivcu_mode_arbiter.\resp$func$/home/venky/final_ivcu_project/RTL_V4/ivcu_mode_arbiter.v:113$1015.$result' from process `\ivcu_mode_arbiter.$proc$/home/venky/final_ivcu_project/RTL_V4/ivcu_mode_arbiter.v:113$1115'.
No latch inferred for signal `\ivcu_mode_arbiter.\resp$func$/home/venky/final_ivcu_project/RTL_V4/ivcu_mode_arbiter.v:113$1015.fresh' from process `\ivcu_mode_arbiter.$proc$/home/venky/final_ivcu_project/RTL_V4/ivcu_mode_arbiter.v:113$1115'.
No latch inferred for signal `\ivcu_mode_arbiter.\resp$func$/home/venky/final_ivcu_project/RTL_V4/ivcu_mode_arbiter.v:113$1015.dead' from process `\ivcu_mode_arbiter.$proc$/home/venky/final_ivcu_project/RTL_V4/ivcu_mode_arbiter.v:113$1115'.
No latch inferred for signal `\ivcu_mode_arbiter.\resp$func$/home/venky/final_ivcu_project/RTL_V4/ivcu_mode_arbiter.v:112$1004.$result' from process `\ivcu_mode_arbiter.$proc$/home/venky/final_ivcu_project/RTL_V4/ivcu_mode_arbiter.v:112$1108'.
No latch inferred for signal `\ivcu_mode_arbiter.\resp$func$/home/venky/final_ivcu_project/RTL_V4/ivcu_mode_arbiter.v:112$1014.$result' from process `\ivcu_mode_arbiter.$proc$/home/venky/final_ivcu_project/RTL_V4/ivcu_mode_arbiter.v:112$1108'.
No latch inferred for signal `\ivcu_mode_arbiter.\resp$func$/home/venky/final_ivcu_project/RTL_V4/ivcu_mode_arbiter.v:112$1014.fresh' from process `\ivcu_mode_arbiter.$proc$/home/venky/final_ivcu_project/RTL_V4/ivcu_mode_arbiter.v:112$1108'.
No latch inferred for signal `\ivcu_mode_arbiter.\resp$func$/home/venky/final_ivcu_project/RTL_V4/ivcu_mode_arbiter.v:112$1014.dead' from process `\ivcu_mode_arbiter.$proc$/home/venky/final_ivcu_project/RTL_V4/ivcu_mode_arbiter.v:112$1108'.
No latch inferred for signal `\ivcu_mode_arbiter.\resp$func$/home/venky/final_ivcu_project/RTL_V4/ivcu_mode_arbiter.v:111$1003.$result' from process `\ivcu_mode_arbiter.$proc$/home/venky/final_ivcu_project/RTL_V4/ivcu_mode_arbiter.v:111$1101'.
No latch inferred for signal `\ivcu_mode_arbiter.\resp$func$/home/venky/final_ivcu_project/RTL_V4/ivcu_mode_arbiter.v:111$1013.$result' from process `\ivcu_mode_arbiter.$proc$/home/venky/final_ivcu_project/RTL_V4/ivcu_mode_arbiter.v:111$1101'.
No latch inferred for signal `\ivcu_mode_arbiter.\resp$func$/home/venky/final_ivcu_project/RTL_V4/ivcu_mode_arbiter.v:111$1013.fresh' from process `\ivcu_mode_arbiter.$proc$/home/venky/final_ivcu_project/RTL_V4/ivcu_mode_arbiter.v:111$1101'.
No latch inferred for signal `\ivcu_mode_arbiter.\resp$func$/home/venky/final_ivcu_project/RTL_V4/ivcu_mode_arbiter.v:111$1013.dead' from process `\ivcu_mode_arbiter.$proc$/home/venky/final_ivcu_project/RTL_V4/ivcu_mode_arbiter.v:111$1101'.
No latch inferred for signal `\ivcu_mode_arbiter.\resp$func$/home/venky/final_ivcu_project/RTL_V4/ivcu_mode_arbiter.v:110$1002.$result' from process `\ivcu_mode_arbiter.$proc$/home/venky/final_ivcu_project/RTL_V4/ivcu_mode_arbiter.v:110$1094'.
No latch inferred for signal `\ivcu_mode_arbiter.\resp$func$/home/venky/final_ivcu_project/RTL_V4/ivcu_mode_arbiter.v:110$1012.$result' from process `\ivcu_mode_arbiter.$proc$/home/venky/final_ivcu_project/RTL_V4/ivcu_mode_arbiter.v:110$1094'.
No latch inferred for signal `\ivcu_mode_arbiter.\resp$func$/home/venky/final_ivcu_project/RTL_V4/ivcu_mode_arbiter.v:110$1012.fresh' from process `\ivcu_mode_arbiter.$proc$/home/venky/final_ivcu_project/RTL_V4/ivcu_mode_arbiter.v:110$1094'.
No latch inferred for signal `\ivcu_mode_arbiter.\resp$func$/home/venky/final_ivcu_project/RTL_V4/ivcu_mode_arbiter.v:110$1012.dead' from process `\ivcu_mode_arbiter.$proc$/home/venky/final_ivcu_project/RTL_V4/ivcu_mode_arbiter.v:110$1094'.
No latch inferred for signal `\ivcu_mode_arbiter.\resp$func$/home/venky/final_ivcu_project/RTL_V4/ivcu_mode_arbiter.v:109$1001.$result' from process `\ivcu_mode_arbiter.$proc$/home/venky/final_ivcu_project/RTL_V4/ivcu_mode_arbiter.v:109$1087'.
No latch inferred for signal `\ivcu_mode_arbiter.\resp$func$/home/venky/final_ivcu_project/RTL_V4/ivcu_mode_arbiter.v:109$1011.$result' from process `\ivcu_mode_arbiter.$proc$/home/venky/final_ivcu_project/RTL_V4/ivcu_mode_arbiter.v:109$1087'.
No latch inferred for signal `\ivcu_mode_arbiter.\resp$func$/home/venky/final_ivcu_project/RTL_V4/ivcu_mode_arbiter.v:109$1011.fresh' from process `\ivcu_mode_arbiter.$proc$/home/venky/final_ivcu_project/RTL_V4/ivcu_mode_arbiter.v:109$1087'.
No latch inferred for signal `\ivcu_mode_arbiter.\resp$func$/home/venky/final_ivcu_project/RTL_V4/ivcu_mode_arbiter.v:109$1011.dead' from process `\ivcu_mode_arbiter.$proc$/home/venky/final_ivcu_project/RTL_V4/ivcu_mode_arbiter.v:109$1087'.
No latch inferred for signal `\ivcu_mode_arbiter.\resp$func$/home/venky/final_ivcu_project/RTL_V4/ivcu_mode_arbiter.v:108$1000.$result' from process `\ivcu_mode_arbiter.$proc$/home/venky/final_ivcu_project/RTL_V4/ivcu_mode_arbiter.v:108$1080'.
No latch inferred for signal `\ivcu_mode_arbiter.\resp$func$/home/venky/final_ivcu_project/RTL_V4/ivcu_mode_arbiter.v:108$1010.$result' from process `\ivcu_mode_arbiter.$proc$/home/venky/final_ivcu_project/RTL_V4/ivcu_mode_arbiter.v:108$1080'.
No latch inferred for signal `\ivcu_mode_arbiter.\resp$func$/home/venky/final_ivcu_project/RTL_V4/ivcu_mode_arbiter.v:108$1010.fresh' from process `\ivcu_mode_arbiter.$proc$/home/venky/final_ivcu_project/RTL_V4/ivcu_mode_arbiter.v:108$1080'.
No latch inferred for signal `\ivcu_mode_arbiter.\resp$func$/home/venky/final_ivcu_project/RTL_V4/ivcu_mode_arbiter.v:108$1010.dead' from process `\ivcu_mode_arbiter.$proc$/home/venky/final_ivcu_project/RTL_V4/ivcu_mode_arbiter.v:108$1080'.
No latch inferred for signal `\ivcu_mode_arbiter.\resp$func$/home/venky/final_ivcu_project/RTL_V4/ivcu_mode_arbiter.v:107$999.$result' from process `\ivcu_mode_arbiter.$proc$/home/venky/final_ivcu_project/RTL_V4/ivcu_mode_arbiter.v:107$1073'.
No latch inferred for signal `\ivcu_mode_arbiter.\resp$func$/home/venky/final_ivcu_project/RTL_V4/ivcu_mode_arbiter.v:107$1009.$result' from process `\ivcu_mode_arbiter.$proc$/home/venky/final_ivcu_project/RTL_V4/ivcu_mode_arbiter.v:107$1073'.
No latch inferred for signal `\ivcu_mode_arbiter.\resp$func$/home/venky/final_ivcu_project/RTL_V4/ivcu_mode_arbiter.v:107$1009.fresh' from process `\ivcu_mode_arbiter.$proc$/home/venky/final_ivcu_project/RTL_V4/ivcu_mode_arbiter.v:107$1073'.
No latch inferred for signal `\ivcu_mode_arbiter.\resp$func$/home/venky/final_ivcu_project/RTL_V4/ivcu_mode_arbiter.v:107$1009.dead' from process `\ivcu_mode_arbiter.$proc$/home/venky/final_ivcu_project/RTL_V4/ivcu_mode_arbiter.v:107$1073'.
No latch inferred for signal `\ivcu_hv_crash_detect.\mag$func$/home/venky/final_ivcu_project/RTL_V4/ivcu_hv_crash_detect.v:107$865.$result' from process `\ivcu_hv_crash_detect.$proc$/home/venky/final_ivcu_project/RTL_V4/ivcu_hv_crash_detect.v:107$941'.
No latch inferred for signal `\ivcu_hv_crash_detect.\mag$func$/home/venky/final_ivcu_project/RTL_V4/ivcu_hv_crash_detect.v:107$869.$result' from process `\ivcu_hv_crash_detect.$proc$/home/venky/final_ivcu_project/RTL_V4/ivcu_hv_crash_detect.v:107$941'.
No latch inferred for signal `\ivcu_hv_crash_detect.\mag$func$/home/venky/final_ivcu_project/RTL_V4/ivcu_hv_crash_detect.v:107$869.v' from process `\ivcu_hv_crash_detect.$proc$/home/venky/final_ivcu_project/RTL_V4/ivcu_hv_crash_detect.v:107$941'.
No latch inferred for signal `\ivcu_hv_crash_detect.\mag$func$/home/venky/final_ivcu_project/RTL_V4/ivcu_hv_crash_detect.v:106$864.$result' from process `\ivcu_hv_crash_detect.$proc$/home/venky/final_ivcu_project/RTL_V4/ivcu_hv_crash_detect.v:106$933'.
No latch inferred for signal `\ivcu_hv_crash_detect.\mag$func$/home/venky/final_ivcu_project/RTL_V4/ivcu_hv_crash_detect.v:106$868.$result' from process `\ivcu_hv_crash_detect.$proc$/home/venky/final_ivcu_project/RTL_V4/ivcu_hv_crash_detect.v:106$933'.
No latch inferred for signal `\ivcu_hv_crash_detect.\mag$func$/home/venky/final_ivcu_project/RTL_V4/ivcu_hv_crash_detect.v:106$868.v' from process `\ivcu_hv_crash_detect.$proc$/home/venky/final_ivcu_project/RTL_V4/ivcu_hv_crash_detect.v:106$933'.
No latch inferred for signal `\ivcu_health_scorer.$mem2reg_rd$\acc$/home/venky/final_ivcu_project/RTL_V4/ivcu_health_scorer.v:181$588_DATA' from process `\ivcu_health_scorer.$proc$/home/venky/final_ivcu_project/RTL_V4/ivcu_health_scorer.v:181$789'.
No latch inferred for signal `\ivcu_health_scorer.$mem2reg_rd$\acc$/home/venky/final_ivcu_project/RTL_V4/ivcu_health_scorer.v:179$587_DATA' from process `\ivcu_health_scorer.$proc$/home/venky/final_ivcu_project/RTL_V4/ivcu_health_scorer.v:179$786'.
No latch inferred for signal `\ivcu_health_scorer.\weight_shift$func$/home/venky/final_ivcu_project/RTL_V4/ivcu_health_scorer.v:173$576.$result' from process `\ivcu_health_scorer.$proc$/home/venky/final_ivcu_project/RTL_V4/ivcu_health_scorer.v:173$781'.
No latch inferred for signal `\ivcu_health_scorer.\weight_shift$func$/home/venky/final_ivcu_project/RTL_V4/ivcu_health_scorer.v:173$586.$result' from process `\ivcu_health_scorer.$proc$/home/venky/final_ivcu_project/RTL_V4/ivcu_health_scorer.v:173$781'.
No latch inferred for signal `\ivcu_health_scorer.\weight_shift$func$/home/venky/final_ivcu_project/RTL_V4/ivcu_health_scorer.v:173$586.cls' from process `\ivcu_health_scorer.$proc$/home/venky/final_ivcu_project/RTL_V4/ivcu_health_scorer.v:173$781'.
No latch inferred for signal `\ivcu_health_scorer.\severity_of$func$/home/venky/final_ivcu_project/RTL_V4/ivcu_health_scorer.v:172$575.$result' from process `\ivcu_health_scorer.$proc$/home/venky/final_ivcu_project/RTL_V4/ivcu_health_scorer.v:172$776'.
No latch inferred for signal `\ivcu_health_scorer.\severity_of$func$/home/venky/final_ivcu_project/RTL_V4/ivcu_health_scorer.v:172$585.$result' from process `\ivcu_health_scorer.$proc$/home/venky/final_ivcu_project/RTL_V4/ivcu_health_scorer.v:172$776'.
No latch inferred for signal `\ivcu_health_scorer.\severity_of$func$/home/venky/final_ivcu_project/RTL_V4/ivcu_health_scorer.v:172$585.s' from process `\ivcu_health_scorer.$proc$/home/venky/final_ivcu_project/RTL_V4/ivcu_health_scorer.v:172$776'.
No latch inferred for signal `\ivcu_health_scorer.\domain_of$func$/home/venky/final_ivcu_project/RTL_V4/ivcu_health_scorer.v:171$574.$result' from process `\ivcu_health_scorer.$proc$/home/venky/final_ivcu_project/RTL_V4/ivcu_health_scorer.v:171$758'.
No latch inferred for signal `\ivcu_health_scorer.\domain_of$func$/home/venky/final_ivcu_project/RTL_V4/ivcu_health_scorer.v:171$584.$result' from process `\ivcu_health_scorer.$proc$/home/venky/final_ivcu_project/RTL_V4/ivcu_health_scorer.v:171$758'.
No latch inferred for signal `\ivcu_health_scorer.\domain_of$func$/home/venky/final_ivcu_project/RTL_V4/ivcu_health_scorer.v:171$584.c' from process `\ivcu_health_scorer.$proc$/home/venky/final_ivcu_project/RTL_V4/ivcu_health_scorer.v:171$758'.
No latch inferred for signal `\ivcu_dynamics_ai.\max2$func$/home/venky/final_ivcu_project/RTL_V4/ivcu_dynamics_ai.v:136$369.$result' from process `\ivcu_dynamics_ai.$proc$/home/venky/final_ivcu_project/RTL_V4/ivcu_dynamics_ai.v:136$429'.
No latch inferred for signal `\ivcu_dynamics_ai.\max2$func$/home/venky/final_ivcu_project/RTL_V4/ivcu_dynamics_ai.v:136$373.$result' from process `\ivcu_dynamics_ai.$proc$/home/venky/final_ivcu_project/RTL_V4/ivcu_dynamics_ai.v:136$429'.
No latch inferred for signal `\ivcu_dynamics_ai.\max2$func$/home/venky/final_ivcu_project/RTL_V4/ivcu_dynamics_ai.v:136$373.a' from process `\ivcu_dynamics_ai.$proc$/home/venky/final_ivcu_project/RTL_V4/ivcu_dynamics_ai.v:136$429'.
No latch inferred for signal `\ivcu_dynamics_ai.\max2$func$/home/venky/final_ivcu_project/RTL_V4/ivcu_dynamics_ai.v:136$373.b' from process `\ivcu_dynamics_ai.$proc$/home/venky/final_ivcu_project/RTL_V4/ivcu_dynamics_ai.v:136$429'.
No latch inferred for signal `\ivcu_dynamics_ai.\max2$func$/home/venky/final_ivcu_project/RTL_V4/ivcu_dynamics_ai.v:135$368.$result' from process `\ivcu_dynamics_ai.$proc$/home/venky/final_ivcu_project/RTL_V4/ivcu_dynamics_ai.v:135$422'.
No latch inferred for signal `\ivcu_dynamics_ai.\max2$func$/home/venky/final_ivcu_project/RTL_V4/ivcu_dynamics_ai.v:135$372.$result' from process `\ivcu_dynamics_ai.$proc$/home/venky/final_ivcu_project/RTL_V4/ivcu_dynamics_ai.v:135$422'.
No latch inferred for signal `\ivcu_dynamics_ai.\max2$func$/home/venky/final_ivcu_project/RTL_V4/ivcu_dynamics_ai.v:135$372.a' from process `\ivcu_dynamics_ai.$proc$/home/venky/final_ivcu_project/RTL_V4/ivcu_dynamics_ai.v:135$422'.
No latch inferred for signal `\ivcu_dynamics_ai.\max2$func$/home/venky/final_ivcu_project/RTL_V4/ivcu_dynamics_ai.v:135$372.b' from process `\ivcu_dynamics_ai.$proc$/home/venky/final_ivcu_project/RTL_V4/ivcu_dynamics_ai.v:135$422'.
No latch inferred for signal `\ivcu_dynamics_ai.\max2$func$/home/venky/final_ivcu_project/RTL_V4/ivcu_dynamics_ai.v:134$367.$result' from process `\ivcu_dynamics_ai.$proc$/home/venky/final_ivcu_project/RTL_V4/ivcu_dynamics_ai.v:134$415'.
No latch inferred for signal `\ivcu_dynamics_ai.\max2$func$/home/venky/final_ivcu_project/RTL_V4/ivcu_dynamics_ai.v:134$371.$result' from process `\ivcu_dynamics_ai.$proc$/home/venky/final_ivcu_project/RTL_V4/ivcu_dynamics_ai.v:134$415'.
No latch inferred for signal `\ivcu_dynamics_ai.\max2$func$/home/venky/final_ivcu_project/RTL_V4/ivcu_dynamics_ai.v:134$371.a' from process `\ivcu_dynamics_ai.$proc$/home/venky/final_ivcu_project/RTL_V4/ivcu_dynamics_ai.v:134$415'.
No latch inferred for signal `\ivcu_dynamics_ai.\max2$func$/home/venky/final_ivcu_project/RTL_V4/ivcu_dynamics_ai.v:134$371.b' from process `\ivcu_dynamics_ai.$proc$/home/venky/final_ivcu_project/RTL_V4/ivcu_dynamics_ai.v:134$415'.
No latch inferred for signal `\ivcu_crash_severity.\mag$func$/home/venky/final_ivcu_project/RTL_V4/ivcu_crash_severity.v:96$271.$result' from process `\ivcu_crash_severity.$proc$/home/venky/final_ivcu_project/RTL_V4/ivcu_crash_severity.v:96$340'.
No latch inferred for signal `\ivcu_crash_severity.\mag$func$/home/venky/final_ivcu_project/RTL_V4/ivcu_crash_severity.v:96$274.$result' from process `\ivcu_crash_severity.$proc$/home/venky/final_ivcu_project/RTL_V4/ivcu_crash_severity.v:96$340'.
No latch inferred for signal `\ivcu_crash_severity.\mag$func$/home/venky/final_ivcu_project/RTL_V4/ivcu_crash_severity.v:96$274.v' from process `\ivcu_crash_severity.$proc$/home/venky/final_ivcu_project/RTL_V4/ivcu_crash_severity.v:96$340'.
No latch inferred for signal `\ivcu_crash_severity.\mag$func$/home/venky/final_ivcu_project/RTL_V4/ivcu_crash_severity.v:95$270.$result' from process `\ivcu_crash_severity.$proc$/home/venky/final_ivcu_project/RTL_V4/ivcu_crash_severity.v:95$332'.
No latch inferred for signal `\ivcu_crash_severity.\mag$func$/home/venky/final_ivcu_project/RTL_V4/ivcu_crash_severity.v:95$273.$result' from process `\ivcu_crash_severity.$proc$/home/venky/final_ivcu_project/RTL_V4/ivcu_crash_severity.v:95$332'.
No latch inferred for signal `\ivcu_crash_severity.\mag$func$/home/venky/final_ivcu_project/RTL_V4/ivcu_crash_severity.v:95$273.v' from process `\ivcu_crash_severity.$proc$/home/venky/final_ivcu_project/RTL_V4/ivcu_crash_severity.v:95$332'.
No latch inferred for signal `\ivcu_actuator_output_mgr.\min12$func$/home/venky/final_ivcu_project/RTL_V4/ivcu_actuator_output_mgr.v:162$4.$result' from process `\ivcu_actuator_output_mgr.$proc$/home/venky/final_ivcu_project/RTL_V4/ivcu_actuator_output_mgr.v:162$72'.
No latch inferred for signal `\ivcu_actuator_output_mgr.\min12$func$/home/venky/final_ivcu_project/RTL_V4/ivcu_actuator_output_mgr.v:162$8.$result' from process `\ivcu_actuator_output_mgr.$proc$/home/venky/final_ivcu_project/RTL_V4/ivcu_actuator_output_mgr.v:162$72'.
No latch inferred for signal `\ivcu_actuator_output_mgr.\min12$func$/home/venky/final_ivcu_project/RTL_V4/ivcu_actuator_output_mgr.v:162$8.a' from process `\ivcu_actuator_output_mgr.$proc$/home/venky/final_ivcu_project/RTL_V4/ivcu_actuator_output_mgr.v:162$72'.
No latch inferred for signal `\ivcu_actuator_output_mgr.\min12$func$/home/venky/final_ivcu_project/RTL_V4/ivcu_actuator_output_mgr.v:162$8.b' from process `\ivcu_actuator_output_mgr.$proc$/home/venky/final_ivcu_project/RTL_V4/ivcu_actuator_output_mgr.v:162$72'.
No latch inferred for signal `\ivcu_actuator_output_mgr.\min12$func$/home/venky/final_ivcu_project/RTL_V4/ivcu_actuator_output_mgr.v:162$3.$result' from process `\ivcu_actuator_output_mgr.$proc$/home/venky/final_ivcu_project/RTL_V4/ivcu_actuator_output_mgr.v:162$65'.
No latch inferred for signal `\ivcu_actuator_output_mgr.\min12$func$/home/venky/final_ivcu_project/RTL_V4/ivcu_actuator_output_mgr.v:162$7.$result' from process `\ivcu_actuator_output_mgr.$proc$/home/venky/final_ivcu_project/RTL_V4/ivcu_actuator_output_mgr.v:162$65'.
No latch inferred for signal `\ivcu_actuator_output_mgr.\min12$func$/home/venky/final_ivcu_project/RTL_V4/ivcu_actuator_output_mgr.v:162$7.a' from process `\ivcu_actuator_output_mgr.$proc$/home/venky/final_ivcu_project/RTL_V4/ivcu_actuator_output_mgr.v:162$65'.
No latch inferred for signal `\ivcu_actuator_output_mgr.\min12$func$/home/venky/final_ivcu_project/RTL_V4/ivcu_actuator_output_mgr.v:162$7.b' from process `\ivcu_actuator_output_mgr.$proc$/home/venky/final_ivcu_project/RTL_V4/ivcu_actuator_output_mgr.v:162$65'.
No latch inferred for signal `\ivcu_actuator_output_mgr.\cap_of$func$/home/venky/final_ivcu_project/RTL_V4/ivcu_actuator_output_mgr.v:143$2.$result' from process `\ivcu_actuator_output_mgr.$proc$/home/venky/final_ivcu_project/RTL_V4/ivcu_actuator_output_mgr.v:143$53'.
No latch inferred for signal `\ivcu_actuator_output_mgr.\cap_of$func$/home/venky/final_ivcu_project/RTL_V4/ivcu_actuator_output_mgr.v:143$6.$result' from process `\ivcu_actuator_output_mgr.$proc$/home/venky/final_ivcu_project/RTL_V4/ivcu_actuator_output_mgr.v:143$53'.
No latch inferred for signal `\ivcu_actuator_output_mgr.\cap_of$func$/home/venky/final_ivcu_project/RTL_V4/ivcu_actuator_output_mgr.v:143$6.pct' from process `\ivcu_actuator_output_mgr.$proc$/home/venky/final_ivcu_project/RTL_V4/ivcu_actuator_output_mgr.v:143$53'.
No latch inferred for signal `\ivcu_actuator_output_mgr.\min8$func$/home/venky/final_ivcu_project/RTL_V4/ivcu_actuator_output_mgr.v:142$1.$result' from process `\ivcu_actuator_output_mgr.$proc$/home/venky/final_ivcu_project/RTL_V4/ivcu_actuator_output_mgr.v:142$46'.
No latch inferred for signal `\ivcu_actuator_output_mgr.\min8$func$/home/venky/final_ivcu_project/RTL_V4/ivcu_actuator_output_mgr.v:142$5.$result' from process `\ivcu_actuator_output_mgr.$proc$/home/venky/final_ivcu_project/RTL_V4/ivcu_actuator_output_mgr.v:142$46'.
No latch inferred for signal `\ivcu_actuator_output_mgr.\min8$func$/home/venky/final_ivcu_project/RTL_V4/ivcu_actuator_output_mgr.v:142$5.a' from process `\ivcu_actuator_output_mgr.$proc$/home/venky/final_ivcu_project/RTL_V4/ivcu_actuator_output_mgr.v:142$46'.
No latch inferred for signal `\ivcu_actuator_output_mgr.\min8$func$/home/venky/final_ivcu_project/RTL_V4/ivcu_actuator_output_mgr.v:142$5.b' from process `\ivcu_actuator_output_mgr.$proc$/home/venky/final_ivcu_project/RTL_V4/ivcu_actuator_output_mgr.v:142$46'.

44.9. Executing PROC_DFF pass (convert process syncs to FFs).
Creating register for signal `\ivcu_thermal_ai.\pump_pwm' using process `\ivcu_thermal_ai.$proc$/home/venky/final_ivcu_project/RTL_V4/ivcu_thermal_ai.v:125$7012'.
  created $adff cell `$procdff$15242' with positive edge clock and positive level reset.
Creating register for signal `\ivcu_thermal_ai.\fan_pwm' using process `\ivcu_thermal_ai.$proc$/home/venky/final_ivcu_project/RTL_V4/ivcu_thermal_ai.v:125$7012'.
  created $adff cell `$procdff$15247' with positive edge clock and positive level reset.
Creating register for signal `\ivcu_thermal_ai.\pump_running' using process `\ivcu_thermal_ai.$proc$/home/venky/final_ivcu_project/RTL_V4/ivcu_thermal_ai.v:125$7012'.
  created $adff cell `$procdff$15252' with positive edge clock and positive level reset.
Creating register for signal `\ivcu_thermal_ai.\cooling_fault' using process `\ivcu_thermal_ai.$proc$/home/venky/final_ivcu_project/RTL_V4/ivcu_thermal_ai.v:125$7012'.
  created $adff cell `$procdff$15257' with positive edge clock and positive level reset.
Creating register for signal `\ivcu_thermal_ai.\coolant_overtemp' using process `\ivcu_thermal_ai.$proc$/home/venky/final_ivcu_project/RTL_V4/ivcu_thermal_ai.v:125$7012'.
  created $adff cell `$procdff$15262' with positive edge clock and positive level reset.
Creating register for signal `\ivcu_sos_builder.\state' using process `\ivcu_sos_builder.$proc$/home/venky/final_ivcu_project/RTL_V4/ivcu_sos_builder.v:177$6954'.
  created $adff cell `$procdff$15267' with positive edge clock and positive level reset.
Creating register for signal `\ivcu_sos_builder.\sos_tx_data' using process `\ivcu_sos_builder.$proc$/home/venky/final_ivcu_project/RTL_V4/ivcu_sos_builder.v:177$6954'.
  created $adff cell `$procdff$15272' with positive edge clock and positive level reset.
Creating register for signal `\ivcu_sos_builder.\sos_tx_valid' using process `\ivcu_sos_builder.$proc$/home/venky/final_ivcu_project/RTL_V4/ivcu_sos_builder.v:177$6954'.
  created $adff cell `$procdff$15277' with positive edge clock and positive level reset.
Creating register for signal `\ivcu_sos_builder.\sos_sending' using process `\ivcu_sos_builder.$proc$/home/venky/final_ivcu_project/RTL_V4/ivcu_sos_builder.v:177$6954'.
  created $adff cell `$procdff$15282' with positive edge clock and positive level reset.
Creating register for signal `\ivcu_sos_builder.\sos_tx_count' using process `\ivcu_sos_builder.$proc$/home/venky/final_ivcu_project/RTL_V4/ivcu_sos_builder.v:177$6954'.
  created $adff cell `$procdff$15287' with positive edge clock and positive level reset.
Creating register for signal `\ivcu_sos_builder.\bidx' using process `\ivcu_sos_builder.$proc$/home/venky/final_ivcu_project/RTL_V4/ivcu_sos_builder.v:177$6954'.
  created $adff cell `$procdff$15292' with positive edge clock and positive level reset.
Creating register for signal `\ivcu_sos_builder.\csum' using process `\ivcu_sos_builder.$proc$/home/venky/final_ivcu_project/RTL_V4/ivcu_sos_builder.v:177$6954'.
  created $adff cell `$procdff$15297' with positive edge clock and positive level reset.
Creating register for signal `\ivcu_sos_builder.\p_sev' using process `\ivcu_sos_builder.$proc$/home/venky/final_ivcu_project/RTL_V4/ivcu_sos_builder.v:177$6954'.
  created $adff cell `$procdff$15302' with positive edge clock and positive level reset.
Creating register for signal `\ivcu_sos_builder.\p_route' using process `\ivcu_sos_builder.$proc$/home/venky/final_ivcu_project/RTL_V4/ivcu_sos_builder.v:177$6954'.
  created $adff cell `$procdff$15307' with positive edge clock and positive level reset.
Creating register for signal `\ivcu_sos_builder.\p_occ' using process `\ivcu_sos_builder.$proc$/home/venky/final_ivcu_project/RTL_V4/ivcu_sos_builder.v:177$6954'.
  created $adff cell `$procdff$15312' with positive edge clock and positive level reset.
Creating register for signal `\ivcu_sos_builder.\p_mode' using process `\ivcu_sos_builder.$proc$/home/venky/final_ivcu_project/RTL_V4/ivcu_sos_builder.v:177$6954'.
  created $adff cell `$procdff$15317' with positive edge clock and positive level reset.
Creating register for signal `\ivcu_sos_builder.\p_lat' using process `\ivcu_sos_builder.$proc$/home/venky/final_ivcu_project/RTL_V4/ivcu_sos_builder.v:177$6954'.
  created $adff cell `$procdff$15322' with positive edge clock and positive level reset.
Creating register for signal `\ivcu_sos_builder.\p_lon' using process `\ivcu_sos_builder.$proc$/home/venky/final_ivcu_project/RTL_V4/ivcu_sos_builder.v:177$6954'.
  created $adff cell `$procdff$15327' with positive edge clock and positive level reset.
Creating register for signal `\ivcu_sos_builder.\p_age' using process `\ivcu_sos_builder.$proc$/home/venky/final_ivcu_project/RTL_V4/ivcu_sos_builder.v:177$6954'.
  created $adff cell `$procdff$15332' with positive edge clock and positive level reset.
Creating register for signal `\ivcu_sos_builder.\p_dir' using process `\ivcu_sos_builder.$proc$/home/venky/final_ivcu_project/RTL_V4/ivcu_sos_builder.v:177$6954'.
  created $adff cell `$procdff$15337' with positive edge clock and positive level reset.
Creating register for signal `\ivcu_sos_builder.\p_peak_long' using process `\ivcu_sos_builder.$proc$/home/venky/final_ivcu_project/RTL_V4/ivcu_sos_builder.v:177$6954'.
  created $adff cell `$procdff$15342' with positive edge clock and positive level reset.
Creating register for signal `\ivcu_sos_builder.\p_peak_lat' using process `\ivcu_sos_builder.$proc$/home/venky/final_ivcu_project/RTL_V4/ivcu_sos_builder.v:177$6954'.
  created $adff cell `$procdff$15347' with positive edge clock and positive level reset.
Creating register for signal `\ivcu_sos_builder.\p_tmax' using process `\ivcu_sos_builder.$proc$/home/venky/final_ivcu_project/RTL_V4/ivcu_sos_builder.v:177$6954'.
  created $adff cell `$procdff$15352' with positive edge clock and positive level reset.
Creating register for signal `\ivcu_sos_builder.\p_press' using process `\ivcu_sos_builder.$proc$/home/venky/final_ivcu_project/RTL_V4/ivcu_sos_builder.v:177$6954'.
  created $adff cell `$procdff$15357' with positive edge clock and positive level reset.
Creating register for signal `\ivcu_sos_builder.\p_speed' using process `\ivcu_sos_builder.$proc$/home/venky/final_ivcu_project/RTL_V4/ivcu_sos_builder.v:177$6954'.
  created $adff cell `$procdff$15362' with positive edge clock and positive level reset.
Creating register for signal `\ivcu_sos_builder.\p_isolated' using process `\ivcu_sos_builder.$proc$/home/venky/final_ivcu_project/RTL_V4/ivcu_sos_builder.v:177$6954'.
  created $adff cell `$procdff$15367' with positive edge clock and positive level reset.
Creating register for signal `\ivcu_sos_builder.\p_pyro' using process `\ivcu_sos_builder.$proc$/home/venky/final_ivcu_project/RTL_V4/ivcu_sos_builder.v:177$6954'.
  created $adff cell `$procdff$15372' with positive edge clock and positive level reset.
Creating register for signal `\ivcu_sos_builder.\p_hvstate' using process `\ivcu_sos_builder.$proc$/home/venky/final_ivcu_project/RTL_V4/ivcu_sos_builder.v:177$6954'.
  created $adff cell `$procdff$15377' with positive edge clock and positive level reset.
Creating register for signal `\ivcu_sos_builder.\p_hvfault' using process `\ivcu_sos_builder.$proc$/home/venky/final_ivcu_project/RTL_V4/ivcu_sos_builder.v:177$6954'.
  created $adff cell `$procdff$15382' with positive edge clock and positive level reset.
Creating register for signal `\ivcu_sos_builder.\p_battinc' using process `\ivcu_sos_builder.$proc$/home/venky/final_ivcu_project/RTL_V4/ivcu_sos_builder.v:177$6954'.
  created $adff cell `$procdff$15387' with positive edge clock and positive level reset.
Creating register for signal `\ivcu_sos_builder.\gap_cnt' using process `\ivcu_sos_builder.$proc$/home/venky/final_ivcu_project/RTL_V4/ivcu_sos_builder.v:177$6954'.
  created $adff cell `$procdff$15392' with positive edge clock and positive level reset.
Creating register for signal `\ivcu_sos_builder.\last_sev' using process `\ivcu_sos_builder.$proc$/home/venky/final_ivcu_project/RTL_V4/ivcu_sos_builder.v:177$6954'.
  created $adff cell `$procdff$15397' with positive edge clock and positive level reset.
Creating register for signal `\ivcu_sos_builder.\frame_byte$func$/home/venky/final_ivcu_project/RTL_V4/ivcu_sos_builder.v:243$6950.$result' using process `\ivcu_sos_builder.$proc$/home/venky/final_ivcu_project/RTL_V4/ivcu_sos_builder.v:177$6954'.
  created $adff cell `$procdff$15402' with positive edge clock and positive level reset.
Creating register for signal `\ivcu_sos_builder.\frame_byte$func$/home/venky/final_ivcu_project/RTL_V4/ivcu_sos_builder.v:243$6950.i' using process `\ivcu_sos_builder.$proc$/home/venky/final_ivcu_project/RTL_V4/ivcu_sos_builder.v:177$6954'.
  created $adff cell `$procdff$15407' with positive edge clock and positive level reset.
Creating register for signal `\ivcu_sos_builder.\frame_byte$func$/home/venky/final_ivcu_project/RTL_V4/ivcu_sos_builder.v:250$6951.$result' using process `\ivcu_sos_builder.$proc$/home/venky/final_ivcu_project/RTL_V4/ivcu_sos_builder.v:177$6954'.
  created $adff cell `$procdff$15412' with positive edge clock and positive level reset.
Creating register for signal `\ivcu_sos_builder.\frame_byte$func$/home/venky/final_ivcu_project/RTL_V4/ivcu_sos_builder.v:250$6951.i' using process `\ivcu_sos_builder.$proc$/home/venky/final_ivcu_project/RTL_V4/ivcu_sos_builder.v:177$6954'.
  created $adff cell `$procdff$15417' with positive edge clock and positive level reset.
Creating register for signal `\ivcu_serviceability_mgr.\speed_limit_kph' using process `\ivcu_serviceability_mgr.$proc$/home/venky/final_ivcu_project/RTL_V4/ivcu_serviceability_mgr.v:240$6930'.
  created $adff cell `$procdff$15422' with positive edge clock and positive level reset.
Creating register for signal `\ivcu_serviceability_mgr.\ack_held' using process `\ivcu_serviceability_mgr.$proc$/home/venky/final_ivcu_project/RTL_V4/ivcu_serviceability_mgr.v:153$6914'.
  created $adff cell `$procdff$15427' with positive edge clock and positive level reset.
Creating register for signal `\ivcu_serviceability_mgr.\ack_cnt' using process `\ivcu_serviceability_mgr.$proc$/home/venky/final_ivcu_project/RTL_V4/ivcu_serviceability_mgr.v:153$6914'.
  created $adff cell `$procdff$15432' with positive edge clock and positive level reset.
Creating register for signal `\ivcu_service_guidance.\state' using process `\ivcu_service_guidance.$proc$/home/venky/final_ivcu_project/RTL_V4/ivcu_service_guidance.v:196$6833'.
  created $adff cell `$procdff$15437' with positive edge clock and positive level reset.
Creating register for signal `\ivcu_service_guidance.\shreg' using process `\ivcu_service_guidance.$proc$/home/venky/final_ivcu_project/RTL_V4/ivcu_service_guidance.v:196$6833'.
  created $adff cell `$procdff$15442' with positive edge clock and positive level reset.
Creating register for signal `\ivcu_service_guidance.\bitcnt' using process `\ivcu_service_guidance.$proc$/home/venky/final_ivcu_project/RTL_V4/ivcu_service_guidance.v:196$6833'.
  created $adff cell `$procdff$15447' with positive edge clock and positive level reset.
Creating register for signal `\ivcu_service_guidance.\phase' using process `\ivcu_service_guidance.$proc$/home/venky/final_ivcu_project/RTL_V4/ivcu_service_guidance.v:196$6833'.
  created $adff cell `$procdff$15452' with positive edge clock and positive level reset.
Creating register for signal `\ivcu_service_guidance.\guidance_sensor_id' using process `\ivcu_service_guidance.$proc$/home/venky/final_ivcu_project/RTL_V4/ivcu_service_guidance.v:196$6833'.
  created $adff cell `$procdff$15457' with positive edge clock and positive level reset.
Creating register for signal `\ivcu_service_guidance.\guidance_status' using process `\ivcu_service_guidance.$proc$/home/venky/final_ivcu_project/RTL_V4/ivcu_service_guidance.v:196$6833'.
  created $adff cell `$procdff$15462' with positive edge clock and positive level reset.
Creating register for signal `\ivcu_service_guidance.\guidance_action' using process `\ivcu_service_guidance.$proc$/home/venky/final_ivcu_project/RTL_V4/ivcu_service_guidance.v:196$6833'.
  created $adff cell `$procdff$15467' with positive edge clock and positive level reset.
Creating register for signal `\ivcu_service_guidance.\guidance_starts_left' using process `\ivcu_service_guidance.$proc$/home/venky/final_ivcu_project/RTL_V4/ivcu_service_guidance.v:196$6833'.
  created $adff cell `$procdff$15472' with positive edge clock and positive level reset.
Creating register for signal `\ivcu_service_guidance.\disp_sclk' using process `\ivcu_service_guidance.$proc$/home/venky/final_ivcu_project/RTL_V4/ivcu_service_guidance.v:196$6833'.
  created $adff cell `$procdff$15477' with positive edge clock and positive level reset.
Creating register for signal `\ivcu_service_guidance.\disp_sdata' using process `\ivcu_service_guidance.$proc$/home/venky/final_ivcu_project/RTL_V4/ivcu_service_guidance.v:196$6833'.
  created $adff cell `$procdff$15482' with positive edge clock and positive level reset.
Creating register for signal `\ivcu_service_guidance.\disp_cs' using process `\ivcu_service_guidance.$proc$/home/venky/final_ivcu_project/RTL_V4/ivcu_service_guidance.v:196$6833'.
  created $adff cell `$procdff$15487' with positive edge clock and positive level reset.
Creating register for signal `\ivcu_service_guidance.\guidance_valid' using process `\ivcu_service_guidance.$proc$/home/venky/final_ivcu_project/RTL_V4/ivcu_service_guidance.v:196$6833'.
  created $adff cell `$procdff$15492' with positive edge clock and positive level reset.
Creating register for signal `\ivcu_service_guidance.\idx' using process `\ivcu_service_guidance.$proc$/home/venky/final_ivcu_project/RTL_V4/ivcu_service_guidance.v:196$6833'.
  created $adff cell `$procdff$15497' with positive edge clock and positive level reset.
Creating register for signal `\ivcu_service_guidance.\best_pri' using process `\ivcu_service_guidance.$proc$/home/venky/final_ivcu_project/RTL_V4/ivcu_service_guidance.v:196$6833'.
  created $adff cell `$procdff$15502' with positive edge clock and positive level reset.
Creating register for signal `\ivcu_service_guidance.\best_id' using process `\ivcu_service_guidance.$proc$/home/venky/final_ivcu_project/RTL_V4/ivcu_service_guidance.v:196$6833'.
  created $adff cell `$procdff$15507' with positive edge clock and positive level reset.
Creating register for signal `\ivcu_service_guidance.\best_status' using process `\ivcu_service_guidance.$proc$/home/venky/final_ivcu_project/RTL_V4/ivcu_service_guidance.v:196$6833'.
  created $adff cell `$procdff$15512' with positive edge clock and positive level reset.
Creating register for signal `\ivcu_service_guidance.\best_action' using process `\ivcu_service_guidance.$proc$/home/venky/final_ivcu_project/RTL_V4/ivcu_service_guidance.v:196$6833'.
  created $adff cell `$procdff$15517' with positive edge clock and positive level reset.
Creating register for signal `\ivcu_service_guidance.\best_starts' using process `\ivcu_service_guidance.$proc$/home/venky/final_ivcu_project/RTL_V4/ivcu_service_guidance.v:196$6833'.
  created $adff cell `$procdff$15522' with positive edge clock and positive level reset.
Creating register for signal `\ivcu_service_guidance.\action_of$func$/home/venky/final_ivcu_project/RTL_V4/ivcu_service_guidance.v:239$6813.$result' using process `\ivcu_service_guidance.$proc$/home/venky/final_ivcu_project/RTL_V4/ivcu_service_guidance.v:196$6833'.
  created $adff cell `$procdff$15527' with positive edge clock and positive level reset.
Creating register for signal `\ivcu_service_guidance.\action_of$func$/home/venky/final_ivcu_project/RTL_V4/ivcu_service_guidance.v:239$6813.status' using process `\ivcu_service_guidance.$proc$/home/venky/final_ivcu_project/RTL_V4/ivcu_service_guidance.v:196$6833'.
  created $adff cell `$procdff$15532' with positive edge clock and positive level reset.
Creating register for signal `\ivcu_service_guidance.\action_of$func$/home/venky/final_ivcu_project/RTL_V4/ivcu_service_guidance.v:239$6813.attr' using process `\ivcu_service_guidance.$proc$/home/venky/final_ivcu_project/RTL_V4/ivcu_service_guidance.v:196$6833'.
  created $adff cell `$procdff$15537' with positive edge clock and positive level reset.
Creating register for signal `\ivcu_service_guidance.\action_of$func$/home/venky/final_ivcu_project/RTL_V4/ivcu_service_guidance.v:239$6813.pstate' using process `\ivcu_service_guidance.$proc$/home/venky/final_ivcu_project/RTL_V4/ivcu_service_guidance.v:196$6833'.
  created $adff cell `$procdff$15542' with positive edge clock and positive level reset.
Creating register for signal `\ivcu_sensor_plausibility.\throttle_disagree' using process `\ivcu_sensor_plausibility.$proc$/home/venky/final_ivcu_project/RTL_V4/ivcu_sensor_plausibility.v:237$6704'.
  created $adff cell `$procdff$15547' with positive edge clock and positive level reset.
Creating register for signal `\ivcu_sensor_plausibility.\implausible' using process `\ivcu_sensor_plausibility.$proc$/home/venky/final_ivcu_project/RTL_V4/ivcu_sensor_plausibility.v:237$6704'.
  created $adff cell `$procdff$15552' with positive edge clock and positive level reset.
Creating register for signal `\ivcu_sensor_plausibility.\chk_ok' using process `\ivcu_sensor_plausibility.$proc$/home/venky/final_ivcu_project/RTL_V4/ivcu_sensor_plausibility.v:203$6662'.
  created $adff cell `$procdff$15557' with positive edge clock and positive level reset.
Creating register for signal `\ivcu_sensor_plausibility.\k' using process `\ivcu_sensor_plausibility.$proc$/home/venky/final_ivcu_project/RTL_V4/ivcu_sensor_plausibility.v:203$6662'.
  created $adff cell `$procdff$15562' with positive edge clock and positive level reset.
Creating register for signal `\ivcu_sensor_plausibility.\cnt[0]' using process `\ivcu_sensor_plausibility.$proc$/home/venky/final_ivcu_project/RTL_V4/ivcu_sensor_plausibility.v:203$6662'.
  created $adff cell `$procdff$15567' with positive edge clock and positive level reset.
Creating register for signal `\ivcu_sensor_plausibility.\cnt[1]' using process `\ivcu_sensor_plausibility.$proc$/home/venky/final_ivcu_project/RTL_V4/ivcu_sensor_plausibility.v:203$6662'.
  created $adff cell `$procdff$15572' with positive edge clock and positive level reset.
Creating register for signal `\ivcu_sensor_plausibility.\cnt[2]' using process `\ivcu_sensor_plausibility.$proc$/home/venky/final_ivcu_project/RTL_V4/ivcu_sensor_plausibility.v:203$6662'.
  created $adff cell `$procdff$15577' with positive edge clock and positive level reset.
Creating register for signal `\ivcu_sensor_plausibility.\cnt[3]' using process `\ivcu_sensor_plausibility.$proc$/home/venky/final_ivcu_project/RTL_V4/ivcu_sensor_plausibility.v:203$6662'.
  created $adff cell `$procdff$15582' with positive edge clock and positive level reset.
Creating register for signal `\ivcu_sensor_plausibility.\cnt[4]' using process `\ivcu_sensor_plausibility.$proc$/home/venky/final_ivcu_project/RTL_V4/ivcu_sensor_plausibility.v:203$6662'.
  created $adff cell `$procdff$15587' with positive edge clock and positive level reset.
Creating register for signal `\ivcu_sensor_plausibility.\cnt[5]' using process `\ivcu_sensor_plausibility.$proc$/home/venky/final_ivcu_project/RTL_V4/ivcu_sensor_plausibility.v:203$6662'.
  created $adff cell `$procdff$15592' with positive edge clock and positive level reset.
Creating register for signal `\ivcu_sensor_plausibility.\cnt[6]' using process `\ivcu_sensor_plausibility.$proc$/home/venky/final_ivcu_project/RTL_V4/ivcu_sensor_plausibility.v:203$6662'.
  created $adff cell `$procdff$15597' with positive edge clock and positive level reset.
Creating register for signal `\ivcu_sensor_plausibility.\cnt[7]' using process `\ivcu_sensor_plausibility.$proc$/home/venky/final_ivcu_project/RTL_V4/ivcu_sensor_plausibility.v:203$6662'.
  created $adff cell `$procdff$15602' with positive edge clock and positive level reset.
Creating register for signal `\ivcu_sensor_fault_detect.\ch[63].prev_raw' using process `\ivcu_sensor_fault_detect.$proc$/home/venky/final_ivcu_project/RTL_V4/ivcu_sensor_fault_detect.v:397$6569'.
  created $adff cell `$procdff$15607' with positive edge clock and positive level reset.
Creating register for signal `\ivcu_sensor_fault_detect.\ch[63].stuck_cnt' using process `\ivcu_sensor_fault_detect.$proc$/home/venky/final_ivcu_project/RTL_V4/ivcu_sensor_fault_detect.v:397$6569'.
  created $adff cell `$procdff$15612' with positive edge clock and positive level reset.
Creating register for signal `\ivcu_sensor_fault_detect.\ch[63].dead_cnt' using process `\ivcu_sensor_fault_detect.$proc$/home/venky/final_ivcu_project/RTL_V4/ivcu_sensor_fault_detect.v:397$6569'.
  created $adff cell `$procdff$15617' with positive edge clock and positive level reset.
Creating register for signal `\ivcu_sensor_fault_detect.\ch[63].dbnc' using process `\ivcu_sensor_fault_detect.$proc$/home/venky/final_ivcu_project/RTL_V4/ivcu_sensor_fault_detect.v:397$6569'.
  created $adff cell `$procdff$15622' with positive edge clock and positive level reset.
Creating register for signal `\ivcu_sensor_fault_detect.\ch[63].kind' using process `\ivcu_sensor_fault_detect.$proc$/home/venky/final_ivcu_project/RTL_V4/ivcu_sensor_fault_detect.v:397$6569'.
  created $adff cell `$procdff$15627' with positive edge clock and positive level reset.
Creating register for signal `\ivcu_sensor_fault_detect.\ch[63].dead_latch' using process `\ivcu_sensor_fault_detect.$proc$/home/venky/final_ivcu_project/RTL_V4/ivcu_sensor_fault_detect.v:397$6569'.
  created $adff cell `$procdff$15632' with positive edge clock and positive level reset.
Creating register for signal `\ivcu_sensor_fault_detect.\ch[62].prev_raw' using process `\ivcu_sensor_fault_detect.$proc$/home/venky/final_ivcu_project/RTL_V4/ivcu_sensor_fault_detect.v:397$6515'.
  created $adff cell `$procdff$15637' with positive edge clock and positive level reset.
Creating register for signal `\ivcu_sensor_fault_detect.\ch[62].stuck_cnt' using process `\ivcu_sensor_fault_detect.$proc$/home/venky/final_ivcu_project/RTL_V4/ivcu_sensor_fault_detect.v:397$6515'.
  created $adff cell `$procdff$15642' with positive edge clock and positive level reset.
Creating register for signal `\ivcu_sensor_fault_detect.\ch[62].dead_cnt' using process `\ivcu_sensor_fault_detect.$proc$/home/venky/final_ivcu_project/RTL_V4/ivcu_sensor_fault_detect.v:397$6515'.
  created $adff cell `$procdff$15647' with positive edge clock and positive level reset.
Creating register for signal `\ivcu_sensor_fault_detect.\ch[62].dbnc' using process `\ivcu_sensor_fault_detect.$proc$/home/venky/final_ivcu_project/RTL_V4/ivcu_sensor_fault_detect.v:397$6515'.
  created $adff cell `$procdff$15652' with positive edge clock and positive level reset.
Creating register for signal `\ivcu_sensor_fault_detect.\ch[62].kind' using process `\ivcu_sensor_fault_detect.$proc$/home/venky/final_ivcu_project/RTL_V4/ivcu_sensor_fault_detect.v:397$6515'.
  created $adff cell `$procdff$15657' with positive edge clock and positive level reset.
Creating register for signal `\ivcu_sensor_fault_detect.\ch[62].dead_latch' using process `\ivcu_sensor_fault_detect.$proc$/home/venky/final_ivcu_project/RTL_V4/ivcu_sensor_fault_detect.v:397$6515'.
  created $adff cell `$procdff$15662' with positive edge clock and positive level reset.
Creating register for signal `\ivcu_sensor_fault_detect.\ch[61].prev_raw' using process `\ivcu_sensor_fault_detect.$proc$/home/venky/final_ivcu_project/RTL_V4/ivcu_sensor_fault_detect.v:397$6461'.
  created $adff cell `$procdff$15667' with positive edge clock and positive level reset.
Creating register for signal `\ivcu_sensor_fault_detect.\ch[61].stuck_cnt' using process `\ivcu_sensor_fault_detect.$proc$/home/venky/final_ivcu_project/RTL_V4/ivcu_sensor_fault_detect.v:397$6461'.
  created $adff cell `$procdff$15672' with positive edge clock and positive level reset.
Creating register for signal `\ivcu_sensor_fault_detect.\ch[61].dead_cnt' using process `\ivcu_sensor_fault_detect.$proc$/home/venky/final_ivcu_project/RTL_V4/ivcu_sensor_fault_detect.v:397$6461'.
  created $adff cell `$procdff$15677' with positive edge clock and positive level reset.
Creating register for signal `\ivcu_sensor_fault_detect.\ch[61].dbnc' using process `\ivcu_sensor_fault_detect.$proc$/home/venky/final_ivcu_project/RTL_V4/ivcu_sensor_fault_detect.v:397$6461'.
  created $adff cell `$procdff$15682' with positive edge clock and positive level reset.
Creating register for signal `\ivcu_sensor_fault_detect.\ch[61].kind' using process `\ivcu_sensor_fault_detect.$proc$/home/venky/final_ivcu_project/RTL_V4/ivcu_sensor_fault_detect.v:397$6461'.
  created $adff cell `$procdff$15687' with positive edge clock and positive level reset.
Creating register for signal `\ivcu_sensor_fault_detect.\ch[61].dead_latch' using process `\ivcu_sensor_fault_detect.$proc$/home/venky/final_ivcu_project/RTL_V4/ivcu_sensor_fault_detect.v:397$6461'.
  created $adff cell `$procdff$15692' with positive edge clock and positive level reset.
Creating register for signal `\ivcu_sensor_fault_detect.\ch[60].prev_raw' using process `\ivcu_sensor_fault_detect.$proc$/home/venky/final_ivcu_project/RTL_V4/ivcu_sensor_fault_detect.v:397$6407'.
  created $adff cell `$procdff$15697' with positive edge clock and positive level reset.
Creating register for signal `\ivcu_sensor_fault_detect.\ch[60].stuck_cnt' using process `\ivcu_sensor_fault_detect.$proc$/home/venky/final_ivcu_project/RTL_V4/ivcu_sensor_fault_detect.v:397$6407'.
  created $adff cell `$procdff$15702' with positive edge clock and positive level reset.
Creating register for signal `\ivcu_sensor_fault_detect.\ch[60].dead_cnt' using process `\ivcu_sensor_fault_detect.$proc$/home/venky/final_ivcu_project/RTL_V4/ivcu_sensor_fault_detect.v:397$6407'.
  created $adff cell `$procdff$15707' with positive edge clock and positive level reset.
Creating register for signal `\ivcu_sensor_fault_detect.\ch[60].dbnc' using process `\ivcu_sensor_fault_detect.$proc$/home/venky/final_ivcu_project/RTL_V4/ivcu_sensor_fault_detect.v:397$6407'.
  created $adff cell `$procdff$15712' with positive edge clock and positive level reset.
Creating register for signal `\ivcu_sensor_fault_detect.\ch[60].kind' using process `\ivcu_sensor_fault_detect.$proc$/home/venky/final_ivcu_project/RTL_V4/ivcu_sensor_fault_detect.v:397$6407'.
  created $adff cell `$procdff$15717' with positive edge clock and positive level reset.
Creating register for signal `\ivcu_sensor_fault_detect.\ch[60].dead_latch' using process `\ivcu_sensor_fault_detect.$proc$/home/venky/final_ivcu_project/RTL_V4/ivcu_sensor_fault_detect.v:397$6407'.
  created $adff cell `$procdff$15722' with positive edge clock and positive level reset.
Creating register for signal `\ivcu_sensor_fault_detect.\ch[59].prev_raw' using process `\ivcu_sensor_fault_detect.$proc$/home/venky/final_ivcu_project/RTL_V4/ivcu_sensor_fault_detect.v:397$6353'.
  created $adff cell `$procdff$15727' with positive edge clock and positive level reset.
Creating register for signal `\ivcu_sensor_fault_detect.\ch[59].stuck_cnt' using process `\ivcu_sensor_fault_detect.$proc$/home/venky/final_ivcu_project/RTL_V4/ivcu_sensor_fault_detect.v:397$6353'.
  created $adff cell `$procdff$15732' with positive edge clock and positive level reset.
Creating register for signal `\ivcu_sensor_fault_detect.\ch[59].dead_cnt' using process `\ivcu_sensor_fault_detect.$proc$/home/venky/final_ivcu_project/RTL_V4/ivcu_sensor_fault_detect.v:397$6353'.
  created $adff cell `$procdff$15737' with positive edge clock and positive level reset.
Creating register for signal `\ivcu_sensor_fault_detect.\ch[59].dbnc' using process `\ivcu_sensor_fault_detect.$proc$/home/venky/final_ivcu_project/RTL_V4/ivcu_sensor_fault_detect.v:397$6353'.
  created $adff cell `$procdff$15742' with positive edge clock and positive level reset.
Creating register for signal `\ivcu_sensor_fault_detect.\ch[59].kind' using process `\ivcu_sensor_fault_detect.$proc$/home/venky/final_ivcu_project/RTL_V4/ivcu_sensor_fault_detect.v:397$6353'.
  created $adff cell `$procdff$15747' with positive edge clock and positive level reset.
Creating register for signal `\ivcu_sensor_fault_detect.\ch[59].dead_latch' using process `\ivcu_sensor_fault_detect.$proc$/home/venky/final_ivcu_project/RTL_V4/ivcu_sensor_fault_detect.v:397$6353'.
  created $adff cell `$procdff$15752' with positive edge clock and positive level reset.
Creating register for signal `\ivcu_sensor_fault_detect.\ch[58].prev_raw' using process `\ivcu_sensor_fault_detect.$proc$/home/venky/final_ivcu_project/RTL_V4/ivcu_sensor_fault_detect.v:397$6299'.
  created $adff cell `$procdff$15757' with positive edge clock and positive level reset.
Creating register for signal `\ivcu_sensor_fault_detect.\ch[58].stuck_cnt' using process `\ivcu_sensor_fault_detect.$proc$/home/venky/final_ivcu_project/RTL_V4/ivcu_sensor_fault_detect.v:397$6299'.
  created $adff cell `$procdff$15762' with positive edge clock and positive level reset.
Creating register for signal `\ivcu_sensor_fault_detect.\ch[58].dead_cnt' using process `\ivcu_sensor_fault_detect.$proc$/home/venky/final_ivcu_project/RTL_V4/ivcu_sensor_fault_detect.v:397$6299'.
  created $adff cell `$procdff$15767' with positive edge clock and positive level reset.
Creating register for signal `\ivcu_sensor_fault_detect.\ch[58].dbnc' using process `\ivcu_sensor_fault_detect.$proc$/home/venky/final_ivcu_project/RTL_V4/ivcu_sensor_fault_detect.v:397$6299'.
  created $adff cell `$procdff$15772' with positive edge clock and positive level reset.
Creating register for signal `\ivcu_sensor_fault_detect.\ch[58].kind' using process `\ivcu_sensor_fault_detect.$proc$/home/venky/final_ivcu_project/RTL_V4/ivcu_sensor_fault_detect.v:397$6299'.
  created $adff cell `$procdff$15777' with positive edge clock and positive level reset.
Creating register for signal `\ivcu_sensor_fault_detect.\ch[58].dead_latch' using process `\ivcu_sensor_fault_detect.$proc$/home/venky/final_ivcu_project/RTL_V4/ivcu_sensor_fault_detect.v:397$6299'.
  created $adff cell `$procdff$15782' with positive edge clock and positive level reset.
Creating register for signal `\ivcu_sensor_fault_detect.\ch[57].prev_raw' using process `\ivcu_sensor_fault_detect.$proc$/home/venky/final_ivcu_project/RTL_V4/ivcu_sensor_fault_detect.v:397$6245'.
  created $adff cell `$procdff$15787' with positive edge clock and positive level reset.
Creating register for signal `\ivcu_sensor_fault_detect.\ch[57].stuck_cnt' using process `\ivcu_sensor_fault_detect.$proc$/home/venky/final_ivcu_project/RTL_V4/ivcu_sensor_fault_detect.v:397$6245'.
  created $adff cell `$procdff$15792' with positive edge clock and positive level reset.
Creating register for signal `\ivcu_sensor_fault_detect.\ch[57].dead_cnt' using process `\ivcu_sensor_fault_detect.$proc$/home/venky/final_ivcu_project/RTL_V4/ivcu_sensor_fault_detect.v:397$6245'.
  created $adff cell `$procdff$15797' with positive edge clock and positive level reset.
Creating register for signal `\ivcu_sensor_fault_detect.\ch[57].dbnc' using process `\ivcu_sensor_fault_detect.$proc$/home/venky/final_ivcu_project/RTL_V4/ivcu_sensor_fault_detect.v:397$6245'.
  created $adff cell `$procdff$15802' with positive edge clock and positive level reset.
Creating register for signal `\ivcu_sensor_fault_detect.\ch[57].kind' using process `\ivcu_sensor_fault_detect.$proc$/home/venky/final_ivcu_project/RTL_V4/ivcu_sensor_fault_detect.v:397$6245'.
  created $adff cell `$procdff$15807' with positive edge clock and positive level reset.
Creating register for signal `\ivcu_sensor_fault_detect.\ch[57].dead_latch' using process `\ivcu_sensor_fault_detect.$proc$/home/venky/final_ivcu_project/RTL_V4/ivcu_sensor_fault_detect.v:397$6245'.
  created $adff cell `$procdff$15812' with positive edge clock and positive level reset.
Creating register for signal `\ivcu_sensor_fault_detect.\ch[56].prev_raw' using process `\ivcu_sensor_fault_detect.$proc$/home/venky/final_ivcu_project/RTL_V4/ivcu_sensor_fault_detect.v:397$6191'.
  created $adff cell `$procdff$15817' with positive edge clock and positive level reset.
Creating register for signal `\ivcu_sensor_fault_detect.\ch[56].stuck_cnt' using process `\ivcu_sensor_fault_detect.$proc$/home/venky/final_ivcu_project/RTL_V4/ivcu_sensor_fault_detect.v:397$6191'.
  created $adff cell `$procdff$15822' with positive edge clock and positive level reset.
Creating register for signal `\ivcu_sensor_fault_detect.\ch[56].dead_cnt' using process `\ivcu_sensor_fault_detect.$proc$/home/venky/final_ivcu_project/RTL_V4/ivcu_sensor_fault_detect.v:397$6191'.
  created $adff cell `$procdff$15827' with positive edge clock and positive level reset.
Creating register for signal `\ivcu_sensor_fault_detect.\ch[56].dbnc' using process `\ivcu_sensor_fault_detect.$proc$/home/venky/final_ivcu_project/RTL_V4/ivcu_sensor_fault_detect.v:397$6191'.
  created $adff cell `$procdff$15832' with positive edge clock and positive level reset.
Creating register for signal `\ivcu_sensor_fault_detect.\ch[56].kind' using process `\ivcu_sensor_fault_detect.$proc$/home/venky/final_ivcu_project/RTL_V4/ivcu_sensor_fault_detect.v:397$6191'.
  created $adff cell `$procdff$15837' with positive edge clock and positive level reset.
Creating register for signal `\ivcu_sensor_fault_detect.\ch[56].dead_latch' using process `\ivcu_sensor_fault_detect.$proc$/home/venky/final_ivcu_project/RTL_V4/ivcu_sensor_fault_detect.v:397$6191'.
  created $adff cell `$procdff$15842' with positive edge clock and positive level reset.
Creating register for signal `\ivcu_sensor_fault_detect.\ch[55].prev_raw' using process `\ivcu_sensor_fault_detect.$proc$/home/venky/final_ivcu_project/RTL_V4/ivcu_sensor_fault_detect.v:397$6137'.
  created $adff cell `$procdff$15847' with positive edge clock and positive level reset.
Creating register for signal `\ivcu_sensor_fault_detect.\ch[55].stuck_cnt' using process `\ivcu_sensor_fault_detect.$proc$/home/venky/final_ivcu_project/RTL_V4/ivcu_sensor_fault_detect.v:397$6137'.
  created $adff cell `$procdff$15852' with positive edge clock and positive level reset.
Creating register for signal `\ivcu_sensor_fault_detect.\ch[55].dead_cnt' using process `\ivcu_sensor_fault_detect.$proc$/home/venky/final_ivcu_project/RTL_V4/ivcu_sensor_fault_detect.v:397$6137'.
  created $adff cell `$procdff$15857' with positive edge clock and positive level reset.
Creating register for signal `\ivcu_sensor_fault_detect.\ch[55].dbnc' using process `\ivcu_sensor_fault_detect.$proc$/home/venky/final_ivcu_project/RTL_V4/ivcu_sensor_fault_detect.v:397$6137'.
  created $adff cell `$procdff$15862' with positive edge clock and positive level reset.
Creating register for signal `\ivcu_sensor_fault_detect.\ch[55].kind' using process `\ivcu_sensor_fault_detect.$proc$/home/venky/final_ivcu_project/RTL_V4/ivcu_sensor_fault_detect.v:397$6137'.
  created $adff cell `$procdff$15867' with positive edge clock and positive level reset.
Creating register for signal `\ivcu_sensor_fault_detect.\ch[55].dead_latch' using process `\ivcu_sensor_fault_detect.$proc$/home/venky/final_ivcu_project/RTL_V4/ivcu_sensor_fault_detect.v:397$6137'.
  created $adff cell `$procdff$15872' with positive edge clock and positive level reset.
Creating register for signal `\ivcu_sensor_fault_detect.\ch[54].prev_raw' using process `\ivcu_sensor_fault_detect.$proc$/home/venky/final_ivcu_project/RTL_V4/ivcu_sensor_fault_detect.v:397$6083'.
  created $adff cell `$procdff$15877' with positive edge clock and positive level reset.
Creating register for signal `\ivcu_sensor_fault_detect.\ch[54].stuck_cnt' using process `\ivcu_sensor_fault_detect.$proc$/home/venky/final_ivcu_project/RTL_V4/ivcu_sensor_fault_detect.v:397$6083'.
  created $adff cell `$procdff$15882' with positive edge clock and positive level reset.
Creating register for signal `\ivcu_sensor_fault_detect.\ch[54].dead_cnt' using process `\ivcu_sensor_fault_detect.$proc$/home/venky/final_ivcu_project/RTL_V4/ivcu_sensor_fault_detect.v:397$6083'.
  created $adff cell `$procdff$15887' with positive edge clock and positive level reset.
Creating register for signal `\ivcu_sensor_fault_detect.\ch[54].dbnc' using process `\ivcu_sensor_fault_detect.$proc$/home/venky/final_ivcu_project/RTL_V4/ivcu_sensor_fault_detect.v:397$6083'.
  created $adff cell `$procdff$15892' with positive edge clock and positive level reset.
Creating register for signal `\ivcu_sensor_fault_detect.\ch[54].kind' using process `\ivcu_sensor_fault_detect.$proc$/home/venky/final_ivcu_project/RTL_V4/ivcu_sensor_fault_detect.v:397$6083'.
  created $adff cell `$procdff$15897' with positive edge clock and positive level reset.
Creating register for signal `\ivcu_sensor_fault_detect.\ch[54].dead_latch' using process `\ivcu_sensor_fault_detect.$proc$/home/venky/final_ivcu_project/RTL_V4/ivcu_sensor_fault_detect.v:397$6083'.
  created $adff cell `$procdff$15902' with positive edge clock and positive level reset.
Creating register for signal `\ivcu_sensor_fault_detect.\ch[53].prev_raw' using process `\ivcu_sensor_fault_detect.$proc$/home/venky/final_ivcu_project/RTL_V4/ivcu_sensor_fault_detect.v:397$6029'.
  created $adff cell `$procdff$15907' with positive edge clock and positive level reset.
Creating register for signal `\ivcu_sensor_fault_detect.\ch[53].stuck_cnt' using process `\ivcu_sensor_fault_detect.$proc$/home/venky/final_ivcu_project/RTL_V4/ivcu_sensor_fault_detect.v:397$6029'.
  created $adff cell `$procdff$15912' with positive edge clock and positive level reset.
Creating register for signal `\ivcu_sensor_fault_detect.\ch[53].dead_cnt' using process `\ivcu_sensor_fault_detect.$proc$/home/venky/final_ivcu_project/RTL_V4/ivcu_sensor_fault_detect.v:397$6029'.
  created $adff cell `$procdff$15917' with positive edge clock and positive level reset.
Creating register for signal `\ivcu_sensor_fault_detect.\ch[53].dbnc' using process `\ivcu_sensor_fault_detect.$proc$/home/venky/final_ivcu_project/RTL_V4/ivcu_sensor_fault_detect.v:397$6029'.
  created $adff cell `$procdff$15922' with positive edge clock and positive level reset.
Creating register for signal `\ivcu_sensor_fault_detect.\ch[53].kind' using process `\ivcu_sensor_fault_detect.$proc$/home/venky/final_ivcu_project/RTL_V4/ivcu_sensor_fault_detect.v:397$6029'.
  created $adff cell `$procdff$15927' with positive edge clock and positive level reset.
Creating register for signal `\ivcu_sensor_fault_detect.\ch[53].dead_latch' using process `\ivcu_sensor_fault_detect.$proc$/home/venky/final_ivcu_project/RTL_V4/ivcu_sensor_fault_detect.v:397$6029'.
  created $adff cell `$procdff$15932' with positive edge clock and positive level reset.
Creating register for signal `\ivcu_sensor_fault_detect.\ch[52].prev_raw' using process `\ivcu_sensor_fault_detect.$proc$/home/venky/final_ivcu_project/RTL_V4/ivcu_sensor_fault_detect.v:397$5975'.
  created $adff cell `$procdff$15937' with positive edge clock and positive level reset.
Creating register for signal `\ivcu_sensor_fault_detect.\ch[52].stuck_cnt' using process `\ivcu_sensor_fault_detect.$proc$/home/venky/final_ivcu_project/RTL_V4/ivcu_sensor_fault_detect.v:397$5975'.
  created $adff cell `$procdff$15942' with positive edge clock and positive level reset.
Creating register for signal `\ivcu_sensor_fault_detect.\ch[52].dead_cnt' using process `\ivcu_sensor_fault_detect.$proc$/home/venky/final_ivcu_project/RTL_V4/ivcu_sensor_fault_detect.v:397$5975'.
  created $adff cell `$procdff$15947' with positive edge clock and positive level reset.
Creating register for signal `\ivcu_sensor_fault_detect.\ch[52].dbnc' using process `\ivcu_sensor_fault_detect.$proc$/home/venky/final_ivcu_project/RTL_V4/ivcu_sensor_fault_detect.v:397$5975'.
  created $adff cell `$procdff$15952' with positive edge clock and positive level reset.
Creating register for signal `\ivcu_sensor_fault_detect.\ch[52].kind' using process `\ivcu_sensor_fault_detect.$proc$/home/venky/final_ivcu_project/RTL_V4/ivcu_sensor_fault_detect.v:397$5975'.
  created $adff cell `$procdff$15957' with positive edge clock and positive level reset.
Creating register for signal `\ivcu_sensor_fault_detect.\ch[52].dead_latch' using process `\ivcu_sensor_fault_detect.$proc$/home/venky/final_ivcu_project/RTL_V4/ivcu_sensor_fault_detect.v:397$5975'.
  created $adff cell `$procdff$15962' with positive edge clock and positive level reset.
Creating register for signal `\ivcu_sensor_fault_detect.\ch[51].prev_raw' using process `\ivcu_sensor_fault_detect.$proc$/home/venky/final_ivcu_project/RTL_V4/ivcu_sensor_fault_detect.v:397$5921'.
  created $adff cell `$procdff$15967' with positive edge clock and positive level reset.
Creating register for signal `\ivcu_sensor_fault_detect.\ch[51].stuck_cnt' using process `\ivcu_sensor_fault_detect.$proc$/home/venky/final_ivcu_project/RTL_V4/ivcu_sensor_fault_detect.v:397$5921'.
  created $adff cell `$procdff$15972' with positive edge clock and positive level reset.
Creating register for signal `\ivcu_sensor_fault_detect.\ch[51].dead_cnt' using process `\ivcu_sensor_fault_detect.$proc$/home/venky/final_ivcu_project/RTL_V4/ivcu_sensor_fault_detect.v:397$5921'.
  created $adff cell `$procdff$15977' with positive edge clock and positive level reset.
Creating register for signal `\ivcu_sensor_fault_detect.\ch[51].dbnc' using process `\ivcu_sensor_fault_detect.$proc$/home/venky/final_ivcu_project/RTL_V4/ivcu_sensor_fault_detect.v:397$5921'.
  created $adff cell `$procdff$15982' with positive edge clock and positive level reset.
Creating register for signal `\ivcu_sensor_fault_detect.\ch[51].kind' using process `\ivcu_sensor_fault_detect.$proc$/home/venky/final_ivcu_project/RTL_V4/ivcu_sensor_fault_detect.v:397$5921'.
  created $adff cell `$procdff$15987' with positive edge clock and positive level reset.
Creating register for signal `\ivcu_sensor_fault_detect.\ch[51].dead_latch' using process `\ivcu_sensor_fault_detect.$proc$/home/venky/final_ivcu_project/RTL_V4/ivcu_sensor_fault_detect.v:397$5921'.
  created $adff cell `$procdff$15992' with positive edge clock and positive level reset.
Creating register for signal `\ivcu_sensor_fault_detect.\ch[50].prev_raw' using process `\ivcu_sensor_fault_detect.$proc$/home/venky/final_ivcu_project/RTL_V4/ivcu_sensor_fault_detect.v:397$5867'.
  created $adff cell `$procdff$15997' with positive edge clock and positive level reset.
Creating register for signal `\ivcu_sensor_fault_detect.\ch[50].stuck_cnt' using process `\ivcu_sensor_fault_detect.$proc$/home/venky/final_ivcu_project/RTL_V4/ivcu_sensor_fault_detect.v:397$5867'.
  created $adff cell `$procdff$16002' with positive edge clock and positive level reset.
Creating register for signal `\ivcu_sensor_fault_detect.\ch[50].dead_cnt' using process `\ivcu_sensor_fault_detect.$proc$/home/venky/final_ivcu_project/RTL_V4/ivcu_sensor_fault_detect.v:397$5867'.
  created $adff cell `$procdff$16007' with positive edge clock and positive level reset.
Creating register for signal `\ivcu_sensor_fault_detect.\ch[50].dbnc' using process `\ivcu_sensor_fault_detect.$proc$/home/venky/final_ivcu_project/RTL_V4/ivcu_sensor_fault_detect.v:397$5867'.
  created $adff cell `$procdff$16012' with positive edge clock and positive level reset.
Creating register for signal `\ivcu_sensor_fault_detect.\ch[50].kind' using process `\ivcu_sensor_fault_detect.$proc$/home/venky/final_ivcu_project/RTL_V4/ivcu_sensor_fault_detect.v:397$5867'.
  created $adff cell `$procdff$16017' with positive edge clock and positive level reset.
Creating register for signal `\ivcu_sensor_fault_detect.\ch[50].dead_latch' using process `\ivcu_sensor_fault_detect.$proc$/home/venky/final_ivcu_project/RTL_V4/ivcu_sensor_fault_detect.v:397$5867'.
  created $adff cell `$procdff$16022' with positive edge clock and positive level reset.
Creating register for signal `\ivcu_sensor_fault_detect.\ch[49].prev_raw' using process `\ivcu_sensor_fault_detect.$proc$/home/venky/final_ivcu_project/RTL_V4/ivcu_sensor_fault_detect.v:397$5813'.
  created $adff cell `$procdff$16027' with positive edge clock and positive level reset.
Creating register for signal `\ivcu_sensor_fault_detect.\ch[49].stuck_cnt' using process `\ivcu_sensor_fault_detect.$proc$/home/venky/final_ivcu_project/RTL_V4/ivcu_sensor_fault_detect.v:397$5813'.
  created $adff cell `$procdff$16032' with positive edge clock and positive level reset.
Creating register for signal `\ivcu_sensor_fault_detect.\ch[49].dead_cnt' using process `\ivcu_sensor_fault_detect.$proc$/home/venky/final_ivcu_project/RTL_V4/ivcu_sensor_fault_detect.v:397$5813'.
  created $adff cell `$procdff$16037' with positive edge clock and positive level reset.
Creating register for signal `\ivcu_sensor_fault_detect.\ch[49].dbnc' using process `\ivcu_sensor_fault_detect.$proc$/home/venky/final_ivcu_project/RTL_V4/ivcu_sensor_fault_detect.v:397$5813'.
  created $adff cell `$procdff$16042' with positive edge clock and positive level reset.
Creating register for signal `\ivcu_sensor_fault_detect.\ch[49].kind' using process `\ivcu_sensor_fault_detect.$proc$/home/venky/final_ivcu_project/RTL_V4/ivcu_sensor_fault_detect.v:397$5813'.
  created $adff cell `$procdff$16047' with positive edge clock and positive level reset.
Creating register for signal `\ivcu_sensor_fault_detect.\ch[49].dead_latch' using process `\ivcu_sensor_fault_detect.$proc$/home/venky/final_ivcu_project/RTL_V4/ivcu_sensor_fault_detect.v:397$5813'.
  created $adff cell `$procdff$16052' with positive edge clock and positive level reset.
Creating register for signal `\ivcu_sensor_fault_detect.\ch[48].prev_raw' using process `\ivcu_sensor_fault_detect.$proc$/home/venky/final_ivcu_project/RTL_V4/ivcu_sensor_fault_detect.v:397$5759'.
  created $adff cell `$procdff$16057' with positive edge clock and positive level reset.
Creating register for signal `\ivcu_sensor_fault_detect.\ch[48].stuck_cnt' using process `\ivcu_sensor_fault_detect.$proc$/home/venky/final_ivcu_project/RTL_V4/ivcu_sensor_fault_detect.v:397$5759'.
  created $adff cell `$procdff$16062' with positive edge clock and positive level reset.
Creating register for signal `\ivcu_sensor_fault_detect.\ch[48].dead_cnt' using process `\ivcu_sensor_fault_detect.$proc$/home/venky/final_ivcu_project/RTL_V4/ivcu_sensor_fault_detect.v:397$5759'.
  created $adff cell `$procdff$16067' with positive edge clock and positive level reset.
Creating register for signal `\ivcu_sensor_fault_detect.\ch[48].dbnc' using process `\ivcu_sensor_fault_detect.$proc$/home/venky/final_ivcu_project/RTL_V4/ivcu_sensor_fault_detect.v:397$5759'.
  created $adff cell `$procdff$16072' with positive edge clock and positive level reset.
Creating register for signal `\ivcu_sensor_fault_detect.\ch[48].kind' using process `\ivcu_sensor_fault_detect.$proc$/home/venky/final_ivcu_project/RTL_V4/ivcu_sensor_fault_detect.v:397$5759'.
  created $adff cell `$procdff$16077' with positive edge clock and positive level reset.
Creating register for signal `\ivcu_sensor_fault_detect.\ch[48].dead_latch' using process `\ivcu_sensor_fault_detect.$proc$/home/venky/final_ivcu_project/RTL_V4/ivcu_sensor_fault_detect.v:397$5759'.
  created $adff cell `$procdff$16082' with positive edge clock and positive level reset.
Creating register for signal `\ivcu_sensor_fault_detect.\ch[47].prev_raw' using process `\ivcu_sensor_fault_detect.$proc$/home/venky/final_ivcu_project/RTL_V4/ivcu_sensor_fault_detect.v:397$5705'.
  created $adff cell `$procdff$16087' with positive edge clock and positive level reset.
Creating register for signal `\ivcu_sensor_fault_detect.\ch[47].stuck_cnt' using process `\ivcu_sensor_fault_detect.$proc$/home/venky/final_ivcu_project/RTL_V4/ivcu_sensor_fault_detect.v:397$5705'.
  created $adff cell `$procdff$16092' with positive edge clock and positive level reset.
Creating register for signal `\ivcu_sensor_fault_detect.\ch[47].dead_cnt' using process `\ivcu_sensor_fault_detect.$proc$/home/venky/final_ivcu_project/RTL_V4/ivcu_sensor_fault_detect.v:397$5705'.
  created $adff cell `$procdff$16097' with positive edge clock and positive level reset.
Creating register for signal `\ivcu_sensor_fault_detect.\ch[47].dbnc' using process `\ivcu_sensor_fault_detect.$proc$/home/venky/final_ivcu_project/RTL_V4/ivcu_sensor_fault_detect.v:397$5705'.
  created $adff cell `$procdff$16102' with positive edge clock and positive level reset.
Creating register for signal `\ivcu_sensor_fault_detect.\ch[47].kind' using process `\ivcu_sensor_fault_detect.$proc$/home/venky/final_ivcu_project/RTL_V4/ivcu_sensor_fault_detect.v:397$5705'.
  created $adff cell `$procdff$16107' with positive edge clock and positive level reset.
Creating register for signal `\ivcu_sensor_fault_detect.\ch[47].dead_latch' using process `\ivcu_sensor_fault_detect.$proc$/home/venky/final_ivcu_project/RTL_V4/ivcu_sensor_fault_detect.v:397$5705'.
  created $adff cell `$procdff$16112' with positive edge clock and positive level reset.
Creating register for signal `\ivcu_sensor_fault_detect.\ch[46].prev_raw' using process `\ivcu_sensor_fault_detect.$proc$/home/venky/final_ivcu_project/RTL_V4/ivcu_sensor_fault_detect.v:397$5651'.
  created $adff cell `$procdff$16117' with positive edge clock and positive level reset.
Creating register for signal `\ivcu_sensor_fault_detect.\ch[46].stuck_cnt' using process `\ivcu_sensor_fault_detect.$proc$/home/venky/final_ivcu_project/RTL_V4/ivcu_sensor_fault_detect.v:397$5651'.
  created $adff cell `$procdff$16122' with positive edge clock and positive level reset.
Creating register for signal `\ivcu_sensor_fault_detect.\ch[46].dead_cnt' using process `\ivcu_sensor_fault_detect.$proc$/home/venky/final_ivcu_project/RTL_V4/ivcu_sensor_fault_detect.v:397$5651'.
  created $adff cell `$procdff$16127' with positive edge clock and positive level reset.
Creating register for signal `\ivcu_sensor_fault_detect.\ch[46].dbnc' using process `\ivcu_sensor_fault_detect.$proc$/home/venky/final_ivcu_project/RTL_V4/ivcu_sensor_fault_detect.v:397$5651'.
  created $adff cell `$procdff$16132' with positive edge clock and positive level reset.
Creating register for signal `\ivcu_sensor_fault_detect.\ch[46].kind' using process `\ivcu_sensor_fault_detect.$proc$/home/venky/final_ivcu_project/RTL_V4/ivcu_sensor_fault_detect.v:397$5651'.
  created $adff cell `$procdff$16137' with positive edge clock and positive level reset.
Creating register for signal `\ivcu_sensor_fault_detect.\ch[46].dead_latch' using process `\ivcu_sensor_fault_detect.$proc$/home/venky/final_ivcu_project/RTL_V4/ivcu_sensor_fault_detect.v:397$5651'.
  created $adff cell `$procdff$16142' with positive edge clock and positive level reset.
Creating register for signal `\ivcu_sensor_fault_detect.\ch[45].prev_raw' using process `\ivcu_sensor_fault_detect.$proc$/home/venky/final_ivcu_project/RTL_V4/ivcu_sensor_fault_detect.v:397$5597'.
  created $adff cell `$procdff$16147' with positive edge clock and positive level reset.
Creating register for signal `\ivcu_sensor_fault_detect.\ch[45].stuck_cnt' using process `\ivcu_sensor_fault_detect.$proc$/home/venky/final_ivcu_project/RTL_V4/ivcu_sensor_fault_detect.v:397$5597'.
  created $adff cell `$procdff$16152' with positive edge clock and positive level reset.
Creating register for signal `\ivcu_sensor_fault_detect.\ch[45].dead_cnt' using process `\ivcu_sensor_fault_detect.$proc$/home/venky/final_ivcu_project/RTL_V4/ivcu_sensor_fault_detect.v:397$5597'.
  created $adff cell `$procdff$16157' with positive edge clock and positive level reset.
Creating register for signal `\ivcu_sensor_fault_detect.\ch[45].dbnc' using process `\ivcu_sensor_fault_detect.$proc$/home/venky/final_ivcu_project/RTL_V4/ivcu_sensor_fault_detect.v:397$5597'.
  created $adff cell `$procdff$16162' with positive edge clock and positive level reset.
Creating register for signal `\ivcu_sensor_fault_detect.\ch[45].kind' using process `\ivcu_sensor_fault_detect.$proc$/home/venky/final_ivcu_project/RTL_V4/ivcu_sensor_fault_detect.v:397$5597'.
  created $adff cell `$procdff$16167' with positive edge clock and positive level reset.
Creating register for signal `\ivcu_sensor_fault_detect.\ch[45].dead_latch' using process `\ivcu_sensor_fault_detect.$proc$/home/venky/final_ivcu_project/RTL_V4/ivcu_sensor_fault_detect.v:397$5597'.
  created $adff cell `$procdff$16172' with positive edge clock and positive level reset.
Creating register for signal `\ivcu_sensor_fault_detect.\ch[44].prev_raw' using process `\ivcu_sensor_fault_detect.$proc$/home/venky/final_ivcu_project/RTL_V4/ivcu_sensor_fault_detect.v:397$5543'.
  created $adff cell `$procdff$16177' with positive edge clock and positive level reset.
Creating register for signal `\ivcu_sensor_fault_detect.\ch[44].stuck_cnt' using process `\ivcu_sensor_fault_detect.$proc$/home/venky/final_ivcu_project/RTL_V4/ivcu_sensor_fault_detect.v:397$5543'.
  created $adff cell `$procdff$16182' with positive edge clock and positive level reset.
Creating register for signal `\ivcu_sensor_fault_detect.\ch[44].dead_cnt' using process `\ivcu_sensor_fault_detect.$proc$/home/venky/final_ivcu_project/RTL_V4/ivcu_sensor_fault_detect.v:397$5543'.
  created $adff cell `$procdff$16187' with positive edge clock and positive level reset.
Creating register for signal `\ivcu_sensor_fault_detect.\ch[44].dbnc' using process `\ivcu_sensor_fault_detect.$proc$/home/venky/final_ivcu_project/RTL_V4/ivcu_sensor_fault_detect.v:397$5543'.
  created $adff cell `$procdff$16192' with positive edge clock and positive level reset.
Creating register for signal `\ivcu_sensor_fault_detect.\ch[44].kind' using process `\ivcu_sensor_fault_detect.$proc$/home/venky/final_ivcu_project/RTL_V4/ivcu_sensor_fault_detect.v:397$5543'.
  created $adff cell `$procdff$16197' with positive edge clock and positive level reset.
Creating register for signal `\ivcu_sensor_fault_detect.\ch[44].dead_latch' using process `\ivcu_sensor_fault_detect.$proc$/home/venky/final_ivcu_project/RTL_V4/ivcu_sensor_fault_detect.v:397$5543'.
  created $adff cell `$procdff$16202' with positive edge clock and positive level reset.
Creating register for signal `\ivcu_sensor_fault_detect.\ch[43].prev_raw' using process `\ivcu_sensor_fault_detect.$proc$/home/venky/final_ivcu_project/RTL_V4/ivcu_sensor_fault_detect.v:397$5489'.
  created $adff cell `$procdff$16207' with positive edge clock and positive level reset.
Creating register for signal `\ivcu_sensor_fault_detect.\ch[43].stuck_cnt' using process `\ivcu_sensor_fault_detect.$proc$/home/venky/final_ivcu_project/RTL_V4/ivcu_sensor_fault_detect.v:397$5489'.
  created $adff cell `$procdff$16212' with positive edge clock and positive level reset.
Creating register for signal `\ivcu_sensor_fault_detect.\ch[43].dead_cnt' using process `\ivcu_sensor_fault_detect.$proc$/home/venky/final_ivcu_project/RTL_V4/ivcu_sensor_fault_detect.v:397$5489'.
  created $adff cell `$procdff$16217' with positive edge clock and positive level reset.
Creating register for signal `\ivcu_sensor_fault_detect.\ch[43].dbnc' using process `\ivcu_sensor_fault_detect.$proc$/home/venky/final_ivcu_project/RTL_V4/ivcu_sensor_fault_detect.v:397$5489'.
  created $adff cell `$procdff$16222' with positive edge clock and positive level reset.
Creating register for signal `\ivcu_sensor_fault_detect.\ch[43].kind' using process `\ivcu_sensor_fault_detect.$proc$/home/venky/final_ivcu_project/RTL_V4/ivcu_sensor_fault_detect.v:397$5489'.
  created $adff cell `$procdff$16227' with positive edge clock and positive level reset.
Creating register for signal `\ivcu_sensor_fault_detect.\ch[43].dead_latch' using process `\ivcu_sensor_fault_detect.$proc$/home/venky/final_ivcu_project/RTL_V4/ivcu_sensor_fault_detect.v:397$5489'.
  created $adff cell `$procdff$16232' with positive edge clock and positive level reset.
Creating register for signal `\ivcu_sensor_fault_detect.\ch[42].prev_raw' using process `\ivcu_sensor_fault_detect.$proc$/home/venky/final_ivcu_project/RTL_V4/ivcu_sensor_fault_detect.v:397$5435'.
  created $adff cell `$procdff$16237' with positive edge clock and positive level reset.
Creating register for signal `\ivcu_sensor_fault_detect.\ch[42].stuck_cnt' using process `\ivcu_sensor_fault_detect.$proc$/home/venky/final_ivcu_project/RTL_V4/ivcu_sensor_fault_detect.v:397$5435'.
  created $adff cell `$procdff$16242' with positive edge clock and positive level reset.
Creating register for signal `\ivcu_sensor_fault_detect.\ch[42].dead_cnt' using process `\ivcu_sensor_fault_detect.$proc$/home/venky/final_ivcu_project/RTL_V4/ivcu_sensor_fault_detect.v:397$5435'.
  created $adff cell `$procdff$16247' with positive edge clock and positive level reset.
Creating register for signal `\ivcu_sensor_fault_detect.\ch[42].dbnc' using process `\ivcu_sensor_fault_detect.$proc$/home/venky/final_ivcu_project/RTL_V4/ivcu_sensor_fault_detect.v:397$5435'.
  created $adff cell `$procdff$16252' with positive edge clock and positive level reset.
Creating register for signal `\ivcu_sensor_fault_detect.\ch[42].kind' using process `\ivcu_sensor_fault_detect.$proc$/home/venky/final_ivcu_project/RTL_V4/ivcu_sensor_fault_detect.v:397$5435'.
  created $adff cell `$procdff$16257' with positive edge clock and positive level reset.
Creating register for signal `\ivcu_sensor_fault_detect.\ch[42].dead_latch' using process `\ivcu_sensor_fault_detect.$proc$/home/venky/final_ivcu_project/RTL_V4/ivcu_sensor_fault_detect.v:397$5435'.
  created $adff cell `$procdff$16262' with positive edge clock and positive level reset.
Creating register for signal `\ivcu_sensor_fault_detect.\ch[41].prev_raw' using process `\ivcu_sensor_fault_detect.$proc$/home/venky/final_ivcu_project/RTL_V4/ivcu_sensor_fault_detect.v:397$5381'.
  created $adff cell `$procdff$16267' with positive edge clock and positive level reset.
Creating register for signal `\ivcu_sensor_fault_detect.\ch[41].stuck_cnt' using process `\ivcu_sensor_fault_detect.$proc$/home/venky/final_ivcu_project/RTL_V4/ivcu_sensor_fault_detect.v:397$5381'.
  created $adff cell `$procdff$16272' with positive edge clock and positive level reset.
Creating register for signal `\ivcu_sensor_fault_detect.\ch[41].dead_cnt' using process `\ivcu_sensor_fault_detect.$proc$/home/venky/final_ivcu_project/RTL_V4/ivcu_sensor_fault_detect.v:397$5381'.
  created $adff cell `$procdff$16277' with positive edge clock and positive level reset.
Creating register for signal `\ivcu_sensor_fault_detect.\ch[41].dbnc' using process `\ivcu_sensor_fault_detect.$proc$/home/venky/final_ivcu_project/RTL_V4/ivcu_sensor_fault_detect.v:397$5381'.
  created $adff cell `$procdff$16282' with positive edge clock and positive level reset.
Creating register for signal `\ivcu_sensor_fault_detect.\ch[41].kind' using process `\ivcu_sensor_fault_detect.$proc$/home/venky/final_ivcu_project/RTL_V4/ivcu_sensor_fault_detect.v:397$5381'.
  created $adff cell `$procdff$16287' with positive edge clock and positive level reset.
Creating register for signal `\ivcu_sensor_fault_detect.\ch[41].dead_latch' using process `\ivcu_sensor_fault_detect.$proc$/home/venky/final_ivcu_project/RTL_V4/ivcu_sensor_fault_detect.v:397$5381'.
  created $adff cell `$procdff$16292' with positive edge clock and positive level reset.
Creating register for signal `\ivcu_sensor_fault_detect.\ch[40].prev_raw' using process `\ivcu_sensor_fault_detect.$proc$/home/venky/final_ivcu_project/RTL_V4/ivcu_sensor_fault_detect.v:397$5327'.
  created $adff cell `$procdff$16297' with positive edge clock and positive level reset.
Creating register for signal `\ivcu_sensor_fault_detect.\ch[40].stuck_cnt' using process `\ivcu_sensor_fault_detect.$proc$/home/venky/final_ivcu_project/RTL_V4/ivcu_sensor_fault_detect.v:397$5327'.
  created $adff cell `$procdff$16302' with positive edge clock and positive level reset.
Creating register for signal `\ivcu_sensor_fault_detect.\ch[40].dead_cnt' using process `\ivcu_sensor_fault_detect.$proc$/home/venky/final_ivcu_project/RTL_V4/ivcu_sensor_fault_detect.v:397$5327'.
  created $adff cell `$procdff$16307' with positive edge clock and positive level reset.
Creating register for signal `\ivcu_sensor_fault_detect.\ch[40].dbnc' using process `\ivcu_sensor_fault_detect.$proc$/home/venky/final_ivcu_project/RTL_V4/ivcu_sensor_fault_detect.v:397$5327'.
  created $adff cell `$procdff$16312' with positive edge clock and positive level reset.
Creating register for signal `\ivcu_sensor_fault_detect.\ch[40].kind' using process `\ivcu_sensor_fault_detect.$proc$/home/venky/final_ivcu_project/RTL_V4/ivcu_sensor_fault_detect.v:397$5327'.
  created $adff cell `$procdff$16317' with positive edge clock and positive level reset.
Creating register for signal `\ivcu_sensor_fault_detect.\ch[40].dead_latch' using process `\ivcu_sensor_fault_detect.$proc$/home/venky/final_ivcu_project/RTL_V4/ivcu_sensor_fault_detect.v:397$5327'.
  created $adff cell `$procdff$16322' with positive edge clock and positive level reset.
Creating register for signal `\ivcu_sensor_fault_detect.\ch[39].prev_raw' using process `\ivcu_sensor_fault_detect.$proc$/home/venky/final_ivcu_project/RTL_V4/ivcu_sensor_fault_detect.v:397$5273'.
  created $adff cell `$procdff$16327' with positive edge clock and positive level reset.
Creating register for signal `\ivcu_sensor_fault_detect.\ch[39].stuck_cnt' using process `\ivcu_sensor_fault_detect.$proc$/home/venky/final_ivcu_project/RTL_V4/ivcu_sensor_fault_detect.v:397$5273'.
  created $adff cell `$procdff$16332' with positive edge clock and positive level reset.
Creating register for signal `\ivcu_sensor_fault_detect.\ch[39].dead_cnt' using process `\ivcu_sensor_fault_detect.$proc$/home/venky/final_ivcu_project/RTL_V4/ivcu_sensor_fault_detect.v:397$5273'.
  created $adff cell `$procdff$16337' with positive edge clock and positive level reset.
Creating register for signal `\ivcu_sensor_fault_detect.\ch[39].dbnc' using process `\ivcu_sensor_fault_detect.$proc$/home/venky/final_ivcu_project/RTL_V4/ivcu_sensor_fault_detect.v:397$5273'.
  created $adff cell `$procdff$16342' with positive edge clock and positive level reset.
Creating register for signal `\ivcu_sensor_fault_detect.\ch[39].kind' using process `\ivcu_sensor_fault_detect.$proc$/home/venky/final_ivcu_project/RTL_V4/ivcu_sensor_fault_detect.v:397$5273'.
  created $adff cell `$procdff$16347' with positive edge clock and positive level reset.
Creating register for signal `\ivcu_sensor_fault_detect.\ch[39].dead_latch' using process `\ivcu_sensor_fault_detect.$proc$/home/venky/final_ivcu_project/RTL_V4/ivcu_sensor_fault_detect.v:397$5273'.
  created $adff cell `$procdff$16352' with positive edge clock and positive level reset.
Creating register for signal `\ivcu_sensor_fault_detect.\ch[38].prev_raw' using process `\ivcu_sensor_fault_detect.$proc$/home/venky/final_ivcu_project/RTL_V4/ivcu_sensor_fault_detect.v:397$5219'.
  created $adff cell `$procdff$16357' with positive edge clock and positive level reset.
Creating register for signal `\ivcu_sensor_fault_detect.\ch[38].stuck_cnt' using process `\ivcu_sensor_fault_detect.$proc$/home/venky/final_ivcu_project/RTL_V4/ivcu_sensor_fault_detect.v:397$5219'.
  created $adff cell `$procdff$16362' with positive edge clock and positive level reset.
Creating register for signal `\ivcu_sensor_fault_detect.\ch[38].dead_cnt' using process `\ivcu_sensor_fault_detect.$proc$/home/venky/final_ivcu_project/RTL_V4/ivcu_sensor_fault_detect.v:397$5219'.
  created $adff cell `$procdff$16367' with positive edge clock and positive level reset.
Creating register for signal `\ivcu_sensor_fault_detect.\ch[38].dbnc' using process `\ivcu_sensor_fault_detect.$proc$/home/venky/final_ivcu_project/RTL_V4/ivcu_sensor_fault_detect.v:397$5219'.
  created $adff cell `$procdff$16372' with positive edge clock and positive level reset.
Creating register for signal `\ivcu_sensor_fault_detect.\ch[38].kind' using process `\ivcu_sensor_fault_detect.$proc$/home/venky/final_ivcu_project/RTL_V4/ivcu_sensor_fault_detect.v:397$5219'.
  created $adff cell `$procdff$16377' with positive edge clock and positive level reset.
Creating register for signal `\ivcu_sensor_fault_detect.\ch[38].dead_latch' using process `\ivcu_sensor_fault_detect.$proc$/home/venky/final_ivcu_project/RTL_V4/ivcu_sensor_fault_detect.v:397$5219'.
  created $adff cell `$procdff$16382' with positive edge clock and positive level reset.
Creating register for signal `\ivcu_sensor_fault_detect.\ch[37].prev_raw' using process `\ivcu_sensor_fault_detect.$proc$/home/venky/final_ivcu_project/RTL_V4/ivcu_sensor_fault_detect.v:397$5165'.
  created $adff cell `$procdff$16387' with positive edge clock and positive level reset.
Creating register for signal `\ivcu_sensor_fault_detect.\ch[37].stuck_cnt' using process `\ivcu_sensor_fault_detect.$proc$/home/venky/final_ivcu_project/RTL_V4/ivcu_sensor_fault_detect.v:397$5165'.
  created $adff cell `$procdff$16392' with positive edge clock and positive level reset.
Creating register for signal `\ivcu_sensor_fault_detect.\ch[37].dead_cnt' using process `\ivcu_sensor_fault_detect.$proc$/home/venky/final_ivcu_project/RTL_V4/ivcu_sensor_fault_detect.v:397$5165'.
  created $adff cell `$procdff$16397' with positive edge clock and positive level reset.
Creating register for signal `\ivcu_sensor_fault_detect.\ch[37].dbnc' using process `\ivcu_sensor_fault_detect.$proc$/home/venky/final_ivcu_project/RTL_V4/ivcu_sensor_fault_detect.v:397$5165'.
  created $adff cell `$procdff$16402' with positive edge clock and positive level reset.
Creating register for signal `\ivcu_sensor_fault_detect.\ch[37].kind' using process `\ivcu_sensor_fault_detect.$proc$/home/venky/final_ivcu_project/RTL_V4/ivcu_sensor_fault_detect.v:397$5165'.
  created $adff cell `$procdff$16407' with positive edge clock and positive level reset.
Creating register for signal `\ivcu_sensor_fault_detect.\ch[37].dead_latch' using process `\ivcu_sensor_fault_detect.$proc$/home/venky/final_ivcu_project/RTL_V4/ivcu_sensor_fault_detect.v:397$5165'.
  created $adff cell `$procdff$16412' with positive edge clock and positive level reset.
Creating register for signal `\ivcu_sensor_fault_detect.\ch[36].prev_raw' using process `\ivcu_sensor_fault_detect.$proc$/home/venky/final_ivcu_project/RTL_V4/ivcu_sensor_fault_detect.v:397$5111'.
  created $adff cell `$procdff$16417' with positive edge clock and positive level reset.
Creating register for signal `\ivcu_sensor_fault_detect.\ch[36].stuck_cnt' using process `\ivcu_sensor_fault_detect.$proc$/home/venky/final_ivcu_project/RTL_V4/ivcu_sensor_fault_detect.v:397$5111'.
  created $adff cell `$procdff$16422' with positive edge clock and positive level reset.
Creating register for signal `\ivcu_sensor_fault_detect.\ch[36].dead_cnt' using process `\ivcu_sensor_fault_detect.$proc$/home/venky/final_ivcu_project/RTL_V4/ivcu_sensor_fault_detect.v:397$5111'.
  created $adff cell `$procdff$16427' with positive edge clock and positive level reset.
Creating register for signal `\ivcu_sensor_fault_detect.\ch[36].dbnc' using process `\ivcu_sensor_fault_detect.$proc$/home/venky/final_ivcu_project/RTL_V4/ivcu_sensor_fault_detect.v:397$5111'.
  created $adff cell `$procdff$16432' with positive edge clock and positive level reset.
Creating register for signal `\ivcu_sensor_fault_detect.\ch[36].kind' using process `\ivcu_sensor_fault_detect.$proc$/home/venky/final_ivcu_project/RTL_V4/ivcu_sensor_fault_detect.v:397$5111'.
  created $adff cell `$procdff$16437' with positive edge clock and positive level reset.
Creating register for signal `\ivcu_sensor_fault_detect.\ch[36].dead_latch' using process `\ivcu_sensor_fault_detect.$proc$/home/venky/final_ivcu_project/RTL_V4/ivcu_sensor_fault_detect.v:397$5111'.
  created $adff cell `$procdff$16442' with positive edge clock and positive level reset.
Creating register for signal `\ivcu_sensor_fault_detect.\ch[35].prev_raw' using process `\ivcu_sensor_fault_detect.$proc$/home/venky/final_ivcu_project/RTL_V4/ivcu_sensor_fault_detect.v:397$5057'.
  created $adff cell `$procdff$16447' with positive edge clock and positive level reset.
Creating register for signal `\ivcu_sensor_fault_detect.\ch[35].stuck_cnt' using process `\ivcu_sensor_fault_detect.$proc$/home/venky/final_ivcu_project/RTL_V4/ivcu_sensor_fault_detect.v:397$5057'.
  created $adff cell `$procdff$16452' with positive edge clock and positive level reset.
Creating register for signal `\ivcu_sensor_fault_detect.\ch[35].dead_cnt' using process `\ivcu_sensor_fault_detect.$proc$/home/venky/final_ivcu_project/RTL_V4/ivcu_sensor_fault_detect.v:397$5057'.
  created $adff cell `$procdff$16457' with positive edge clock and positive level reset.
Creating register for signal `\ivcu_sensor_fault_detect.\ch[35].dbnc' using process `\ivcu_sensor_fault_detect.$proc$/home/venky/final_ivcu_project/RTL_V4/ivcu_sensor_fault_detect.v:397$5057'.
  created $adff cell `$procdff$16462' with positive edge clock and positive level reset.
Creating register for signal `\ivcu_sensor_fault_detect.\ch[35].kind' using process `\ivcu_sensor_fault_detect.$proc$/home/venky/final_ivcu_project/RTL_V4/ivcu_sensor_fault_detect.v:397$5057'.
  created $adff cell `$procdff$16467' with positive edge clock and positive level reset.
Creating register for signal `\ivcu_sensor_fault_detect.\ch[35].dead_latch' using process `\ivcu_sensor_fault_detect.$proc$/home/venky/final_ivcu_project/RTL_V4/ivcu_sensor_fault_detect.v:397$5057'.
  created $adff cell `$procdff$16472' with positive edge clock and positive level reset.
Creating register for signal `\ivcu_sensor_fault_detect.\ch[34].prev_raw' using process `\ivcu_sensor_fault_detect.$proc$/home/venky/final_ivcu_project/RTL_V4/ivcu_sensor_fault_detect.v:397$5003'.
  created $adff cell `$procdff$16477' with positive edge clock and positive level reset.
Creating register for signal `\ivcu_sensor_fault_detect.\ch[34].stuck_cnt' using process `\ivcu_sensor_fault_detect.$proc$/home/venky/final_ivcu_project/RTL_V4/ivcu_sensor_fault_detect.v:397$5003'.
  created $adff cell `$procdff$16482' with positive edge clock and positive level reset.
Creating register for signal `\ivcu_sensor_fault_detect.\ch[34].dead_cnt' using process `\ivcu_sensor_fault_detect.$proc$/home/venky/final_ivcu_project/RTL_V4/ivcu_sensor_fault_detect.v:397$5003'.
  created $adff cell `$procdff$16487' with positive edge clock and positive level reset.
Creating register for signal `\ivcu_sensor_fault_detect.\ch[34].dbnc' using process `\ivcu_sensor_fault_detect.$proc$/home/venky/final_ivcu_project/RTL_V4/ivcu_sensor_fault_detect.v:397$5003'.
  created $adff cell `$procdff$16492' with positive edge clock and positive level reset.
Creating register for signal `\ivcu_sensor_fault_detect.\ch[34].kind' using process `\ivcu_sensor_fault_detect.$proc$/home/venky/final_ivcu_project/RTL_V4/ivcu_sensor_fault_detect.v:397$5003'.
  created $adff cell `$procdff$16497' with positive edge clock and positive level reset.
Creating register for signal `\ivcu_sensor_fault_detect.\ch[34].dead_latch' using process `\ivcu_sensor_fault_detect.$proc$/home/venky/final_ivcu_project/RTL_V4/ivcu_sensor_fault_detect.v:397$5003'.
  created $adff cell `$procdff$16502' with positive edge clock and positive level reset.
Creating register for signal `\ivcu_sensor_fault_detect.\ch[33].prev_raw' using process `\ivcu_sensor_fault_detect.$proc$/home/venky/final_ivcu_project/RTL_V4/ivcu_sensor_fault_detect.v:397$4949'.
  created $adff cell `$procdff$16507' with positive edge clock and positive level reset.
Creating register for signal `\ivcu_sensor_fault_detect.\ch[33].stuck_cnt' using process `\ivcu_sensor_fault_detect.$proc$/home/venky/final_ivcu_project/RTL_V4/ivcu_sensor_fault_detect.v:397$4949'.
  created $adff cell `$procdff$16512' with positive edge clock and positive level reset.
Creating register for signal `\ivcu_sensor_fault_detect.\ch[33].dead_cnt' using process `\ivcu_sensor_fault_detect.$proc$/home/venky/final_ivcu_project/RTL_V4/ivcu_sensor_fault_detect.v:397$4949'.
  created $adff cell `$procdff$16517' with positive edge clock and positive level reset.
Creating register for signal `\ivcu_sensor_fault_detect.\ch[33].dbnc' using process `\ivcu_sensor_fault_detect.$proc$/home/venky/final_ivcu_project/RTL_V4/ivcu_sensor_fault_detect.v:397$4949'.
  created $adff cell `$procdff$16522' with positive edge clock and positive level reset.
Creating register for signal `\ivcu_sensor_fault_detect.\ch[33].kind' using process `\ivcu_sensor_fault_detect.$proc$/home/venky/final_ivcu_project/RTL_V4/ivcu_sensor_fault_detect.v:397$4949'.
  created $adff cell `$procdff$16527' with positive edge clock and positive level reset.
Creating register for signal `\ivcu_sensor_fault_detect.\ch[33].dead_latch' using process `\ivcu_sensor_fault_detect.$proc$/home/venky/final_ivcu_project/RTL_V4/ivcu_sensor_fault_detect.v:397$4949'.
  created $adff cell `$procdff$16532' with positive edge clock and positive level reset.
Creating register for signal `\ivcu_sensor_fault_detect.\ch[32].prev_raw' using process `\ivcu_sensor_fault_detect.$proc$/home/venky/final_ivcu_project/RTL_V4/ivcu_sensor_fault_detect.v:397$4895'.
  created $adff cell `$procdff$16537' with positive edge clock and positive level reset.
Creating register for signal `\ivcu_sensor_fault_detect.\ch[32].stuck_cnt' using process `\ivcu_sensor_fault_detect.$proc$/home/venky/final_ivcu_project/RTL_V4/ivcu_sensor_fault_detect.v:397$4895'.
  created $adff cell `$procdff$16542' with positive edge clock and positive level reset.
Creating register for signal `\ivcu_sensor_fault_detect.\ch[32].dead_cnt' using process `\ivcu_sensor_fault_detect.$proc$/home/venky/final_ivcu_project/RTL_V4/ivcu_sensor_fault_detect.v:397$4895'.
  created $adff cell `$procdff$16547' with positive edge clock and positive level reset.
Creating register for signal `\ivcu_sensor_fault_detect.\ch[32].dbnc' using process `\ivcu_sensor_fault_detect.$proc$/home/venky/final_ivcu_project/RTL_V4/ivcu_sensor_fault_detect.v:397$4895'.
  created $adff cell `$procdff$16552' with positive edge clock and positive level reset.
Creating register for signal `\ivcu_sensor_fault_detect.\ch[32].kind' using process `\ivcu_sensor_fault_detect.$proc$/home/venky/final_ivcu_project/RTL_V4/ivcu_sensor_fault_detect.v:397$4895'.
  created $adff cell `$procdff$16557' with positive edge clock and positive level reset.
Creating register for signal `\ivcu_sensor_fault_detect.\ch[32].dead_latch' using process `\ivcu_sensor_fault_detect.$proc$/home/venky/final_ivcu_project/RTL_V4/ivcu_sensor_fault_detect.v:397$4895'.
  created $adff cell `$procdff$16562' with positive edge clock and positive level reset.
Creating register for signal `\ivcu_sensor_fault_detect.\ch[31].prev_raw' using process `\ivcu_sensor_fault_detect.$proc$/home/venky/final_ivcu_project/RTL_V4/ivcu_sensor_fault_detect.v:397$4841'.
  created $adff cell `$procdff$16567' with positive edge clock and positive level reset.
Creating register for signal `\ivcu_sensor_fault_detect.\ch[31].stuck_cnt' using process `\ivcu_sensor_fault_detect.$proc$/home/venky/final_ivcu_project/RTL_V4/ivcu_sensor_fault_detect.v:397$4841'.
  created $adff cell `$procdff$16572' with positive edge clock and positive level reset.
Creating register for signal `\ivcu_sensor_fault_detect.\ch[31].dead_cnt' using process `\ivcu_sensor_fault_detect.$proc$/home/venky/final_ivcu_project/RTL_V4/ivcu_sensor_fault_detect.v:397$4841'.
  created $adff cell `$procdff$16577' with positive edge clock and positive level reset.
Creating register for signal `\ivcu_sensor_fault_detect.\ch[31].dbnc' using process `\ivcu_sensor_fault_detect.$proc$/home/venky/final_ivcu_project/RTL_V4/ivcu_sensor_fault_detect.v:397$4841'.
  created $adff cell `$procdff$16582' with positive edge clock and positive level reset.
Creating register for signal `\ivcu_sensor_fault_detect.\ch[31].kind' using process `\ivcu_sensor_fault_detect.$proc$/home/venky/final_ivcu_project/RTL_V4/ivcu_sensor_fault_detect.v:397$4841'.
  created $adff cell `$procdff$16587' with positive edge clock and positive level reset.
Creating register for signal `\ivcu_sensor_fault_detect.\ch[31].dead_latch' using process `\ivcu_sensor_fault_detect.$proc$/home/venky/final_ivcu_project/RTL_V4/ivcu_sensor_fault_detect.v:397$4841'.
  created $adff cell `$procdff$16592' with positive edge clock and positive level reset.
Creating register for signal `\ivcu_sensor_fault_detect.\ch[30].prev_raw' using process `\ivcu_sensor_fault_detect.$proc$/home/venky/final_ivcu_project/RTL_V4/ivcu_sensor_fault_detect.v:397$4787'.
  created $adff cell `$procdff$16597' with positive edge clock and positive level reset.
Creating register for signal `\ivcu_sensor_fault_detect.\ch[30].stuck_cnt' using process `\ivcu_sensor_fault_detect.$proc$/home/venky/final_ivcu_project/RTL_V4/ivcu_sensor_fault_detect.v:397$4787'.
  created $adff cell `$procdff$16602' with positive edge clock and positive level reset.
Creating register for signal `\ivcu_sensor_fault_detect.\ch[30].dead_cnt' using process `\ivcu_sensor_fault_detect.$proc$/home/venky/final_ivcu_project/RTL_V4/ivcu_sensor_fault_detect.v:397$4787'.
  created $adff cell `$procdff$16607' with positive edge clock and positive level reset.
Creating register for signal `\ivcu_sensor_fault_detect.\ch[30].dbnc' using process `\ivcu_sensor_fault_detect.$proc$/home/venky/final_ivcu_project/RTL_V4/ivcu_sensor_fault_detect.v:397$4787'.
  created $adff cell `$procdff$16612' with positive edge clock and positive level reset.
Creating register for signal `\ivcu_sensor_fault_detect.\ch[30].kind' using process `\ivcu_sensor_fault_detect.$proc$/home/venky/final_ivcu_project/RTL_V4/ivcu_sensor_fault_detect.v:397$4787'.
  created $adff cell `$procdff$16617' with positive edge clock and positive level reset.
Creating register for signal `\ivcu_sensor_fault_detect.\ch[30].dead_latch' using process `\ivcu_sensor_fault_detect.$proc$/home/venky/final_ivcu_project/RTL_V4/ivcu_sensor_fault_detect.v:397$4787'.
  created $adff cell `$procdff$16622' with positive edge clock and positive level reset.
Creating register for signal `\ivcu_sensor_fault_detect.\ch[29].prev_raw' using process `\ivcu_sensor_fault_detect.$proc$/home/venky/final_ivcu_project/RTL_V4/ivcu_sensor_fault_detect.v:397$4733'.
  created $adff cell `$procdff$16627' with positive edge clock and positive level reset.
Creating register for signal `\ivcu_sensor_fault_detect.\ch[29].stuck_cnt' using process `\ivcu_sensor_fault_detect.$proc$/home/venky/final_ivcu_project/RTL_V4/ivcu_sensor_fault_detect.v:397$4733'.
  created $adff cell `$procdff$16632' with positive edge clock and positive level reset.
Creating register for signal `\ivcu_sensor_fault_detect.\ch[29].dead_cnt' using process `\ivcu_sensor_fault_detect.$proc$/home/venky/final_ivcu_project/RTL_V4/ivcu_sensor_fault_detect.v:397$4733'.
  created $adff cell `$procdff$16637' with positive edge clock and positive level reset.
Creating register for signal `\ivcu_sensor_fault_detect.\ch[29].dbnc' using process `\ivcu_sensor_fault_detect.$proc$/home/venky/final_ivcu_project/RTL_V4/ivcu_sensor_fault_detect.v:397$4733'.
  created $adff cell `$procdff$16642' with positive edge clock and positive level reset.
Creating register for signal `\ivcu_sensor_fault_detect.\ch[29].kind' using process `\ivcu_sensor_fault_detect.$proc$/home/venky/final_ivcu_project/RTL_V4/ivcu_sensor_fault_detect.v:397$4733'.
  created $adff cell `$procdff$16647' with positive edge clock and positive level reset.
Creating register for signal `\ivcu_sensor_fault_detect.\ch[29].dead_latch' using process `\ivcu_sensor_fault_detect.$proc$/home/venky/final_ivcu_project/RTL_V4/ivcu_sensor_fault_detect.v:397$4733'.
  created $adff cell `$procdff$16652' with positive edge clock and positive level reset.
Creating register for signal `\ivcu_sensor_fault_detect.\ch[28].prev_raw' using process `\ivcu_sensor_fault_detect.$proc$/home/venky/final_ivcu_project/RTL_V4/ivcu_sensor_fault_detect.v:397$4679'.
  created $adff cell `$procdff$16657' with positive edge clock and positive level reset.
Creating register for signal `\ivcu_sensor_fault_detect.\ch[28].stuck_cnt' using process `\ivcu_sensor_fault_detect.$proc$/home/venky/final_ivcu_project/RTL_V4/ivcu_sensor_fault_detect.v:397$4679'.
  created $adff cell `$procdff$16662' with positive edge clock and positive level reset.
Creating register for signal `\ivcu_sensor_fault_detect.\ch[28].dead_cnt' using process `\ivcu_sensor_fault_detect.$proc$/home/venky/final_ivcu_project/RTL_V4/ivcu_sensor_fault_detect.v:397$4679'.
  created $adff cell `$procdff$16667' with positive edge clock and positive level reset.
Creating register for signal `\ivcu_sensor_fault_detect.\ch[28].dbnc' using process `\ivcu_sensor_fault_detect.$proc$/home/venky/final_ivcu_project/RTL_V4/ivcu_sensor_fault_detect.v:397$4679'.
  created $adff cell `$procdff$16672' with positive edge clock and positive level reset.
Creating register for signal `\ivcu_sensor_fault_detect.\ch[28].kind' using process `\ivcu_sensor_fault_detect.$proc$/home/venky/final_ivcu_project/RTL_V4/ivcu_sensor_fault_detect.v:397$4679'.
  created $adff cell `$procdff$16677' with positive edge clock and positive level reset.
Creating register for signal `\ivcu_sensor_fault_detect.\ch[28].dead_latch' using process `\ivcu_sensor_fault_detect.$proc$/home/venky/final_ivcu_project/RTL_V4/ivcu_sensor_fault_detect.v:397$4679'.
  created $adff cell `$procdff$16682' with positive edge clock and positive level reset.
Creating register for signal `\ivcu_sensor_fault_detect.\ch[27].prev_raw' using process `\ivcu_sensor_fault_detect.$proc$/home/venky/final_ivcu_project/RTL_V4/ivcu_sensor_fault_detect.v:397$4625'.
  created $adff cell `$procdff$16687' with positive edge clock and positive level reset.
Creating register for signal `\ivcu_sensor_fault_detect.\ch[27].stuck_cnt' using process `\ivcu_sensor_fault_detect.$proc$/home/venky/final_ivcu_project/RTL_V4/ivcu_sensor_fault_detect.v:397$4625'.
  created $adff cell `$procdff$16692' with positive edge clock and positive level reset.
Creating register for signal `\ivcu_sensor_fault_detect.\ch[27].dead_cnt' using process `\ivcu_sensor_fault_detect.$proc$/home/venky/final_ivcu_project/RTL_V4/ivcu_sensor_fault_detect.v:397$4625'.
  created $adff cell `$procdff$16697' with positive edge clock and positive level reset.
Creating register for signal `\ivcu_sensor_fault_detect.\ch[27].dbnc' using process `\ivcu_sensor_fault_detect.$proc$/home/venky/final_ivcu_project/RTL_V4/ivcu_sensor_fault_detect.v:397$4625'.
  created $adff cell `$procdff$16702' with positive edge clock and positive level reset.
Creating register for signal `\ivcu_sensor_fault_detect.\ch[27].kind' using process `\ivcu_sensor_fault_detect.$proc$/home/venky/final_ivcu_project/RTL_V4/ivcu_sensor_fault_detect.v:397$4625'.
  created $adff cell `$procdff$16707' with positive edge clock and positive level reset.
Creating register for signal `\ivcu_sensor_fault_detect.\ch[27].dead_latch' using process `\ivcu_sensor_fault_detect.$proc$/home/venky/final_ivcu_project/RTL_V4/ivcu_sensor_fault_detect.v:397$4625'.
  created $adff cell `$procdff$16712' with positive edge clock and positive level reset.
Creating register for signal `\ivcu_sensor_fault_detect.\ch[26].prev_raw' using process `\ivcu_sensor_fault_detect.$proc$/home/venky/final_ivcu_project/RTL_V4/ivcu_sensor_fault_detect.v:397$4571'.
  created $adff cell `$procdff$16717' with positive edge clock and positive level reset.
Creating register for signal `\ivcu_sensor_fault_detect.\ch[26].stuck_cnt' using process `\ivcu_sensor_fault_detect.$proc$/home/venky/final_ivcu_project/RTL_V4/ivcu_sensor_fault_detect.v:397$4571'.
  created $adff cell `$procdff$16722' with positive edge clock and positive level reset.
Creating register for signal `\ivcu_sensor_fault_detect.\ch[26].dead_cnt' using process `\ivcu_sensor_fault_detect.$proc$/home/venky/final_ivcu_project/RTL_V4/ivcu_sensor_fault_detect.v:397$4571'.
  created $adff cell `$procdff$16727' with positive edge clock and positive level reset.
Creating register for signal `\ivcu_sensor_fault_detect.\ch[26].dbnc' using process `\ivcu_sensor_fault_detect.$proc$/home/venky/final_ivcu_project/RTL_V4/ivcu_sensor_fault_detect.v:397$4571'.
  created $adff cell `$procdff$16732' with positive edge clock and positive level reset.
Creating register for signal `\ivcu_sensor_fault_detect.\ch[26].kind' using process `\ivcu_sensor_fault_detect.$proc$/home/venky/final_ivcu_project/RTL_V4/ivcu_sensor_fault_detect.v:397$4571'.
  created $adff cell `$procdff$16737' with positive edge clock and positive level reset.
Creating register for signal `\ivcu_sensor_fault_detect.\ch[26].dead_latch' using process `\ivcu_sensor_fault_detect.$proc$/home/venky/final_ivcu_project/RTL_V4/ivcu_sensor_fault_detect.v:397$4571'.
  created $adff cell `$procdff$16742' with positive edge clock and positive level reset.
Creating register for signal `\ivcu_sensor_fault_detect.\ch[25].prev_raw' using process `\ivcu_sensor_fault_detect.$proc$/home/venky/final_ivcu_project/RTL_V4/ivcu_sensor_fault_detect.v:397$4517'.
  created $adff cell `$procdff$16747' with positive edge clock and positive level reset.
Creating register for signal `\ivcu_sensor_fault_detect.\ch[25].stuck_cnt' using process `\ivcu_sensor_fault_detect.$proc$/home/venky/final_ivcu_project/RTL_V4/ivcu_sensor_fault_detect.v:397$4517'.
  created $adff cell `$procdff$16752' with positive edge clock and positive level reset.
Creating register for signal `\ivcu_sensor_fault_detect.\ch[25].dead_cnt' using process `\ivcu_sensor_fault_detect.$proc$/home/venky/final_ivcu_project/RTL_V4/ivcu_sensor_fault_detect.v:397$4517'.
  created $adff cell `$procdff$16757' with positive edge clock and positive level reset.
Creating register for signal `\ivcu_sensor_fault_detect.\ch[25].dbnc' using process `\ivcu_sensor_fault_detect.$proc$/home/venky/final_ivcu_project/RTL_V4/ivcu_sensor_fault_detect.v:397$4517'.
  created $adff cell `$procdff$16762' with positive edge clock and positive level reset.
Creating register for signal `\ivcu_sensor_fault_detect.\ch[25].kind' using process `\ivcu_sensor_fault_detect.$proc$/home/venky/final_ivcu_project/RTL_V4/ivcu_sensor_fault_detect.v:397$4517'.
  created $adff cell `$procdff$16767' with positive edge clock and positive level reset.
Creating register for signal `\ivcu_sensor_fault_detect.\ch[25].dead_latch' using process `\ivcu_sensor_fault_detect.$proc$/home/venky/final_ivcu_project/RTL_V4/ivcu_sensor_fault_detect.v:397$4517'.
  created $adff cell `$procdff$16772' with positive edge clock and positive level reset.
Creating register for signal `\ivcu_sensor_fault_detect.\ch[24].prev_raw' using process `\ivcu_sensor_fault_detect.$proc$/home/venky/final_ivcu_project/RTL_V4/ivcu_sensor_fault_detect.v:397$4463'.
  created $adff cell `$procdff$16777' with positive edge clock and positive level reset.
Creating register for signal `\ivcu_sensor_fault_detect.\ch[24].stuck_cnt' using process `\ivcu_sensor_fault_detect.$proc$/home/venky/final_ivcu_project/RTL_V4/ivcu_sensor_fault_detect.v:397$4463'.
  created $adff cell `$procdff$16782' with positive edge clock and positive level reset.
Creating register for signal `\ivcu_sensor_fault_detect.\ch[24].dead_cnt' using process `\ivcu_sensor_fault_detect.$proc$/home/venky/final_ivcu_project/RTL_V4/ivcu_sensor_fault_detect.v:397$4463'.
  created $adff cell `$procdff$16787' with positive edge clock and positive level reset.
Creating register for signal `\ivcu_sensor_fault_detect.\ch[24].dbnc' using process `\ivcu_sensor_fault_detect.$proc$/home/venky/final_ivcu_project/RTL_V4/ivcu_sensor_fault_detect.v:397$4463'.
  created $adff cell `$procdff$16792' with positive edge clock and positive level reset.
Creating register for signal `\ivcu_sensor_fault_detect.\ch[24].kind' using process `\ivcu_sensor_fault_detect.$proc$/home/venky/final_ivcu_project/RTL_V4/ivcu_sensor_fault_detect.v:397$4463'.
  created $adff cell `$procdff$16797' with positive edge clock and positive level reset.
Creating register for signal `\ivcu_sensor_fault_detect.\ch[24].dead_latch' using process `\ivcu_sensor_fault_detect.$proc$/home/venky/final_ivcu_project/RTL_V4/ivcu_sensor_fault_detect.v:397$4463'.
  created $adff cell `$procdff$16802' with positive edge clock and positive level reset.
Creating register for signal `\ivcu_sensor_fault_detect.\ch[23].prev_raw' using process `\ivcu_sensor_fault_detect.$proc$/home/venky/final_ivcu_project/RTL_V4/ivcu_sensor_fault_detect.v:397$4409'.
  created $adff cell `$procdff$16807' with positive edge clock and positive level reset.
Creating register for signal `\ivcu_sensor_fault_detect.\ch[23].stuck_cnt' using process `\ivcu_sensor_fault_detect.$proc$/home/venky/final_ivcu_project/RTL_V4/ivcu_sensor_fault_detect.v:397$4409'.
  created $adff cell `$procdff$16812' with positive edge clock and positive level reset.
Creating register for signal `\ivcu_sensor_fault_detect.\ch[23].dead_cnt' using process `\ivcu_sensor_fault_detect.$proc$/home/venky/final_ivcu_project/RTL_V4/ivcu_sensor_fault_detect.v:397$4409'.
  created $adff cell `$procdff$16817' with positive edge clock and positive level reset.
Creating register for signal `\ivcu_sensor_fault_detect.\ch[23].dbnc' using process `\ivcu_sensor_fault_detect.$proc$/home/venky/final_ivcu_project/RTL_V4/ivcu_sensor_fault_detect.v:397$4409'.
  created $adff cell `$procdff$16822' with positive edge clock and positive level reset.
Creating register for signal `\ivcu_sensor_fault_detect.\ch[23].kind' using process `\ivcu_sensor_fault_detect.$proc$/home/venky/final_ivcu_project/RTL_V4/ivcu_sensor_fault_detect.v:397$4409'.
  created $adff cell `$procdff$16827' with positive edge clock and positive level reset.
Creating register for signal `\ivcu_sensor_fault_detect.\ch[23].dead_latch' using process `\ivcu_sensor_fault_detect.$proc$/home/venky/final_ivcu_project/RTL_V4/ivcu_sensor_fault_detect.v:397$4409'.
  created $adff cell `$procdff$16832' with positive edge clock and positive level reset.
Creating register for signal `\ivcu_sensor_fault_detect.\ch[22].prev_raw' using process `\ivcu_sensor_fault_detect.$proc$/home/venky/final_ivcu_project/RTL_V4/ivcu_sensor_fault_detect.v:397$4355'.
  created $adff cell `$procdff$16837' with positive edge clock and positive level reset.
Creating register for signal `\ivcu_sensor_fault_detect.\ch[22].stuck_cnt' using process `\ivcu_sensor_fault_detect.$proc$/home/venky/final_ivcu_project/RTL_V4/ivcu_sensor_fault_detect.v:397$4355'.
  created $adff cell `$procdff$16842' with positive edge clock and positive level reset.
Creating register for signal `\ivcu_sensor_fault_detect.\ch[22].dead_cnt' using process `\ivcu_sensor_fault_detect.$proc$/home/venky/final_ivcu_project/RTL_V4/ivcu_sensor_fault_detect.v:397$4355'.
  created $adff cell `$procdff$16847' with positive edge clock and positive level reset.
Creating register for signal `\ivcu_sensor_fault_detect.\ch[22].dbnc' using process `\ivcu_sensor_fault_detect.$proc$/home/venky/final_ivcu_project/RTL_V4/ivcu_sensor_fault_detect.v:397$4355'.
  created $adff cell `$procdff$16852' with positive edge clock and positive level reset.
Creating register for signal `\ivcu_sensor_fault_detect.\ch[22].kind' using process `\ivcu_sensor_fault_detect.$proc$/home/venky/final_ivcu_project/RTL_V4/ivcu_sensor_fault_detect.v:397$4355'.
  created $adff cell `$procdff$16857' with positive edge clock and positive level reset.
Creating register for signal `\ivcu_sensor_fault_detect.\ch[22].dead_latch' using process `\ivcu_sensor_fault_detect.$proc$/home/venky/final_ivcu_project/RTL_V4/ivcu_sensor_fault_detect.v:397$4355'.
  created $adff cell `$procdff$16862' with positive edge clock and positive level reset.
Creating register for signal `\ivcu_sensor_fault_detect.\ch[21].prev_raw' using process `\ivcu_sensor_fault_detect.$proc$/home/venky/final_ivcu_project/RTL_V4/ivcu_sensor_fault_detect.v:397$4301'.
  created $adff cell `$procdff$16867' with positive edge clock and positive level reset.
Creating register for signal `\ivcu_sensor_fault_detect.\ch[21].stuck_cnt' using process `\ivcu_sensor_fault_detect.$proc$/home/venky/final_ivcu_project/RTL_V4/ivcu_sensor_fault_detect.v:397$4301'.
  created $adff cell `$procdff$16872' with positive edge clock and positive level reset.
Creating register for signal `\ivcu_sensor_fault_detect.\ch[21].dead_cnt' using process `\ivcu_sensor_fault_detect.$proc$/home/venky/final_ivcu_project/RTL_V4/ivcu_sensor_fault_detect.v:397$4301'.
  created $adff cell `$procdff$16877' with positive edge clock and positive level reset.
Creating register for signal `\ivcu_sensor_fault_detect.\ch[21].dbnc' using process `\ivcu_sensor_fault_detect.$proc$/home/venky/final_ivcu_project/RTL_V4/ivcu_sensor_fault_detect.v:397$4301'.
  created $adff cell `$procdff$16882' with positive edge clock and positive level reset.
Creating register for signal `\ivcu_sensor_fault_detect.\ch[21].kind' using process `\ivcu_sensor_fault_detect.$proc$/home/venky/final_ivcu_project/RTL_V4/ivcu_sensor_fault_detect.v:397$4301'.
  created $adff cell `$procdff$16887' with positive edge clock and positive level reset.
Creating register for signal `\ivcu_sensor_fault_detect.\ch[21].dead_latch' using process `\ivcu_sensor_fault_detect.$proc$/home/venky/final_ivcu_project/RTL_V4/ivcu_sensor_fault_detect.v:397$4301'.
  created $adff cell `$procdff$16892' with positive edge clock and positive level reset.
Creating register for signal `\ivcu_sensor_fault_detect.\ch[20].prev_raw' using process `\ivcu_sensor_fault_detect.$proc$/home/venky/final_ivcu_project/RTL_V4/ivcu_sensor_fault_detect.v:397$4247'.
  created $adff cell `$procdff$16897' with positive edge clock and positive level reset.
Creating register for signal `\ivcu_sensor_fault_detect.\ch[20].stuck_cnt' using process `\ivcu_sensor_fault_detect.$proc$/home/venky/final_ivcu_project/RTL_V4/ivcu_sensor_fault_detect.v:397$4247'.
  created $adff cell `$procdff$16902' with positive edge clock and positive level reset.
Creating register for signal `\ivcu_sensor_fault_detect.\ch[20].dead_cnt' using process `\ivcu_sensor_fault_detect.$proc$/home/venky/final_ivcu_project/RTL_V4/ivcu_sensor_fault_detect.v:397$4247'.
  created $adff cell `$procdff$16907' with positive edge clock and positive level reset.
Creating register for signal `\ivcu_sensor_fault_detect.\ch[20].dbnc' using process `\ivcu_sensor_fault_detect.$proc$/home/venky/final_ivcu_project/RTL_V4/ivcu_sensor_fault_detect.v:397$4247'.
  created $adff cell `$procdff$16912' with positive edge clock and positive level reset.
Creating register for signal `\ivcu_sensor_fault_detect.\ch[20].kind' using process `\ivcu_sensor_fault_detect.$proc$/home/venky/final_ivcu_project/RTL_V4/ivcu_sensor_fault_detect.v:397$4247'.
  created $adff cell `$procdff$16917' with positive edge clock and positive level reset.
Creating register for signal `\ivcu_sensor_fault_detect.\ch[20].dead_latch' using process `\ivcu_sensor_fault_detect.$proc$/home/venky/final_ivcu_project/RTL_V4/ivcu_sensor_fault_detect.v:397$4247'.
  created $adff cell `$procdff$16922' with positive edge clock and positive level reset.
Creating register for signal `\ivcu_sensor_fault_detect.\ch[19].prev_raw' using process `\ivcu_sensor_fault_detect.$proc$/home/venky/final_ivcu_project/RTL_V4/ivcu_sensor_fault_detect.v:397$4193'.
  created $adff cell `$procdff$16927' with positive edge clock and positive level reset.
Creating register for signal `\ivcu_sensor_fault_detect.\ch[19].stuck_cnt' using process `\ivcu_sensor_fault_detect.$proc$/home/venky/final_ivcu_project/RTL_V4/ivcu_sensor_fault_detect.v:397$4193'.
  created $adff cell `$procdff$16932' with positive edge clock and positive level reset.
Creating register for signal `\ivcu_sensor_fault_detect.\ch[19].dead_cnt' using process `\ivcu_sensor_fault_detect.$proc$/home/venky/final_ivcu_project/RTL_V4/ivcu_sensor_fault_detect.v:397$4193'.
  created $adff cell `$procdff$16937' with positive edge clock and positive level reset.
Creating register for signal `\ivcu_sensor_fault_detect.\ch[19].dbnc' using process `\ivcu_sensor_fault_detect.$proc$/home/venky/final_ivcu_project/RTL_V4/ivcu_sensor_fault_detect.v:397$4193'.
  created $adff cell `$procdff$16942' with positive edge clock and positive level reset.
Creating register for signal `\ivcu_sensor_fault_detect.\ch[19].kind' using process `\ivcu_sensor_fault_detect.$proc$/home/venky/final_ivcu_project/RTL_V4/ivcu_sensor_fault_detect.v:397$4193'.
  created $adff cell `$procdff$16947' with positive edge clock and positive level reset.
Creating register for signal `\ivcu_sensor_fault_detect.\ch[19].dead_latch' using process `\ivcu_sensor_fault_detect.$proc$/home/venky/final_ivcu_project/RTL_V4/ivcu_sensor_fault_detect.v:397$4193'.
  created $adff cell `$procdff$16952' with positive edge clock and positive level reset.
Creating register for signal `\ivcu_sensor_fault_detect.\ch[18].prev_raw' using process `\ivcu_sensor_fault_detect.$proc$/home/venky/final_ivcu_project/RTL_V4/ivcu_sensor_fault_detect.v:397$4139'.
  created $adff cell `$procdff$16957' with positive edge clock and positive level reset.
Creating register for signal `\ivcu_sensor_fault_detect.\ch[18].stuck_cnt' using process `\ivcu_sensor_fault_detect.$proc$/home/venky/final_ivcu_project/RTL_V4/ivcu_sensor_fault_detect.v:397$4139'.
  created $adff cell `$procdff$16962' with positive edge clock and positive level reset.
Creating register for signal `\ivcu_sensor_fault_detect.\ch[18].dead_cnt' using process `\ivcu_sensor_fault_detect.$proc$/home/venky/final_ivcu_project/RTL_V4/ivcu_sensor_fault_detect.v:397$4139'.
  created $adff cell `$procdff$16967' with positive edge clock and positive level reset.
Creating register for signal `\ivcu_sensor_fault_detect.\ch[18].dbnc' using process `\ivcu_sensor_fault_detect.$proc$/home/venky/final_ivcu_project/RTL_V4/ivcu_sensor_fault_detect.v:397$4139'.
  created $adff cell `$procdff$16972' with positive edge clock and positive level reset.
Creating register for signal `\ivcu_sensor_fault_detect.\ch[18].kind' using process `\ivcu_sensor_fault_detect.$proc$/home/venky/final_ivcu_project/RTL_V4/ivcu_sensor_fault_detect.v:397$4139'.
  created $adff cell `$procdff$16977' with positive edge clock and positive level reset.
Creating register for signal `\ivcu_sensor_fault_detect.\ch[18].dead_latch' using process `\ivcu_sensor_fault_detect.$proc$/home/venky/final_ivcu_project/RTL_V4/ivcu_sensor_fault_detect.v:397$4139'.
  created $adff cell `$procdff$16982' with positive edge clock and positive level reset.
Creating register for signal `\ivcu_sensor_fault_detect.\ch[17].prev_raw' using process `\ivcu_sensor_fault_detect.$proc$/home/venky/final_ivcu_project/RTL_V4/ivcu_sensor_fault_detect.v:397$4085'.
  created $adff cell `$procdff$16987' with positive edge clock and positive level reset.
Creating register for signal `\ivcu_sensor_fault_detect.\ch[17].stuck_cnt' using process `\ivcu_sensor_fault_detect.$proc$/home/venky/final_ivcu_project/RTL_V4/ivcu_sensor_fault_detect.v:397$4085'.
  created $adff cell `$procdff$16992' with positive edge clock and positive level reset.
Creating register for signal `\ivcu_sensor_fault_detect.\ch[17].dead_cnt' using process `\ivcu_sensor_fault_detect.$proc$/home/venky/final_ivcu_project/RTL_V4/ivcu_sensor_fault_detect.v:397$4085'.
  created $adff cell `$procdff$16997' with positive edge clock and positive level reset.
Creating register for signal `\ivcu_sensor_fault_detect.\ch[17].dbnc' using process `\ivcu_sensor_fault_detect.$proc$/home/venky/final_ivcu_project/RTL_V4/ivcu_sensor_fault_detect.v:397$4085'.
  created $adff cell `$procdff$17002' with positive edge clock and positive level reset.
Creating register for signal `\ivcu_sensor_fault_detect.\ch[17].kind' using process `\ivcu_sensor_fault_detect.$proc$/home/venky/final_ivcu_project/RTL_V4/ivcu_sensor_fault_detect.v:397$4085'.
  created $adff cell `$procdff$17007' with positive edge clock and positive level reset.
Creating register for signal `\ivcu_sensor_fault_detect.\ch[17].dead_latch' using process `\ivcu_sensor_fault_detect.$proc$/home/venky/final_ivcu_project/RTL_V4/ivcu_sensor_fault_detect.v:397$4085'.
  created $adff cell `$procdff$17012' with positive edge clock and positive level reset.
Creating register for signal `\ivcu_sensor_fault_detect.\ch[16].prev_raw' using process `\ivcu_sensor_fault_detect.$proc$/home/venky/final_ivcu_project/RTL_V4/ivcu_sensor_fault_detect.v:397$4031'.
  created $adff cell `$procdff$17017' with positive edge clock and positive level reset.
Creating register for signal `\ivcu_sensor_fault_detect.\ch[16].stuck_cnt' using process `\ivcu_sensor_fault_detect.$proc$/home/venky/final_ivcu_project/RTL_V4/ivcu_sensor_fault_detect.v:397$4031'.
  created $adff cell `$procdff$17022' with positive edge clock and positive level reset.
Creating register for signal `\ivcu_sensor_fault_detect.\ch[16].dead_cnt' using process `\ivcu_sensor_fault_detect.$proc$/home/venky/final_ivcu_project/RTL_V4/ivcu_sensor_fault_detect.v:397$4031'.
  created $adff cell `$procdff$17027' with positive edge clock and positive level reset.
Creating register for signal `\ivcu_sensor_fault_detect.\ch[16].dbnc' using process `\ivcu_sensor_fault_detect.$proc$/home/venky/final_ivcu_project/RTL_V4/ivcu_sensor_fault_detect.v:397$4031'.
  created $adff cell `$procdff$17032' with positive edge clock and positive level reset.
Creating register for signal `\ivcu_sensor_fault_detect.\ch[16].kind' using process `\ivcu_sensor_fault_detect.$proc$/home/venky/final_ivcu_project/RTL_V4/ivcu_sensor_fault_detect.v:397$4031'.
  created $adff cell `$procdff$17037' with positive edge clock and positive level reset.
Creating register for signal `\ivcu_sensor_fault_detect.\ch[16].dead_latch' using process `\ivcu_sensor_fault_detect.$proc$/home/venky/final_ivcu_project/RTL_V4/ivcu_sensor_fault_detect.v:397$4031'.
  created $adff cell `$procdff$17042' with positive edge clock and positive level reset.
Creating register for signal `\ivcu_sensor_fault_detect.\ch[15].prev_raw' using process `\ivcu_sensor_fault_detect.$proc$/home/venky/final_ivcu_project/RTL_V4/ivcu_sensor_fault_detect.v:397$3977'.
  created $adff cell `$procdff$17047' with positive edge clock and positive level reset.
Creating register for signal `\ivcu_sensor_fault_detect.\ch[15].stuck_cnt' using process `\ivcu_sensor_fault_detect.$proc$/home/venky/final_ivcu_project/RTL_V4/ivcu_sensor_fault_detect.v:397$3977'.
  created $adff cell `$procdff$17052' with positive edge clock and positive level reset.
Creating register for signal `\ivcu_sensor_fault_detect.\ch[15].dead_cnt' using process `\ivcu_sensor_fault_detect.$proc$/home/venky/final_ivcu_project/RTL_V4/ivcu_sensor_fault_detect.v:397$3977'.
  created $adff cell `$procdff$17057' with positive edge clock and positive level reset.
Creating register for signal `\ivcu_sensor_fault_detect.\ch[15].dbnc' using process `\ivcu_sensor_fault_detect.$proc$/home/venky/final_ivcu_project/RTL_V4/ivcu_sensor_fault_detect.v:397$3977'.
  created $adff cell `$procdff$17062' with positive edge clock and positive level reset.
Creating register for signal `\ivcu_sensor_fault_detect.\ch[15].kind' using process `\ivcu_sensor_fault_detect.$proc$/home/venky/final_ivcu_project/RTL_V4/ivcu_sensor_fault_detect.v:397$3977'.
  created $adff cell `$procdff$17067' with positive edge clock and positive level reset.
Creating register for signal `\ivcu_sensor_fault_detect.\ch[15].dead_latch' using process `\ivcu_sensor_fault_detect.$proc$/home/venky/final_ivcu_project/RTL_V4/ivcu_sensor_fault_detect.v:397$3977'.
  created $adff cell `$procdff$17072' with positive edge clock and positive level reset.
Creating register for signal `\ivcu_sensor_fault_detect.\ch[14].prev_raw' using process `\ivcu_sensor_fault_detect.$proc$/home/venky/final_ivcu_project/RTL_V4/ivcu_sensor_fault_detect.v:397$3923'.
  created $adff cell `$procdff$17077' with positive edge clock and positive level reset.
Creating register for signal `\ivcu_sensor_fault_detect.\ch[14].stuck_cnt' using process `\ivcu_sensor_fault_detect.$proc$/home/venky/final_ivcu_project/RTL_V4/ivcu_sensor_fault_detect.v:397$3923'.
  created $adff cell `$procdff$17082' with positive edge clock and positive level reset.
Creating register for signal `\ivcu_sensor_fault_detect.\ch[14].dead_cnt' using process `\ivcu_sensor_fault_detect.$proc$/home/venky/final_ivcu_project/RTL_V4/ivcu_sensor_fault_detect.v:397$3923'.
  created $adff cell `$procdff$17087' with positive edge clock and positive level reset.
Creating register for signal `\ivcu_sensor_fault_detect.\ch[14].dbnc' using process `\ivcu_sensor_fault_detect.$proc$/home/venky/final_ivcu_project/RTL_V4/ivcu_sensor_fault_detect.v:397$3923'.
  created $adff cell `$procdff$17092' with positive edge clock and positive level reset.
Creating register for signal `\ivcu_sensor_fault_detect.\ch[14].kind' using process `\ivcu_sensor_fault_detect.$proc$/home/venky/final_ivcu_project/RTL_V4/ivcu_sensor_fault_detect.v:397$3923'.
  created $adff cell `$procdff$17097' with positive edge clock and positive level reset.
Creating register for signal `\ivcu_sensor_fault_detect.\ch[14].dead_latch' using process `\ivcu_sensor_fault_detect.$proc$/home/venky/final_ivcu_project/RTL_V4/ivcu_sensor_fault_detect.v:397$3923'.
  created $adff cell `$procdff$17102' with positive edge clock and positive level reset.
Creating register for signal `\ivcu_sensor_fault_detect.\ch[13].prev_raw' using process `\ivcu_sensor_fault_detect.$proc$/home/venky/final_ivcu_project/RTL_V4/ivcu_sensor_fault_detect.v:397$3869'.
  created $adff cell `$procdff$17107' with positive edge clock and positive level reset.
Creating register for signal `\ivcu_sensor_fault_detect.\ch[13].stuck_cnt' using process `\ivcu_sensor_fault_detect.$proc$/home/venky/final_ivcu_project/RTL_V4/ivcu_sensor_fault_detect.v:397$3869'.
  created $adff cell `$procdff$17112' with positive edge clock and positive level reset.
Creating register for signal `\ivcu_sensor_fault_detect.\ch[13].dead_cnt' using process `\ivcu_sensor_fault_detect.$proc$/home/venky/final_ivcu_project/RTL_V4/ivcu_sensor_fault_detect.v:397$3869'.
  created $adff cell `$procdff$17117' with positive edge clock and positive level reset.
Creating register for signal `\ivcu_sensor_fault_detect.\ch[13].dbnc' using process `\ivcu_sensor_fault_detect.$proc$/home/venky/final_ivcu_project/RTL_V4/ivcu_sensor_fault_detect.v:397$3869'.
  created $adff cell `$procdff$17122' with positive edge clock and positive level reset.
Creating register for signal `\ivcu_sensor_fault_detect.\ch[13].kind' using process `\ivcu_sensor_fault_detect.$proc$/home/venky/final_ivcu_project/RTL_V4/ivcu_sensor_fault_detect.v:397$3869'.
  created $adff cell `$procdff$17127' with positive edge clock and positive level reset.
Creating register for signal `\ivcu_sensor_fault_detect.\ch[13].dead_latch' using process `\ivcu_sensor_fault_detect.$proc$/home/venky/final_ivcu_project/RTL_V4/ivcu_sensor_fault_detect.v:397$3869'.
  created $adff cell `$procdff$17132' with positive edge clock and positive level reset.
Creating register for signal `\ivcu_sensor_fault_detect.\ch[12].prev_raw' using process `\ivcu_sensor_fault_detect.$proc$/home/venky/final_ivcu_project/RTL_V4/ivcu_sensor_fault_detect.v:397$3815'.
  created $adff cell `$procdff$17137' with positive edge clock and positive level reset.
Creating register for signal `\ivcu_sensor_fault_detect.\ch[12].stuck_cnt' using process `\ivcu_sensor_fault_detect.$proc$/home/venky/final_ivcu_project/RTL_V4/ivcu_sensor_fault_detect.v:397$3815'.
  created $adff cell `$procdff$17142' with positive edge clock and positive level reset.
Creating register for signal `\ivcu_sensor_fault_detect.\ch[12].dead_cnt' using process `\ivcu_sensor_fault_detect.$proc$/home/venky/final_ivcu_project/RTL_V4/ivcu_sensor_fault_detect.v:397$3815'.
  created $adff cell `$procdff$17147' with positive edge clock and positive level reset.
Creating register for signal `\ivcu_sensor_fault_detect.\ch[12].dbnc' using process `\ivcu_sensor_fault_detect.$proc$/home/venky/final_ivcu_project/RTL_V4/ivcu_sensor_fault_detect.v:397$3815'.
  created $adff cell `$procdff$17152' with positive edge clock and positive level reset.
Creating register for signal `\ivcu_sensor_fault_detect.\ch[12].kind' using process `\ivcu_sensor_fault_detect.$proc$/home/venky/final_ivcu_project/RTL_V4/ivcu_sensor_fault_detect.v:397$3815'.
  created $adff cell `$procdff$17157' with positive edge clock and positive level reset.
Creating register for signal `\ivcu_sensor_fault_detect.\ch[12].dead_latch' using process `\ivcu_sensor_fault_detect.$proc$/home/venky/final_ivcu_project/RTL_V4/ivcu_sensor_fault_detect.v:397$3815'.
  created $adff cell `$procdff$17162' with positive edge clock and positive level reset.
Creating register for signal `\ivcu_sensor_fault_detect.\ch[11].prev_raw' using process `\ivcu_sensor_fault_detect.$proc$/home/venky/final_ivcu_project/RTL_V4/ivcu_sensor_fault_detect.v:397$3761'.
  created $adff cell `$procdff$17167' with positive edge clock and positive level reset.
Creating register for signal `\ivcu_sensor_fault_detect.\ch[11].stuck_cnt' using process `\ivcu_sensor_fault_detect.$proc$/home/venky/final_ivcu_project/RTL_V4/ivcu_sensor_fault_detect.v:397$3761'.
  created $adff cell `$procdff$17172' with positive edge clock and positive level reset.
Creating register for signal `\ivcu_sensor_fault_detect.\ch[11].dead_cnt' using process `\ivcu_sensor_fault_detect.$proc$/home/venky/final_ivcu_project/RTL_V4/ivcu_sensor_fault_detect.v:397$3761'.
  created $adff cell `$procdff$17177' with positive edge clock and positive level reset.
Creating register for signal `\ivcu_sensor_fault_detect.\ch[11].dbnc' using process `\ivcu_sensor_fault_detect.$proc$/home/venky/final_ivcu_project/RTL_V4/ivcu_sensor_fault_detect.v:397$3761'.
  created $adff cell `$procdff$17182' with positive edge clock and positive level reset.
Creating register for signal `\ivcu_sensor_fault_detect.\ch[11].kind' using process `\ivcu_sensor_fault_detect.$proc$/home/venky/final_ivcu_project/RTL_V4/ivcu_sensor_fault_detect.v:397$3761'.
  created $adff cell `$procdff$17187' with positive edge clock and positive level reset.
Creating register for signal `\ivcu_sensor_fault_detect.\ch[11].dead_latch' using process `\ivcu_sensor_fault_detect.$proc$/home/venky/final_ivcu_project/RTL_V4/ivcu_sensor_fault_detect.v:397$3761'.
  created $adff cell `$procdff$17192' with positive edge clock and positive level reset.
Creating register for signal `\ivcu_sensor_fault_detect.\ch[10].prev_raw' using process `\ivcu_sensor_fault_detect.$proc$/home/venky/final_ivcu_project/RTL_V4/ivcu_sensor_fault_detect.v:397$3707'.
  created $adff cell `$procdff$17197' with positive edge clock and positive level reset.
Creating register for signal `\ivcu_sensor_fault_detect.\ch[10].stuck_cnt' using process `\ivcu_sensor_fault_detect.$proc$/home/venky/final_ivcu_project/RTL_V4/ivcu_sensor_fault_detect.v:397$3707'.
  created $adff cell `$procdff$17202' with positive edge clock and positive level reset.
Creating register for signal `\ivcu_sensor_fault_detect.\ch[10].dead_cnt' using process `\ivcu_sensor_fault_detect.$proc$/home/venky/final_ivcu_project/RTL_V4/ivcu_sensor_fault_detect.v:397$3707'.
  created $adff cell `$procdff$17207' with positive edge clock and positive level reset.
Creating register for signal `\ivcu_sensor_fault_detect.\ch[10].dbnc' using process `\ivcu_sensor_fault_detect.$proc$/home/venky/final_ivcu_project/RTL_V4/ivcu_sensor_fault_detect.v:397$3707'.
  created $adff cell `$procdff$17212' with positive edge clock and positive level reset.
Creating register for signal `\ivcu_sensor_fault_detect.\ch[10].kind' using process `\ivcu_sensor_fault_detect.$proc$/home/venky/final_ivcu_project/RTL_V4/ivcu_sensor_fault_detect.v:397$3707'.
  created $adff cell `$procdff$17217' with positive edge clock and positive level reset.
Creating register for signal `\ivcu_sensor_fault_detect.\ch[10].dead_latch' using process `\ivcu_sensor_fault_detect.$proc$/home/venky/final_ivcu_project/RTL_V4/ivcu_sensor_fault_detect.v:397$3707'.
  created $adff cell `$procdff$17222' with positive edge clock and positive level reset.
Creating register for signal `\ivcu_sensor_fault_detect.\ch[9].prev_raw' using process `\ivcu_sensor_fault_detect.$proc$/home/venky/final_ivcu_project/RTL_V4/ivcu_sensor_fault_detect.v:397$3653'.
  created $adff cell `$procdff$17227' with positive edge clock and positive level reset.
Creating register for signal `\ivcu_sensor_fault_detect.\ch[9].stuck_cnt' using process `\ivcu_sensor_fault_detect.$proc$/home/venky/final_ivcu_project/RTL_V4/ivcu_sensor_fault_detect.v:397$3653'.
  created $adff cell `$procdff$17232' with positive edge clock and positive level reset.
Creating register for signal `\ivcu_sensor_fault_detect.\ch[9].dead_cnt' using process `\ivcu_sensor_fault_detect.$proc$/home/venky/final_ivcu_project/RTL_V4/ivcu_sensor_fault_detect.v:397$3653'.
  created $adff cell `$procdff$17237' with positive edge clock and positive level reset.
Creating register for signal `\ivcu_sensor_fault_detect.\ch[9].dbnc' using process `\ivcu_sensor_fault_detect.$proc$/home/venky/final_ivcu_project/RTL_V4/ivcu_sensor_fault_detect.v:397$3653'.
  created $adff cell `$procdff$17242' with positive edge clock and positive level reset.
Creating register for signal `\ivcu_sensor_fault_detect.\ch[9].kind' using process `\ivcu_sensor_fault_detect.$proc$/home/venky/final_ivcu_project/RTL_V4/ivcu_sensor_fault_detect.v:397$3653'.
  created $adff cell `$procdff$17247' with positive edge clock and positive level reset.
Creating register for signal `\ivcu_sensor_fault_detect.\ch[9].dead_latch' using process `\ivcu_sensor_fault_detect.$proc$/home/venky/final_ivcu_project/RTL_V4/ivcu_sensor_fault_detect.v:397$3653'.
  created $adff cell `$procdff$17252' with positive edge clock and positive level reset.
Creating register for signal `\ivcu_sensor_fault_detect.\ch[8].prev_raw' using process `\ivcu_sensor_fault_detect.$proc$/home/venky/final_ivcu_project/RTL_V4/ivcu_sensor_fault_detect.v:397$3599'.
  created $adff cell `$procdff$17257' with positive edge clock and positive level reset.
Creating register for signal `\ivcu_sensor_fault_detect.\ch[8].stuck_cnt' using process `\ivcu_sensor_fault_detect.$proc$/home/venky/final_ivcu_project/RTL_V4/ivcu_sensor_fault_detect.v:397$3599'.
  created $adff cell `$procdff$17262' with positive edge clock and positive level reset.
Creating register for signal `\ivcu_sensor_fault_detect.\ch[8].dead_cnt' using process `\ivcu_sensor_fault_detect.$proc$/home/venky/final_ivcu_project/RTL_V4/ivcu_sensor_fault_detect.v:397$3599'.
  created $adff cell `$procdff$17267' with positive edge clock and positive level reset.
Creating register for signal `\ivcu_sensor_fault_detect.\ch[8].dbnc' using process `\ivcu_sensor_fault_detect.$proc$/home/venky/final_ivcu_project/RTL_V4/ivcu_sensor_fault_detect.v:397$3599'.
  created $adff cell `$procdff$17272' with positive edge clock and positive level reset.
Creating register for signal `\ivcu_sensor_fault_detect.\ch[8].kind' using process `\ivcu_sensor_fault_detect.$proc$/home/venky/final_ivcu_project/RTL_V4/ivcu_sensor_fault_detect.v:397$3599'.
  created $adff cell `$procdff$17277' with positive edge clock and positive level reset.
Creating register for signal `\ivcu_sensor_fault_detect.\ch[8].dead_latch' using process `\ivcu_sensor_fault_detect.$proc$/home/venky/final_ivcu_project/RTL_V4/ivcu_sensor_fault_detect.v:397$3599'.
  created $adff cell `$procdff$17282' with positive edge clock and positive level reset.
Creating register for signal `\ivcu_sensor_fault_detect.\ch[7].prev_raw' using process `\ivcu_sensor_fault_detect.$proc$/home/venky/final_ivcu_project/RTL_V4/ivcu_sensor_fault_detect.v:397$3545'.
  created $adff cell `$procdff$17287' with positive edge clock and positive level reset.
Creating register for signal `\ivcu_sensor_fault_detect.\ch[7].stuck_cnt' using process `\ivcu_sensor_fault_detect.$proc$/home/venky/final_ivcu_project/RTL_V4/ivcu_sensor_fault_detect.v:397$3545'.
  created $adff cell `$procdff$17292' with positive edge clock and positive level reset.
Creating register for signal `\ivcu_sensor_fault_detect.\ch[7].dead_cnt' using process `\ivcu_sensor_fault_detect.$proc$/home/venky/final_ivcu_project/RTL_V4/ivcu_sensor_fault_detect.v:397$3545'.
  created $adff cell `$procdff$17297' with positive edge clock and positive level reset.
Creating register for signal `\ivcu_sensor_fault_detect.\ch[7].dbnc' using process `\ivcu_sensor_fault_detect.$proc$/home/venky/final_ivcu_project/RTL_V4/ivcu_sensor_fault_detect.v:397$3545'.
  created $adff cell `$procdff$17302' with positive edge clock and positive level reset.
Creating register for signal `\ivcu_sensor_fault_detect.\ch[7].kind' using process `\ivcu_sensor_fault_detect.$proc$/home/venky/final_ivcu_project/RTL_V4/ivcu_sensor_fault_detect.v:397$3545'.
  created $adff cell `$procdff$17307' with positive edge clock and positive level reset.
Creating register for signal `\ivcu_sensor_fault_detect.\ch[7].dead_latch' using process `\ivcu_sensor_fault_detect.$proc$/home/venky/final_ivcu_project/RTL_V4/ivcu_sensor_fault_detect.v:397$3545'.
  created $adff cell `$procdff$17312' with positive edge clock and positive level reset.
Creating register for signal `\ivcu_sensor_fault_detect.\ch[6].prev_raw' using process `\ivcu_sensor_fault_detect.$proc$/home/venky/final_ivcu_project/RTL_V4/ivcu_sensor_fault_detect.v:397$3491'.
  created $adff cell `$procdff$17317' with positive edge clock and positive level reset.
Creating register for signal `\ivcu_sensor_fault_detect.\ch[6].stuck_cnt' using process `\ivcu_sensor_fault_detect.$proc$/home/venky/final_ivcu_project/RTL_V4/ivcu_sensor_fault_detect.v:397$3491'.
  created $adff cell `$procdff$17322' with positive edge clock and positive level reset.
Creating register for signal `\ivcu_sensor_fault_detect.\ch[6].dead_cnt' using process `\ivcu_sensor_fault_detect.$proc$/home/venky/final_ivcu_project/RTL_V4/ivcu_sensor_fault_detect.v:397$3491'.
  created $adff cell `$procdff$17327' with positive edge clock and positive level reset.
Creating register for signal `\ivcu_sensor_fault_detect.\ch[6].dbnc' using process `\ivcu_sensor_fault_detect.$proc$/home/venky/final_ivcu_project/RTL_V4/ivcu_sensor_fault_detect.v:397$3491'.
  created $adff cell `$procdff$17332' with positive edge clock and positive level reset.
Creating register for signal `\ivcu_sensor_fault_detect.\ch[6].kind' using process `\ivcu_sensor_fault_detect.$proc$/home/venky/final_ivcu_project/RTL_V4/ivcu_sensor_fault_detect.v:397$3491'.
  created $adff cell `$procdff$17337' with positive edge clock and positive level reset.
Creating register for signal `\ivcu_sensor_fault_detect.\ch[6].dead_latch' using process `\ivcu_sensor_fault_detect.$proc$/home/venky/final_ivcu_project/RTL_V4/ivcu_sensor_fault_detect.v:397$3491'.
  created $adff cell `$procdff$17342' with positive edge clock and positive level reset.
Creating register for signal `\ivcu_sensor_fault_detect.\ch[5].prev_raw' using process `\ivcu_sensor_fault_detect.$proc$/home/venky/final_ivcu_project/RTL_V4/ivcu_sensor_fault_detect.v:397$3437'.
  created $adff cell `$procdff$17347' with positive edge clock and positive level reset.
Creating register for signal `\ivcu_sensor_fault_detect.\ch[5].stuck_cnt' using process `\ivcu_sensor_fault_detect.$proc$/home/venky/final_ivcu_project/RTL_V4/ivcu_sensor_fault_detect.v:397$3437'.
  created $adff cell `$procdff$17352' with positive edge clock and positive level reset.
Creating register for signal `\ivcu_sensor_fault_detect.\ch[5].dead_cnt' using process `\ivcu_sensor_fault_detect.$proc$/home/venky/final_ivcu_project/RTL_V4/ivcu_sensor_fault_detect.v:397$3437'.
  created $adff cell `$procdff$17357' with positive edge clock and positive level reset.
Creating register for signal `\ivcu_sensor_fault_detect.\ch[5].dbnc' using process `\ivcu_sensor_fault_detect.$proc$/home/venky/final_ivcu_project/RTL_V4/ivcu_sensor_fault_detect.v:397$3437'.
  created $adff cell `$procdff$17362' with positive edge clock and positive level reset.
Creating register for signal `\ivcu_sensor_fault_detect.\ch[5].kind' using process `\ivcu_sensor_fault_detect.$proc$/home/venky/final_ivcu_project/RTL_V4/ivcu_sensor_fault_detect.v:397$3437'.
  created $adff cell `$procdff$17367' with positive edge clock and positive level reset.
Creating register for signal `\ivcu_sensor_fault_detect.\ch[5].dead_latch' using process `\ivcu_sensor_fault_detect.$proc$/home/venky/final_ivcu_project/RTL_V4/ivcu_sensor_fault_detect.v:397$3437'.
  created $adff cell `$procdff$17372' with positive edge clock and positive level reset.
Creating register for signal `\ivcu_sensor_fault_detect.\ch[4].prev_raw' using process `\ivcu_sensor_fault_detect.$proc$/home/venky/final_ivcu_project/RTL_V4/ivcu_sensor_fault_detect.v:397$3383'.
  created $adff cell `$procdff$17377' with positive edge clock and positive level reset.
Creating register for signal `\ivcu_sensor_fault_detect.\ch[4].stuck_cnt' using process `\ivcu_sensor_fault_detect.$proc$/home/venky/final_ivcu_project/RTL_V4/ivcu_sensor_fault_detect.v:397$3383'.
  created $adff cell `$procdff$17382' with positive edge clock and positive level reset.
Creating register for signal `\ivcu_sensor_fault_detect.\ch[4].dead_cnt' using process `\ivcu_sensor_fault_detect.$proc$/home/venky/final_ivcu_project/RTL_V4/ivcu_sensor_fault_detect.v:397$3383'.
  created $adff cell `$procdff$17387' with positive edge clock and positive level reset.
Creating register for signal `\ivcu_sensor_fault_detect.\ch[4].dbnc' using process `\ivcu_sensor_fault_detect.$proc$/home/venky/final_ivcu_project/RTL_V4/ivcu_sensor_fault_detect.v:397$3383'.
  created $adff cell `$procdff$17392' with positive edge clock and positive level reset.
Creating register for signal `\ivcu_sensor_fault_detect.\ch[4].kind' using process `\ivcu_sensor_fault_detect.$proc$/home/venky/final_ivcu_project/RTL_V4/ivcu_sensor_fault_detect.v:397$3383'.
  created $adff cell `$procdff$17397' with positive edge clock and positive level reset.
Creating register for signal `\ivcu_sensor_fault_detect.\ch[4].dead_latch' using process `\ivcu_sensor_fault_detect.$proc$/home/venky/final_ivcu_project/RTL_V4/ivcu_sensor_fault_detect.v:397$3383'.
  created $adff cell `$procdff$17402' with positive edge clock and positive level reset.
Creating register for signal `\ivcu_sensor_fault_detect.\ch[3].prev_raw' using process `\ivcu_sensor_fault_detect.$proc$/home/venky/final_ivcu_project/RTL_V4/ivcu_sensor_fault_detect.v:397$3329'.
  created $adff cell `$procdff$17407' with positive edge clock and positive level reset.
Creating register for signal `\ivcu_sensor_fault_detect.\ch[3].stuck_cnt' using process `\ivcu_sensor_fault_detect.$proc$/home/venky/final_ivcu_project/RTL_V4/ivcu_sensor_fault_detect.v:397$3329'.
  created $adff cell `$procdff$17412' with positive edge clock and positive level reset.
Creating register for signal `\ivcu_sensor_fault_detect.\ch[3].dead_cnt' using process `\ivcu_sensor_fault_detect.$proc$/home/venky/final_ivcu_project/RTL_V4/ivcu_sensor_fault_detect.v:397$3329'.
  created $adff cell `$procdff$17417' with positive edge clock and positive level reset.
Creating register for signal `\ivcu_sensor_fault_detect.\ch[3].dbnc' using process `\ivcu_sensor_fault_detect.$proc$/home/venky/final_ivcu_project/RTL_V4/ivcu_sensor_fault_detect.v:397$3329'.
  created $adff cell `$procdff$17422' with positive edge clock and positive level reset.
Creating register for signal `\ivcu_sensor_fault_detect.\ch[3].kind' using process `\ivcu_sensor_fault_detect.$proc$/home/venky/final_ivcu_project/RTL_V4/ivcu_sensor_fault_detect.v:397$3329'.
  created $adff cell `$procdff$17427' with positive edge clock and positive level reset.
Creating register for signal `\ivcu_sensor_fault_detect.\ch[3].dead_latch' using process `\ivcu_sensor_fault_detect.$proc$/home/venky/final_ivcu_project/RTL_V4/ivcu_sensor_fault_detect.v:397$3329'.
  created $adff cell `$procdff$17432' with positive edge clock and positive level reset.
Creating register for signal `\ivcu_sensor_fault_detect.\ch[2].prev_raw' using process `\ivcu_sensor_fault_detect.$proc$/home/venky/final_ivcu_project/RTL_V4/ivcu_sensor_fault_detect.v:397$3275'.
  created $adff cell `$procdff$17437' with positive edge clock and positive level reset.
Creating register for signal `\ivcu_sensor_fault_detect.\ch[2].stuck_cnt' using process `\ivcu_sensor_fault_detect.$proc$/home/venky/final_ivcu_project/RTL_V4/ivcu_sensor_fault_detect.v:397$3275'.
  created $adff cell `$procdff$17442' with positive edge clock and positive level reset.
Creating register for signal `\ivcu_sensor_fault_detect.\ch[2].dead_cnt' using process `\ivcu_sensor_fault_detect.$proc$/home/venky/final_ivcu_project/RTL_V4/ivcu_sensor_fault_detect.v:397$3275'.
  created $adff cell `$procdff$17447' with positive edge clock and positive level reset.
Creating register for signal `\ivcu_sensor_fault_detect.\ch[2].dbnc' using process `\ivcu_sensor_fault_detect.$proc$/home/venky/final_ivcu_project/RTL_V4/ivcu_sensor_fault_detect.v:397$3275'.
  created $adff cell `$procdff$17452' with positive edge clock and positive level reset.
Creating register for signal `\ivcu_sensor_fault_detect.\ch[2].kind' using process `\ivcu_sensor_fault_detect.$proc$/home/venky/final_ivcu_project/RTL_V4/ivcu_sensor_fault_detect.v:397$3275'.
  created $adff cell `$procdff$17457' with positive edge clock and positive level reset.
Creating register for signal `\ivcu_sensor_fault_detect.\ch[2].dead_latch' using process `\ivcu_sensor_fault_detect.$proc$/home/venky/final_ivcu_project/RTL_V4/ivcu_sensor_fault_detect.v:397$3275'.
  created $adff cell `$procdff$17462' with positive edge clock and positive level reset.
Creating register for signal `\ivcu_sensor_fault_detect.\ch[1].prev_raw' using process `\ivcu_sensor_fault_detect.$proc$/home/venky/final_ivcu_project/RTL_V4/ivcu_sensor_fault_detect.v:397$3221'.
  created $adff cell `$procdff$17467' with positive edge clock and positive level reset.
Creating register for signal `\ivcu_sensor_fault_detect.\ch[1].stuck_cnt' using process `\ivcu_sensor_fault_detect.$proc$/home/venky/final_ivcu_project/RTL_V4/ivcu_sensor_fault_detect.v:397$3221'.
  created $adff cell `$procdff$17472' with positive edge clock and positive level reset.
Creating register for signal `\ivcu_sensor_fault_detect.\ch[1].dead_cnt' using process `\ivcu_sensor_fault_detect.$proc$/home/venky/final_ivcu_project/RTL_V4/ivcu_sensor_fault_detect.v:397$3221'.
  created $adff cell `$procdff$17477' with positive edge clock and positive level reset.
Creating register for signal `\ivcu_sensor_fault_detect.\ch[1].dbnc' using process `\ivcu_sensor_fault_detect.$proc$/home/venky/final_ivcu_project/RTL_V4/ivcu_sensor_fault_detect.v:397$3221'.
  created $adff cell `$procdff$17482' with positive edge clock and positive level reset.
Creating register for signal `\ivcu_sensor_fault_detect.\ch[1].kind' using process `\ivcu_sensor_fault_detect.$proc$/home/venky/final_ivcu_project/RTL_V4/ivcu_sensor_fault_detect.v:397$3221'.
  created $adff cell `$procdff$17487' with positive edge clock and positive level reset.
Creating register for signal `\ivcu_sensor_fault_detect.\ch[1].dead_latch' using process `\ivcu_sensor_fault_detect.$proc$/home/venky/final_ivcu_project/RTL_V4/ivcu_sensor_fault_detect.v:397$3221'.
  created $adff cell `$procdff$17492' with positive edge clock and positive level reset.
Creating register for signal `\ivcu_sensor_fault_detect.\ch[0].prev_raw' using process `\ivcu_sensor_fault_detect.$proc$/home/venky/final_ivcu_project/RTL_V4/ivcu_sensor_fault_detect.v:397$3167'.
  created $adff cell `$procdff$17497' with positive edge clock and positive level reset.
Creating register for signal `\ivcu_sensor_fault_detect.\ch[0].stuck_cnt' using process `\ivcu_sensor_fault_detect.$proc$/home/venky/final_ivcu_project/RTL_V4/ivcu_sensor_fault_detect.v:397$3167'.
  created $adff cell `$procdff$17502' with positive edge clock and positive level reset.
Creating register for signal `\ivcu_sensor_fault_detect.\ch[0].dead_cnt' using process `\ivcu_sensor_fault_detect.$proc$/home/venky/final_ivcu_project/RTL_V4/ivcu_sensor_fault_detect.v:397$3167'.
  created $adff cell `$procdff$17507' with positive edge clock and positive level reset.
Creating register for signal `\ivcu_sensor_fault_detect.\ch[0].dbnc' using process `\ivcu_sensor_fault_detect.$proc$/home/venky/final_ivcu_project/RTL_V4/ivcu_sensor_fault_detect.v:397$3167'.
  created $adff cell `$procdff$17512' with positive edge clock and positive level reset.
Creating register for signal `\ivcu_sensor_fault_detect.\ch[0].kind' using process `\ivcu_sensor_fault_detect.$proc$/home/venky/final_ivcu_project/RTL_V4/ivcu_sensor_fault_detect.v:397$3167'.
  created $adff cell `$procdff$17517' with positive edge clock and positive level reset.
Creating register for signal `\ivcu_sensor_fault_detect.\ch[0].dead_latch' using process `\ivcu_sensor_fault_detect.$proc$/home/venky/final_ivcu_project/RTL_V4/ivcu_sensor_fault_detect.v:397$3167'.
  created $adff cell `$procdff$17522' with positive edge clock and positive level reset.
Creating register for signal `\ivcu_sensor_conditioning.\ch[63].acc' using process `\ivcu_sensor_conditioning.$proc$/home/venky/final_ivcu_project/RTL_V4/ivcu_sensor_conditioning.v:172$2634'.
  created $adff cell `$procdff$17527' with positive edge clock and positive level reset.
Creating register for signal `\ivcu_sensor_conditioning.\ch[62].acc' using process `\ivcu_sensor_conditioning.$proc$/home/venky/final_ivcu_project/RTL_V4/ivcu_sensor_conditioning.v:172$2625'.
  created $adff cell `$procdff$17532' with positive edge clock and positive level reset.
Creating register for signal `\ivcu_sensor_conditioning.\ch[61].acc' using process `\ivcu_sensor_conditioning.$proc$/home/venky/final_ivcu_project/RTL_V4/ivcu_sensor_conditioning.v:172$2616'.
  created $adff cell `$procdff$17537' with positive edge clock and positive level reset.
Creating register for signal `\ivcu_sensor_conditioning.\ch[60].acc' using process `\ivcu_sensor_conditioning.$proc$/home/venky/final_ivcu_project/RTL_V4/ivcu_sensor_conditioning.v:172$2607'.
  created $adff cell `$procdff$17542' with positive edge clock and positive level reset.
Creating register for signal `\ivcu_sensor_conditioning.\ch[59].acc' using process `\ivcu_sensor_conditioning.$proc$/home/venky/final_ivcu_project/RTL_V4/ivcu_sensor_conditioning.v:172$2598'.
  created $adff cell `$procdff$17547' with positive edge clock and positive level reset.
Creating register for signal `\ivcu_sensor_conditioning.\ch[58].acc' using process `\ivcu_sensor_conditioning.$proc$/home/venky/final_ivcu_project/RTL_V4/ivcu_sensor_conditioning.v:172$2589'.
  created $adff cell `$procdff$17552' with positive edge clock and positive level reset.
Creating register for signal `\ivcu_sensor_conditioning.\ch[57].acc' using process `\ivcu_sensor_conditioning.$proc$/home/venky/final_ivcu_project/RTL_V4/ivcu_sensor_conditioning.v:172$2580'.
  created $adff cell `$procdff$17557' with positive edge clock and positive level reset.
Creating register for signal `\ivcu_sensor_conditioning.\ch[56].acc' using process `\ivcu_sensor_conditioning.$proc$/home/venky/final_ivcu_project/RTL_V4/ivcu_sensor_conditioning.v:172$2571'.
  created $adff cell `$procdff$17562' with positive edge clock and positive level reset.
Creating register for signal `\ivcu_sensor_conditioning.\ch[55].acc' using process `\ivcu_sensor_conditioning.$proc$/home/venky/final_ivcu_project/RTL_V4/ivcu_sensor_conditioning.v:172$2562'.
  created $adff cell `$procdff$17567' with positive edge clock and positive level reset.
Creating register for signal `\ivcu_sensor_conditioning.\ch[54].acc' using process `\ivcu_sensor_conditioning.$proc$/home/venky/final_ivcu_project/RTL_V4/ivcu_sensor_conditioning.v:172$2553'.
  created $adff cell `$procdff$17572' with positive edge clock and positive level reset.
Creating register for signal `\ivcu_sensor_conditioning.\ch[53].acc' using process `\ivcu_sensor_conditioning.$proc$/home/venky/final_ivcu_project/RTL_V4/ivcu_sensor_conditioning.v:172$2544'.
  created $adff cell `$procdff$17577' with positive edge clock and positive level reset.
Creating register for signal `\ivcu_sensor_conditioning.\ch[52].acc' using process `\ivcu_sensor_conditioning.$proc$/home/venky/final_ivcu_project/RTL_V4/ivcu_sensor_conditioning.v:172$2535'.
  created $adff cell `$procdff$17582' with positive edge clock and positive level reset.
Creating register for signal `\ivcu_sensor_conditioning.\ch[51].acc' using process `\ivcu_sensor_conditioning.$proc$/home/venky/final_ivcu_project/RTL_V4/ivcu_sensor_conditioning.v:172$2526'.
  created $adff cell `$procdff$17587' with positive edge clock and positive level reset.
Creating register for signal `\ivcu_sensor_conditioning.\ch[50].acc' using process `\ivcu_sensor_conditioning.$proc$/home/venky/final_ivcu_project/RTL_V4/ivcu_sensor_conditioning.v:172$2517'.
  created $adff cell `$procdff$17592' with positive edge clock and positive level reset.
Creating register for signal `\ivcu_sensor_conditioning.\ch[49].acc' using process `\ivcu_sensor_conditioning.$proc$/home/venky/final_ivcu_project/RTL_V4/ivcu_sensor_conditioning.v:172$2508'.
  created $adff cell `$procdff$17597' with positive edge clock and positive level reset.
Creating register for signal `\ivcu_sensor_conditioning.\ch[48].acc' using process `\ivcu_sensor_conditioning.$proc$/home/venky/final_ivcu_project/RTL_V4/ivcu_sensor_conditioning.v:172$2499'.
  created $adff cell `$procdff$17602' with positive edge clock and positive level reset.
Creating register for signal `\ivcu_sensor_conditioning.\ch[47].acc' using process `\ivcu_sensor_conditioning.$proc$/home/venky/final_ivcu_project/RTL_V4/ivcu_sensor_conditioning.v:172$2490'.
  created $adff cell `$procdff$17607' with positive edge clock and positive level reset.
Creating register for signal `\ivcu_sensor_conditioning.\ch[46].acc' using process `\ivcu_sensor_conditioning.$proc$/home/venky/final_ivcu_project/RTL_V4/ivcu_sensor_conditioning.v:172$2481'.
  created $adff cell `$procdff$17612' with positive edge clock and positive level reset.
Creating register for signal `\ivcu_sensor_conditioning.\ch[45].acc' using process `\ivcu_sensor_conditioning.$proc$/home/venky/final_ivcu_project/RTL_V4/ivcu_sensor_conditioning.v:172$2472'.
  created $adff cell `$procdff$17617' with positive edge clock and positive level reset.
Creating register for signal `\ivcu_sensor_conditioning.\ch[44].acc' using process `\ivcu_sensor_conditioning.$proc$/home/venky/final_ivcu_project/RTL_V4/ivcu_sensor_conditioning.v:172$2463'.
  created $adff cell `$procdff$17622' with positive edge clock and positive level reset.
Creating register for signal `\ivcu_sensor_conditioning.\ch[43].acc' using process `\ivcu_sensor_conditioning.$proc$/home/venky/final_ivcu_project/RTL_V4/ivcu_sensor_conditioning.v:172$2454'.
  created $adff cell `$procdff$17627' with positive edge clock and positive level reset.
Creating register for signal `\ivcu_sensor_conditioning.\ch[42].acc' using process `\ivcu_sensor_conditioning.$proc$/home/venky/final_ivcu_project/RTL_V4/ivcu_sensor_conditioning.v:172$2445'.
  created $adff cell `$procdff$17632' with positive edge clock and positive level reset.
Creating register for signal `\ivcu_sensor_conditioning.\ch[41].acc' using process `\ivcu_sensor_conditioning.$proc$/home/venky/final_ivcu_project/RTL_V4/ivcu_sensor_conditioning.v:172$2436'.
  created $adff cell `$procdff$17637' with positive edge clock and positive level reset.
Creating register for signal `\ivcu_sensor_conditioning.\ch[40].acc' using process `\ivcu_sensor_conditioning.$proc$/home/venky/final_ivcu_project/RTL_V4/ivcu_sensor_conditioning.v:172$2427'.
  created $adff cell `$procdff$17642' with positive edge clock and positive level reset.
Creating register for signal `\ivcu_sensor_conditioning.\ch[39].acc' using process `\ivcu_sensor_conditioning.$proc$/home/venky/final_ivcu_project/RTL_V4/ivcu_sensor_conditioning.v:172$2418'.
  created $adff cell `$procdff$17647' with positive edge clock and positive level reset.
Creating register for signal `\ivcu_sensor_conditioning.\ch[38].acc' using process `\ivcu_sensor_conditioning.$proc$/home/venky/final_ivcu_project/RTL_V4/ivcu_sensor_conditioning.v:172$2409'.
  created $adff cell `$procdff$17652' with positive edge clock and positive level reset.
Creating register for signal `\ivcu_sensor_conditioning.\ch[37].acc' using process `\ivcu_sensor_conditioning.$proc$/home/venky/final_ivcu_project/RTL_V4/ivcu_sensor_conditioning.v:172$2400'.
  created $adff cell `$procdff$17657' with positive edge clock and positive level reset.
Creating register for signal `\ivcu_sensor_conditioning.\ch[36].acc' using process `\ivcu_sensor_conditioning.$proc$/home/venky/final_ivcu_project/RTL_V4/ivcu_sensor_conditioning.v:172$2391'.
  created $adff cell `$procdff$17662' with positive edge clock and positive level reset.
Creating register for signal `\ivcu_sensor_conditioning.\ch[35].acc' using process `\ivcu_sensor_conditioning.$proc$/home/venky/final_ivcu_project/RTL_V4/ivcu_sensor_conditioning.v:172$2382'.
  created $adff cell `$procdff$17667' with positive edge clock and positive level reset.
Creating register for signal `\ivcu_sensor_conditioning.\ch[34].acc' using process `\ivcu_sensor_conditioning.$proc$/home/venky/final_ivcu_project/RTL_V4/ivcu_sensor_conditioning.v:172$2373'.
  created $adff cell `$procdff$17672' with positive edge clock and positive level reset.
Creating register for signal `\ivcu_sensor_conditioning.\ch[33].acc' using process `\ivcu_sensor_conditioning.$proc$/home/venky/final_ivcu_project/RTL_V4/ivcu_sensor_conditioning.v:172$2364'.
  created $adff cell `$procdff$17677' with positive edge clock and positive level reset.
Creating register for signal `\ivcu_sensor_conditioning.\ch[32].acc' using process `\ivcu_sensor_conditioning.$proc$/home/venky/final_ivcu_project/RTL_V4/ivcu_sensor_conditioning.v:172$2355'.
  created $adff cell `$procdff$17682' with positive edge clock and positive level reset.
Creating register for signal `\ivcu_sensor_conditioning.\ch[31].acc' using process `\ivcu_sensor_conditioning.$proc$/home/venky/final_ivcu_project/RTL_V4/ivcu_sensor_conditioning.v:172$2346'.
  created $adff cell `$procdff$17687' with positive edge clock and positive level reset.
Creating register for signal `\ivcu_sensor_conditioning.\ch[30].acc' using process `\ivcu_sensor_conditioning.$proc$/home/venky/final_ivcu_project/RTL_V4/ivcu_sensor_conditioning.v:172$2337'.
  created $adff cell `$procdff$17692' with positive edge clock and positive level reset.
Creating register for signal `\ivcu_sensor_conditioning.\ch[29].acc' using process `\ivcu_sensor_conditioning.$proc$/home/venky/final_ivcu_project/RTL_V4/ivcu_sensor_conditioning.v:172$2328'.
  created $adff cell `$procdff$17697' with positive edge clock and positive level reset.
Creating register for signal `\ivcu_sensor_conditioning.\ch[28].acc' using process `\ivcu_sensor_conditioning.$proc$/home/venky/final_ivcu_project/RTL_V4/ivcu_sensor_conditioning.v:172$2319'.
  created $adff cell `$procdff$17702' with positive edge clock and positive level reset.
Creating register for signal `\ivcu_sensor_conditioning.\ch[27].acc' using process `\ivcu_sensor_conditioning.$proc$/home/venky/final_ivcu_project/RTL_V4/ivcu_sensor_conditioning.v:172$2310'.
  created $adff cell `$procdff$17707' with positive edge clock and positive level reset.
Creating register for signal `\ivcu_sensor_conditioning.\ch[26].acc' using process `\ivcu_sensor_conditioning.$proc$/home/venky/final_ivcu_project/RTL_V4/ivcu_sensor_conditioning.v:172$2301'.
  created $adff cell `$procdff$17712' with positive edge clock and positive level reset.
Creating register for signal `\ivcu_sensor_conditioning.\ch[25].acc' using process `\ivcu_sensor_conditioning.$proc$/home/venky/final_ivcu_project/RTL_V4/ivcu_sensor_conditioning.v:172$2292'.
  created $adff cell `$procdff$17717' with positive edge clock and positive level reset.
Creating register for signal `\ivcu_sensor_conditioning.\ch[24].acc' using process `\ivcu_sensor_conditioning.$proc$/home/venky/final_ivcu_project/RTL_V4/ivcu_sensor_conditioning.v:172$2283'.
  created $adff cell `$procdff$17722' with positive edge clock and positive level reset.
Creating register for signal `\ivcu_sensor_conditioning.\ch[23].acc' using process `\ivcu_sensor_conditioning.$proc$/home/venky/final_ivcu_project/RTL_V4/ivcu_sensor_conditioning.v:172$2274'.
  created $adff cell `$procdff$17727' with positive edge clock and positive level reset.
Creating register for signal `\ivcu_sensor_conditioning.\ch[22].acc' using process `\ivcu_sensor_conditioning.$proc$/home/venky/final_ivcu_project/RTL_V4/ivcu_sensor_conditioning.v:172$2265'.
  created $adff cell `$procdff$17732' with positive edge clock and positive level reset.
Creating register for signal `\ivcu_sensor_conditioning.\ch[21].acc' using process `\ivcu_sensor_conditioning.$proc$/home/venky/final_ivcu_project/RTL_V4/ivcu_sensor_conditioning.v:172$2256'.
  created $adff cell `$procdff$17737' with positive edge clock and positive level reset.
Creating register for signal `\ivcu_sensor_conditioning.\ch[20].acc' using process `\ivcu_sensor_conditioning.$proc$/home/venky/final_ivcu_project/RTL_V4/ivcu_sensor_conditioning.v:172$2247'.
  created $adff cell `$procdff$17742' with positive edge clock and positive level reset.
Creating register for signal `\ivcu_sensor_conditioning.\ch[19].acc' using process `\ivcu_sensor_conditioning.$proc$/home/venky/final_ivcu_project/RTL_V4/ivcu_sensor_conditioning.v:172$2238'.
  created $adff cell `$procdff$17747' with positive edge clock and positive level reset.
Creating register for signal `\ivcu_sensor_conditioning.\ch[18].acc' using process `\ivcu_sensor_conditioning.$proc$/home/venky/final_ivcu_project/RTL_V4/ivcu_sensor_conditioning.v:172$2229'.
  created $adff cell `$procdff$17752' with positive edge clock and positive level reset.
Creating register for signal `\ivcu_sensor_conditioning.\ch[17].acc' using process `\ivcu_sensor_conditioning.$proc$/home/venky/final_ivcu_project/RTL_V4/ivcu_sensor_conditioning.v:172$2220'.
  created $adff cell `$procdff$17757' with positive edge clock and positive level reset.
Creating register for signal `\ivcu_sensor_conditioning.\ch[16].acc' using process `\ivcu_sensor_conditioning.$proc$/home/venky/final_ivcu_project/RTL_V4/ivcu_sensor_conditioning.v:172$2211'.
  created $adff cell `$procdff$17762' with positive edge clock and positive level reset.
Creating register for signal `\ivcu_sensor_conditioning.\ch[15].acc' using process `\ivcu_sensor_conditioning.$proc$/home/venky/final_ivcu_project/RTL_V4/ivcu_sensor_conditioning.v:172$2202'.
  created $adff cell `$procdff$17767' with positive edge clock and positive level reset.
Creating register for signal `\ivcu_sensor_conditioning.\ch[14].acc' using process `\ivcu_sensor_conditioning.$proc$/home/venky/final_ivcu_project/RTL_V4/ivcu_sensor_conditioning.v:172$2193'.
  created $adff cell `$procdff$17772' with positive edge clock and positive level reset.
Creating register for signal `\ivcu_sensor_conditioning.\ch[13].acc' using process `\ivcu_sensor_conditioning.$proc$/home/venky/final_ivcu_project/RTL_V4/ivcu_sensor_conditioning.v:172$2184'.
  created $adff cell `$procdff$17777' with positive edge clock and positive level reset.
Creating register for signal `\ivcu_sensor_conditioning.\ch[12].acc' using process `\ivcu_sensor_conditioning.$proc$/home/venky/final_ivcu_project/RTL_V4/ivcu_sensor_conditioning.v:172$2175'.
  created $adff cell `$procdff$17782' with positive edge clock and positive level reset.
Creating register for signal `\ivcu_sensor_conditioning.\ch[11].acc' using process `\ivcu_sensor_conditioning.$proc$/home/venky/final_ivcu_project/RTL_V4/ivcu_sensor_conditioning.v:172$2166'.
  created $adff cell `$procdff$17787' with positive edge clock and positive level reset.
Creating register for signal `\ivcu_sensor_conditioning.\ch[10].acc' using process `\ivcu_sensor_conditioning.$proc$/home/venky/final_ivcu_project/RTL_V4/ivcu_sensor_conditioning.v:172$2157'.
  created $adff cell `$procdff$17792' with positive edge clock and positive level reset.
Creating register for signal `\ivcu_sensor_conditioning.\ch[9].acc' using process `\ivcu_sensor_conditioning.$proc$/home/venky/final_ivcu_project/RTL_V4/ivcu_sensor_conditioning.v:172$2148'.
  created $adff cell `$procdff$17797' with positive edge clock and positive level reset.
Creating register for signal `\ivcu_sensor_conditioning.\ch[8].acc' using process `\ivcu_sensor_conditioning.$proc$/home/venky/final_ivcu_project/RTL_V4/ivcu_sensor_conditioning.v:172$2139'.
  created $adff cell `$procdff$17802' with positive edge clock and positive level reset.
Creating register for signal `\ivcu_sensor_conditioning.\ch[7].acc' using process `\ivcu_sensor_conditioning.$proc$/home/venky/final_ivcu_project/RTL_V4/ivcu_sensor_conditioning.v:172$2130'.
  created $adff cell `$procdff$17807' with positive edge clock and positive level reset.
Creating register for signal `\ivcu_sensor_conditioning.\ch[6].acc' using process `\ivcu_sensor_conditioning.$proc$/home/venky/final_ivcu_project/RTL_V4/ivcu_sensor_conditioning.v:172$2121'.
  created $adff cell `$procdff$17812' with positive edge clock and positive level reset.
Creating register for signal `\ivcu_sensor_conditioning.\ch[5].acc' using process `\ivcu_sensor_conditioning.$proc$/home/venky/final_ivcu_project/RTL_V4/ivcu_sensor_conditioning.v:172$2112'.
  created $adff cell `$procdff$17817' with positive edge clock and positive level reset.
Creating register for signal `\ivcu_sensor_conditioning.\ch[4].acc' using process `\ivcu_sensor_conditioning.$proc$/home/venky/final_ivcu_project/RTL_V4/ivcu_sensor_conditioning.v:172$2103'.
  created $adff cell `$procdff$17822' with positive edge clock and positive level reset.
Creating register for signal `\ivcu_sensor_conditioning.\ch[3].acc' using process `\ivcu_sensor_conditioning.$proc$/home/venky/final_ivcu_project/RTL_V4/ivcu_sensor_conditioning.v:172$2094'.
  created $adff cell `$procdff$17827' with positive edge clock and positive level reset.
Creating register for signal `\ivcu_sensor_conditioning.\ch[2].acc' using process `\ivcu_sensor_conditioning.$proc$/home/venky/final_ivcu_project/RTL_V4/ivcu_sensor_conditioning.v:172$2085'.
  created $adff cell `$procdff$17832' with positive edge clock and positive level reset.
Creating register for signal `\ivcu_sensor_conditioning.\ch[1].acc' using process `\ivcu_sensor_conditioning.$proc$/home/venky/final_ivcu_project/RTL_V4/ivcu_sensor_conditioning.v:172$2076'.
  created $adff cell `$procdff$17837' with positive edge clock and positive level reset.
Creating register for signal `\ivcu_sensor_conditioning.\ch[0].acc' using process `\ivcu_sensor_conditioning.$proc$/home/venky/final_ivcu_project/RTL_V4/ivcu_sensor_conditioning.v:172$2067'.
  created $adff cell `$procdff$17842' with positive edge clock and positive level reset.
Creating register for signal `\ivcu_sensor_conditioning.\sensor_fresh' using process `\ivcu_sensor_conditioning.$proc$/home/venky/final_ivcu_project/RTL_V4/ivcu_sensor_conditioning.v:193$1867'.
  created $adff cell `$procdff$17847' with positive edge clock and positive level reset.
Creating register for signal `\ivcu_sensor_conditioning.\j' using process `\ivcu_sensor_conditioning.$proc$/home/venky/final_ivcu_project/RTL_V4/ivcu_sensor_conditioning.v:193$1867'.
  created $dff cell `$procdff$17854' with positive edge clock.
Creating register for signal `$paramod\ivcu_reset_sync\STAGES=s32'00000000000000000000000000000011.\sync_q' using process `$paramod\ivcu_reset_sync\STAGES=s32'00000000000000000000000000000011.$proc$/home/venky/final_ivcu_project/RTL_V4/ivcu_reset_sync.v:30$7025'.
  created $adff cell `$procdff$17859' with positive edge clock and positive level reset.
Creating register for signal `\ivcu_permit_fsm.\permit_state' using process `\ivcu_permit_fsm.$proc$/home/venky/final_ivcu_project/RTL_V4/ivcu_permit_fsm.v:90$1343'.
  created $adff cell `$procdff$17864' with positive edge clock and positive level reset.
Creating register for signal `\ivcu_permit_fsm.\starts_left' using process `\ivcu_permit_fsm.$proc$/home/venky/final_ivcu_project/RTL_V4/ivcu_permit_fsm.v:90$1343'.
  created $adff cell `$procdff$17869' with positive edge clock and positive level reset.
Creating register for signal `\ivcu_perception_ai.\feat_lane_keep' using process `\ivcu_perception_ai.$proc$/home/venky/final_ivcu_project/RTL_V4/ivcu_perception_ai.v:120$1285'.
  created $adff cell `$procdff$17874' with positive edge clock and positive level reset.
Creating register for signal `\ivcu_perception_ai.\feat_adaptive_cruise' using process `\ivcu_perception_ai.$proc$/home/venky/final_ivcu_project/RTL_V4/ivcu_perception_ai.v:120$1285'.
  created $adff cell `$procdff$17879' with positive edge clock and positive level reset.
Creating register for signal `\ivcu_perception_ai.\feat_blind_spot' using process `\ivcu_perception_ai.$proc$/home/venky/final_ivcu_project/RTL_V4/ivcu_perception_ai.v:120$1285'.
  created $adff cell `$procdff$17884' with positive edge clock and positive level reset.
Creating register for signal `\ivcu_perception_ai.\feat_park_assist' using process `\ivcu_perception_ai.$proc$/home/venky/final_ivcu_project/RTL_V4/ivcu_perception_ai.v:120$1285'.
  created $adff cell `$procdff$17889' with positive edge clock and positive level reset.
Creating register for signal `\ivcu_perception_ai.\feat_auto_headlight' using process `\ivcu_perception_ai.$proc$/home/venky/final_ivcu_project/RTL_V4/ivcu_perception_ai.v:120$1285'.
  created $adff cell `$procdff$17894' with positive edge clock and positive level reset.
Creating register for signal `\ivcu_perception_ai.\feat_auto_wiper' using process `\ivcu_perception_ai.$proc$/home/venky/final_ivcu_project/RTL_V4/ivcu_perception_ai.v:120$1285'.
  created $adff cell `$procdff$17899' with positive edge clock and positive level reset.
Creating register for signal `\ivcu_perception_ai.\feat_collision_warn' using process `\ivcu_perception_ai.$proc$/home/venky/final_ivcu_project/RTL_V4/ivcu_perception_ai.v:120$1285'.
  created $adff cell `$procdff$17904' with positive edge clock and positive level reset.
Creating register for signal `\ivcu_perception_ai.\gps_usable' using process `\ivcu_perception_ai.$proc$/home/venky/final_ivcu_project/RTL_V4/ivcu_perception_ai.v:120$1285'.
  created $adff cell `$procdff$17909' with positive edge clock and positive level reset.
Creating register for signal `\ivcu_perception_ai.\gps_stale_sweeps' using process `\ivcu_perception_ai.$proc$/home/venky/final_ivcu_project/RTL_V4/ivcu_perception_ai.v:120$1285'.
  created $adff cell `$procdff$17914' with positive edge clock and positive level reset.
Creating register for signal `\ivcu_perception_ai.\perception_degraded' using process `\ivcu_perception_ai.$proc$/home/venky/final_ivcu_project/RTL_V4/ivcu_perception_ai.v:120$1285'.
  created $adff cell `$procdff$17919' with positive edge clock and positive level reset.
Creating register for signal `\ivcu_motor_ai.\torque_limit_pct' using process `\ivcu_motor_ai.$proc$/home/venky/final_ivcu_project/RTL_V4/ivcu_motor_ai.v:153$1179'.
  created $adff cell `$procdff$17924' with positive edge clock and positive level reset.
Creating register for signal `\ivcu_motor_ai.\motor_inhibit' using process `\ivcu_motor_ai.$proc$/home/venky/final_ivcu_project/RTL_V4/ivcu_motor_ai.v:153$1179'.
  created $adff cell `$procdff$17929' with positive edge clock and positive level reset.
Creating register for signal `\ivcu_motor_ai.\regen_inhibit' using process `\ivcu_motor_ai.$proc$/home/venky/final_ivcu_project/RTL_V4/ivcu_motor_ai.v:153$1179'.
  created $adff cell `$procdff$17934' with positive edge clock and positive level reset.
Creating register for signal `\ivcu_motor_ai.\motor_hot' using process `\ivcu_motor_ai.$proc$/home/venky/final_ivcu_project/RTL_V4/ivcu_motor_ai.v:153$1179'.
  created $adff cell `$procdff$17939' with positive edge clock and positive level reset.
Creating register for signal `\ivcu_motor_ai.\inverter_hot' using process `\ivcu_motor_ai.$proc$/home/venky/final_ivcu_project/RTL_V4/ivcu_motor_ai.v:153$1179'.
  created $adff cell `$procdff$17944' with positive edge clock and positive level reset.
Creating register for signal `\ivcu_motor_ai.\overspeed' using process `\ivcu_motor_ai.$proc$/home/venky/final_ivcu_project/RTL_V4/ivcu_motor_ai.v:153$1179'.
  created $adff cell `$procdff$17949' with positive edge clock and positive level reset.
Creating register for signal `\ivcu_motor_ai.\overcurrent' using process `\ivcu_motor_ai.$proc$/home/venky/final_ivcu_project/RTL_V4/ivcu_motor_ai.v:153$1179'.
  created $adff cell `$procdff$17954' with positive edge clock and positive level reset.
Creating register for signal `\ivcu_motor_ai.\derate$func$/home/venky/final_ivcu_project/RTL_V4/ivcu_motor_ai.v:171$1151.$result' using process `\ivcu_motor_ai.$proc$/home/venky/final_ivcu_project/RTL_V4/ivcu_motor_ai.v:153$1179'.
  created $adff cell `$procdff$17959' with positive edge clock and positive level reset.
Creating register for signal `\ivcu_motor_ai.\derate$func$/home/venky/final_ivcu_project/RTL_V4/ivcu_motor_ai.v:171$1151.lost' using process `\ivcu_motor_ai.$proc$/home/venky/final_ivcu_project/RTL_V4/ivcu_motor_ai.v:153$1179'.
  created $adff cell `$procdff$17964' with positive edge clock and positive level reset.
Creating register for signal `\ivcu_motor_ai.\derate$func$/home/venky/final_ivcu_project/RTL_V4/ivcu_motor_ai.v:171$1151.mcrit' using process `\ivcu_motor_ai.$proc$/home/venky/final_ivcu_project/RTL_V4/ivcu_motor_ai.v:153$1179'.
  created $adff cell `$procdff$17969' with positive edge clock and positive level reset.
Creating register for signal `\ivcu_motor_ai.\derate$func$/home/venky/final_ivcu_project/RTL_V4/ivcu_motor_ai.v:171$1151.icrit' using process `\ivcu_motor_ai.$proc$/home/venky/final_ivcu_project/RTL_V4/ivcu_motor_ai.v:153$1179'.
  created $adff cell `$procdff$17974' with positive edge clock and positive level reset.
Creating register for signal `\ivcu_motor_ai.\derate$func$/home/venky/final_ivcu_project/RTL_V4/ivcu_motor_ai.v:171$1151.ocur' using process `\ivcu_motor_ai.$proc$/home/venky/final_ivcu_project/RTL_V4/ivcu_motor_ai.v:153$1179'.
  created $adff cell `$procdff$17979' with positive edge clock and positive level reset.
Creating register for signal `\ivcu_motor_ai.\derate$func$/home/venky/final_ivcu_project/RTL_V4/ivcu_motor_ai.v:171$1151.mhot' using process `\ivcu_motor_ai.$proc$/home/venky/final_ivcu_project/RTL_V4/ivcu_motor_ai.v:153$1179'.
  created $adff cell `$procdff$17984' with positive edge clock and positive level reset.
Creating register for signal `\ivcu_motor_ai.\derate$func$/home/venky/final_ivcu_project/RTL_V4/ivcu_motor_ai.v:171$1151.ihot' using process `\ivcu_motor_ai.$proc$/home/venky/final_ivcu_project/RTL_V4/ivcu_motor_ai.v:153$1179'.
  created $adff cell `$procdff$17989' with positive edge clock and positive level reset.
Creating register for signal `\ivcu_motor_ai.\derate$func$/home/venky/final_ivcu_project/RTL_V4/ivcu_motor_ai.v:171$1151.ospd' using process `\ivcu_motor_ai.$proc$/home/venky/final_ivcu_project/RTL_V4/ivcu_motor_ai.v:153$1179'.
  created $adff cell `$procdff$17994' with positive edge clock and positive level reset.
Creating register for signal `\ivcu_motor_ai.\derate$func$/home/venky/final_ivcu_project/RTL_V4/ivcu_motor_ai.v:171$1151.mwarm' using process `\ivcu_motor_ai.$proc$/home/venky/final_ivcu_project/RTL_V4/ivcu_motor_ai.v:153$1179'.
  created $adff cell `$procdff$17999' with positive edge clock and positive level reset.
Creating register for signal `\ivcu_motor_ai.\derate$func$/home/venky/final_ivcu_project/RTL_V4/ivcu_motor_ai.v:171$1151.iwarm' using process `\ivcu_motor_ai.$proc$/home/venky/final_ivcu_project/RTL_V4/ivcu_motor_ai.v:153$1179'.
  created $adff cell `$procdff$18004' with positive edge clock and positive level reset.
Creating register for signal `\ivcu_motor_ai.\derate$func$/home/venky/final_ivcu_project/RTL_V4/ivcu_motor_ai.v:171$1151.ocurw' using process `\ivcu_motor_ai.$proc$/home/venky/final_ivcu_project/RTL_V4/ivcu_motor_ai.v:153$1179'.
  created $adff cell `$procdff$18009' with positive edge clock and positive level reset.
Creating register for signal `\ivcu_mode_manager.\sensor_enable' using process `\ivcu_mode_manager.$proc$/home/venky/final_ivcu_project/RTL_V4/ivcu_mode_manager.v:111$1146'.
  created $adff cell `$procdff$18014' with positive edge clock and positive level reset.
Creating register for signal `\ivcu_mode_manager.\afe_power' using process `\ivcu_mode_manager.$proc$/home/venky/final_ivcu_project/RTL_V4/ivcu_mode_manager.v:111$1146'.
  created $adff cell `$procdff$18019' with positive edge clock and positive level reset.
Creating register for signal `\ivcu_mode_arbiter.\active_mode' using process `\ivcu_mode_arbiter.$proc$/home/venky/final_ivcu_project/RTL_V4/ivcu_mode_arbiter.v:151$1046'.
  created $adff cell `$procdff$18024' with positive edge clock and positive level reset.
Creating register for signal `\ivcu_mode_arbiter.\mode_resolved' using process `\ivcu_mode_arbiter.$proc$/home/venky/final_ivcu_project/RTL_V4/ivcu_mode_arbiter.v:151$1046'.
  created $adff cell `$procdff$18029' with positive edge clock and positive level reset.
Creating register for signal `\ivcu_mode_arbiter.\detect_sweeps' using process `\ivcu_mode_arbiter.$proc$/home/venky/final_ivcu_project/RTL_V4/ivcu_mode_arbiter.v:151$1046'.
  created $adff cell `$procdff$18034' with positive edge clock and positive level reset.
Creating register for signal `\ivcu_mode_arbiter.\last_verdict' using process `\ivcu_mode_arbiter.$proc$/home/venky/final_ivcu_project/RTL_V4/ivcu_mode_arbiter.v:151$1046'.
  created $adff cell `$procdff$18039' with positive edge clock and positive level reset.
Creating register for signal `\ivcu_mode_arbiter.\agree_cnt' using process `\ivcu_mode_arbiter.$proc$/home/venky/final_ivcu_project/RTL_V4/ivcu_mode_arbiter.v:151$1046'.
  created $adff cell `$procdff$18044' with positive edge clock and positive level reset.
Creating register for signal `\ivcu_ignition_counter.\ign_lifetime' using process `\ivcu_ignition_counter.$proc$/home/venky/final_ivcu_project/RTL_V4/ivcu_ignition_counter.v:61$989'.
  created $adff cell `$procdff$18049' with positive edge clock and positive level reset.
Creating register for signal `\ivcu_ignition_counter.\ignition_stable' using process `\ivcu_ignition_counter.$proc$/home/venky/final_ivcu_project/RTL_V4/ivcu_ignition_counter.v:61$989'.
  created $adff cell `$procdff$18054' with positive edge clock and positive level reset.
Creating register for signal `\ivcu_ignition_counter.\ign_cycle' using process `\ivcu_ignition_counter.$proc$/home/venky/final_ivcu_project/RTL_V4/ivcu_ignition_counter.v:61$989'.
  created $adff cell `$procdff$18059' with positive edge clock and positive level reset.
Creating register for signal `\ivcu_ignition_counter.\dbnc' using process `\ivcu_ignition_counter.$proc$/home/venky/final_ivcu_project/RTL_V4/ivcu_ignition_counter.v:61$989'.
  created $adff cell `$procdff$18064' with positive edge clock and positive level reset.
Creating register for signal `\ivcu_ignition_counter.\ign_prev' using process `\ivcu_ignition_counter.$proc$/home/venky/final_ivcu_project/RTL_V4/ivcu_ignition_counter.v:61$989'.
  created $adff cell `$procdff$18069' with positive edge clock and positive level reset.
Creating register for signal `\ivcu_hv_sense_sync.\q_hvil' using process `\ivcu_hv_sense_sync.$proc$/home/venky/final_ivcu_project/RTL_V4/ivcu_hv_sense_sync.v:156$987'.
  created $adff cell `$procdff$18074' with positive edge clock and positive level reset.
Creating register for signal `\ivcu_hv_sense_sync.\q_iso' using process `\ivcu_hv_sense_sync.$proc$/home/venky/final_ivcu_project/RTL_V4/ivcu_hv_sense_sync.v:156$987'.
  created $adff cell `$procdff$18079' with positive edge clock and positive level reset.
Creating register for signal `\ivcu_hv_sense_sync.\q_bus_v' using process `\ivcu_hv_sense_sync.$proc$/home/venky/final_ivcu_project/RTL_V4/ivcu_hv_sense_sync.v:156$987'.
  created $adff cell `$procdff$18084' with positive edge clock and positive level reset.
Creating register for signal `\ivcu_hv_sense_sync.\q_pre_v' using process `\ivcu_hv_sense_sync.$proc$/home/venky/final_ivcu_project/RTL_V4/ivcu_hv_sense_sync.v:156$987'.
  created $adff cell `$procdff$18089' with positive edge clock and positive level reset.
Creating register for signal `\ivcu_hv_sense_sync.\q_fb_pos' using process `\ivcu_hv_sense_sync.$proc$/home/venky/final_ivcu_project/RTL_V4/ivcu_hv_sense_sync.v:156$987'.
  created $adff cell `$procdff$18094' with positive edge clock and positive level reset.
Creating register for signal `\ivcu_hv_sense_sync.\q_fb_neg' using process `\ivcu_hv_sense_sync.$proc$/home/venky/final_ivcu_project/RTL_V4/ivcu_hv_sense_sync.v:156$987'.
  created $adff cell `$procdff$18099' with positive edge clock and positive level reset.
Creating register for signal `\ivcu_hv_sense_sync.\q_pack_v' using process `\ivcu_hv_sense_sync.$proc$/home/venky/final_ivcu_project/RTL_V4/ivcu_hv_sense_sync.v:156$987'.
  created $adff cell `$procdff$18104' with positive edge clock and positive level reset.
Creating register for signal `\ivcu_hv_sense_sync.\q_dc_i' using process `\ivcu_hv_sense_sync.$proc$/home/venky/final_ivcu_project/RTL_V4/ivcu_hv_sense_sync.v:156$987'.
  created $adff cell `$procdff$18109' with positive edge clock and positive level reset.
Creating register for signal `\ivcu_hv_sense_sync.\q_cell_tmax' using process `\ivcu_hv_sense_sync.$proc$/home/venky/final_ivcu_project/RTL_V4/ivcu_hv_sense_sync.v:156$987'.
  created $adff cell `$procdff$18114' with positive edge clock and positive level reset.
Creating register for signal `\ivcu_hv_sense_sync.\q_encl_p' using process `\ivcu_hv_sense_sync.$proc$/home/venky/final_ivcu_project/RTL_V4/ivcu_hv_sense_sync.v:156$987'.
  created $adff cell `$procdff$18119' with positive edge clock and positive level reset.
Creating register for signal `\ivcu_hv_sense_sync.\q_crash_f' using process `\ivcu_hv_sense_sync.$proc$/home/venky/final_ivcu_project/RTL_V4/ivcu_hv_sense_sync.v:156$987'.
  created $adff cell `$procdff$18124' with positive edge clock and positive level reset.
Creating register for signal `\ivcu_hv_sense_sync.\q_crash_s' using process `\ivcu_hv_sense_sync.$proc$/home/venky/final_ivcu_project/RTL_V4/ivcu_hv_sense_sync.v:156$987'.
  created $adff cell `$procdff$18129' with positive edge clock and positive level reset.
Creating register for signal `\ivcu_hv_sense_sync.\q_tip' using process `\ivcu_hv_sense_sync.$proc$/home/venky/final_ivcu_project/RTL_V4/ivcu_hv_sense_sync.v:156$987'.
  created $adff cell `$procdff$18134' with positive edge clock and positive level reset.
Creating register for signal `\ivcu_hv_sense_sync.\q_accel_long' using process `\ivcu_hv_sense_sync.$proc$/home/venky/final_ivcu_project/RTL_V4/ivcu_hv_sense_sync.v:156$987'.
  created $adff cell `$procdff$18139' with positive edge clock and positive level reset.
Creating register for signal `\ivcu_hv_sense_sync.\q_accel_lat' using process `\ivcu_hv_sense_sync.$proc$/home/venky/final_ivcu_project/RTL_V4/ivcu_hv_sense_sync.v:156$987'.
  created $adff cell `$procdff$18144' with positive edge clock and positive level reset.
Creating register for signal `\ivcu_hv_sense_sync.\q_dead' using process `\ivcu_hv_sense_sync.$proc$/home/venky/final_ivcu_project/RTL_V4/ivcu_hv_sense_sync.v:156$987'.
  created $adff cell `$procdff$18149' with positive edge clock and positive level reset.
Creating register for signal `\ivcu_hv_sense_sync.\q_valid' using process `\ivcu_hv_sense_sync.$proc$/home/venky/final_ivcu_project/RTL_V4/ivcu_hv_sense_sync.v:156$987'.
  created $adff cell `$procdff$18154' with positive edge clock and positive level reset.
Creating register for signal `\ivcu_hv_sense_sync.\tsync_q' using process `\ivcu_hv_sense_sync.$proc$/home/venky/final_ivcu_project/RTL_V4/ivcu_hv_sense_sync.v:148$985'.
  created $adff cell `$procdff$18159' with positive edge clock and positive level reset.
Creating register for signal `\ivcu_hv_sense_sync.\toggle_q' using process `\ivcu_hv_sense_sync.$proc$/home/venky/final_ivcu_project/RTL_V4/ivcu_hv_sense_sync.v:99$981'.
  created $adff cell `$procdff$18164' with positive edge clock and positive level reset.
Creating register for signal `\ivcu_hv_sense_sync.\h_hvil' using process `\ivcu_hv_sense_sync.$proc$/home/venky/final_ivcu_project/RTL_V4/ivcu_hv_sense_sync.v:99$981'.
  created $adff cell `$procdff$18169' with positive edge clock and positive level reset.
Creating register for signal `\ivcu_hv_sense_sync.\h_iso' using process `\ivcu_hv_sense_sync.$proc$/home/venky/final_ivcu_project/RTL_V4/ivcu_hv_sense_sync.v:99$981'.
  created $adff cell `$procdff$18174' with positive edge clock and positive level reset.
Creating register for signal `\ivcu_hv_sense_sync.\h_bus_v' using process `\ivcu_hv_sense_sync.$proc$/home/venky/final_ivcu_project/RTL_V4/ivcu_hv_sense_sync.v:99$981'.
  created $adff cell `$procdff$18179' with positive edge clock and positive level reset.
Creating register for signal `\ivcu_hv_sense_sync.\h_pre_v' using process `\ivcu_hv_sense_sync.$proc$/home/venky/final_ivcu_project/RTL_V4/ivcu_hv_sense_sync.v:99$981'.
  created $adff cell `$procdff$18184' with positive edge clock and positive level reset.
Creating register for signal `\ivcu_hv_sense_sync.\h_fb_pos' using process `\ivcu_hv_sense_sync.$proc$/home/venky/final_ivcu_project/RTL_V4/ivcu_hv_sense_sync.v:99$981'.
  created $adff cell `$procdff$18189' with positive edge clock and positive level reset.
Creating register for signal `\ivcu_hv_sense_sync.\h_fb_neg' using process `\ivcu_hv_sense_sync.$proc$/home/venky/final_ivcu_project/RTL_V4/ivcu_hv_sense_sync.v:99$981'.
  created $adff cell `$procdff$18194' with positive edge clock and positive level reset.
Creating register for signal `\ivcu_hv_sense_sync.\h_pack_v' using process `\ivcu_hv_sense_sync.$proc$/home/venky/final_ivcu_project/RTL_V4/ivcu_hv_sense_sync.v:99$981'.
  created $adff cell `$procdff$18199' with positive edge clock and positive level reset.
Creating register for signal `\ivcu_hv_sense_sync.\h_dc_i' using process `\ivcu_hv_sense_sync.$proc$/home/venky/final_ivcu_project/RTL_V4/ivcu_hv_sense_sync.v:99$981'.
  created $adff cell `$procdff$18204' with positive edge clock and positive level reset.
Creating register for signal `\ivcu_hv_sense_sync.\h_cell_tmax' using process `\ivcu_hv_sense_sync.$proc$/home/venky/final_ivcu_project/RTL_V4/ivcu_hv_sense_sync.v:99$981'.
  created $adff cell `$procdff$18209' with positive edge clock and positive level reset.
Creating register for signal `\ivcu_hv_sense_sync.\h_encl_p' using process `\ivcu_hv_sense_sync.$proc$/home/venky/final_ivcu_project/RTL_V4/ivcu_hv_sense_sync.v:99$981'.
  created $adff cell `$procdff$18214' with positive edge clock and positive level reset.
Creating register for signal `\ivcu_hv_sense_sync.\h_crash_f' using process `\ivcu_hv_sense_sync.$proc$/home/venky/final_ivcu_project/RTL_V4/ivcu_hv_sense_sync.v:99$981'.
  created $adff cell `$procdff$18219' with positive edge clock and positive level reset.
Creating register for signal `\ivcu_hv_sense_sync.\h_crash_s' using process `\ivcu_hv_sense_sync.$proc$/home/venky/final_ivcu_project/RTL_V4/ivcu_hv_sense_sync.v:99$981'.
  created $adff cell `$procdff$18224' with positive edge clock and positive level reset.
Creating register for signal `\ivcu_hv_sense_sync.\h_tip' using process `\ivcu_hv_sense_sync.$proc$/home/venky/final_ivcu_project/RTL_V4/ivcu_hv_sense_sync.v:99$981'.
  created $adff cell `$procdff$18229' with positive edge clock and positive level reset.
Creating register for signal `\ivcu_hv_sense_sync.\h_accel_long' using process `\ivcu_hv_sense_sync.$proc$/home/venky/final_ivcu_project/RTL_V4/ivcu_hv_sense_sync.v:99$981'.
  created $adff cell `$procdff$18234' with positive edge clock and positive level reset.
Creating register for signal `\ivcu_hv_sense_sync.\h_accel_lat' using process `\ivcu_hv_sense_sync.$proc$/home/venky/final_ivcu_project/RTL_V4/ivcu_hv_sense_sync.v:99$981'.
  created $adff cell `$procdff$18239' with positive edge clock and positive level reset.
Creating register for signal `\ivcu_hv_sense_sync.\h_dead' using process `\ivcu_hv_sense_sync.$proc$/home/venky/final_ivcu_project/RTL_V4/ivcu_hv_sense_sync.v:99$981'.
  created $adff cell `$procdff$18244' with positive edge clock and positive level reset.
Creating register for signal `\ivcu_hv_pyro_trigger.\state' using process `\ivcu_hv_pyro_trigger.$proc$/home/venky/final_ivcu_project/RTL_V4/ivcu_hv_pyro_trigger.v:92$969'.
  created $adff cell `$procdff$18249' with positive edge clock and positive level reset.
Creating register for signal `\ivcu_hv_pyro_trigger.\pyro_fired' using process `\ivcu_hv_pyro_trigger.$proc$/home/venky/final_ivcu_project/RTL_V4/ivcu_hv_pyro_trigger.v:92$969'.
  created $adff cell `$procdff$18254' with positive edge clock and positive level reset.
Creating register for signal `\ivcu_hv_pyro_trigger.\pyro_fuse_arm' using process `\ivcu_hv_pyro_trigger.$proc$/home/venky/final_ivcu_project/RTL_V4/ivcu_hv_pyro_trigger.v:92$969'.
  created $adff cell `$procdff$18259' with positive edge clock and positive level reset.
Creating register for signal `\ivcu_hv_pyro_trigger.\pyro_fuse_fire' using process `\ivcu_hv_pyro_trigger.$proc$/home/venky/final_ivcu_project/RTL_V4/ivcu_hv_pyro_trigger.v:92$969'.
  created $adff cell `$procdff$18264' with positive edge clock and positive level reset.
Creating register for signal `\ivcu_hv_pyro_trigger.\cnt' using process `\ivcu_hv_pyro_trigger.$proc$/home/venky/final_ivcu_project/RTL_V4/ivcu_hv_pyro_trigger.v:92$969'.
  created $adff cell `$procdff$18269' with positive edge clock and positive level reset.
Creating register for signal `\ivcu_hv_monitors.\iso_warn' using process `\ivcu_hv_monitors.$proc$/home/venky/final_ivcu_project/RTL_V4/ivcu_hv_monitors.v:127$959'.
  created $adff cell `$procdff$18274' with positive edge clock and positive level reset.
Creating register for signal `\ivcu_hv_monitors.\iso_fault' using process `\ivcu_hv_monitors.$proc$/home/venky/final_ivcu_project/RTL_V4/ivcu_hv_monitors.v:127$959'.
  created $adff cell `$procdff$18279' with positive edge clock and positive level reset.
Creating register for signal `\ivcu_hv_monitors.\iso_ok' using process `\ivcu_hv_monitors.$proc$/home/venky/final_ivcu_project/RTL_V4/ivcu_hv_monitors.v:127$959'.
  created $adff cell `$procdff$18284' with positive edge clock and positive level reset.
Creating register for signal `\ivcu_hv_monitors.\iso_warn_cnt' using process `\ivcu_hv_monitors.$proc$/home/venky/final_ivcu_project/RTL_V4/ivcu_hv_monitors.v:127$959'.
  created $adff cell `$procdff$18289' with positive edge clock and positive level reset.
Creating register for signal `\ivcu_hv_monitors.\iso_flt_cnt' using process `\ivcu_hv_monitors.$proc$/home/venky/final_ivcu_project/RTL_V4/ivcu_hv_monitors.v:127$959'.
  created $adff cell `$procdff$18294' with positive edge clock and positive level reset.
Creating register for signal `\ivcu_hv_monitors.\hvil_ok' using process `\ivcu_hv_monitors.$proc$/home/venky/final_ivcu_project/RTL_V4/ivcu_hv_monitors.v:91$952'.
  created $adff cell `$procdff$18299' with positive edge clock and positive level reset.
Creating register for signal `\ivcu_hv_monitors.\hvil_degraded' using process `\ivcu_hv_monitors.$proc$/home/venky/final_ivcu_project/RTL_V4/ivcu_hv_monitors.v:91$952'.
  created $adff cell `$procdff$18304' with positive edge clock and positive level reset.
Creating register for signal `\ivcu_hv_monitors.\hvil_cnt' using process `\ivcu_hv_monitors.$proc$/home/venky/final_ivcu_project/RTL_V4/ivcu_hv_monitors.v:91$952'.
  created $adff cell `$procdff$18309' with positive edge clock and positive level reset.
Creating register for signal `\ivcu_hv_crash_detect.\crash_latched' using process `\ivcu_hv_crash_detect.$proc$/home/venky/final_ivcu_project/RTL_V4/ivcu_hv_crash_detect.v:153$897'.
  created $adff cell `$procdff$18314' with positive edge clock and positive level reset.
Creating register for signal `\ivcu_hv_crash_detect.\crash_pyro' using process `\ivcu_hv_crash_detect.$proc$/home/venky/final_ivcu_project/RTL_V4/ivcu_hv_crash_detect.v:153$897'.
  created $adff cell `$procdff$18319' with positive edge clock and positive level reset.
Creating register for signal `\ivcu_hv_crash_detect.\crash_peak_long' using process `\ivcu_hv_crash_detect.$proc$/home/venky/final_ivcu_project/RTL_V4/ivcu_hv_crash_detect.v:153$897'.
  created $adff cell `$procdff$18324' with positive edge clock and positive level reset.
Creating register for signal `\ivcu_hv_crash_detect.\crash_peak_lat' using process `\ivcu_hv_crash_detect.$proc$/home/venky/final_ivcu_project/RTL_V4/ivcu_hv_crash_detect.v:153$897'.
  created $adff cell `$procdff$18329' with positive edge clock and positive level reset.
Creating register for signal `\ivcu_hv_crash_detect.\crash_direction' using process `\ivcu_hv_crash_detect.$proc$/home/venky/final_ivcu_project/RTL_V4/ivcu_hv_crash_detect.v:153$897'.
  created $adff cell `$procdff$18334' with positive edge clock and positive level reset.
Creating register for signal `\ivcu_hv_crash_detect.\mag$func$/home/venky/final_ivcu_project/RTL_V4/ivcu_hv_crash_detect.v:193$866.$result' using process `\ivcu_hv_crash_detect.$proc$/home/venky/final_ivcu_project/RTL_V4/ivcu_hv_crash_detect.v:153$897'.
  created $adff cell `$procdff$18339' with positive edge clock and positive level reset.
Creating register for signal `\ivcu_hv_crash_detect.\mag$func$/home/venky/final_ivcu_project/RTL_V4/ivcu_hv_crash_detect.v:193$866.v' using process `\ivcu_hv_crash_detect.$proc$/home/venky/final_ivcu_project/RTL_V4/ivcu_hv_crash_detect.v:153$897'.
  created $adff cell `$procdff$18344' with positive edge clock and positive level reset.
Creating register for signal `\ivcu_hv_crash_detect.\mag$func$/home/venky/final_ivcu_project/RTL_V4/ivcu_hv_crash_detect.v:194$867.$result' using process `\ivcu_hv_crash_detect.$proc$/home/venky/final_ivcu_project/RTL_V4/ivcu_hv_crash_detect.v:153$897'.
  created $adff cell `$procdff$18349' with positive edge clock and positive level reset.
Creating register for signal `\ivcu_hv_crash_detect.\mag$func$/home/venky/final_ivcu_project/RTL_V4/ivcu_hv_crash_detect.v:194$867.v' using process `\ivcu_hv_crash_detect.$proc$/home/venky/final_ivcu_project/RTL_V4/ivcu_hv_crash_detect.v:153$897'.
  created $adff cell `$procdff$18354' with positive edge clock and positive level reset.
Creating register for signal `\ivcu_hv_contactor_ctrl.\torque_inhibit' using process `\ivcu_hv_contactor_ctrl.$proc$/home/venky/final_ivcu_project/RTL_V4/ivcu_hv_contactor_ctrl.v:183$828'.
  created $adff cell `$procdff$18359' with positive edge clock and positive level reset.
Creating register for signal `\ivcu_hv_contactor_ctrl.\state' using process `\ivcu_hv_contactor_ctrl.$proc$/home/venky/final_ivcu_project/RTL_V4/ivcu_hv_contactor_ctrl.v:183$828'.
  created $adff cell `$procdff$18364' with positive edge clock and positive level reset.
Creating register for signal `\ivcu_hv_contactor_ctrl.\hv_fault_code' using process `\ivcu_hv_contactor_ctrl.$proc$/home/venky/final_ivcu_project/RTL_V4/ivcu_hv_contactor_ctrl.v:183$828'.
  created $adff cell `$procdff$18369' with positive edge clock and positive level reset.
Creating register for signal `\ivcu_hv_contactor_ctrl.\hv_isolated' using process `\ivcu_hv_contactor_ctrl.$proc$/home/venky/final_ivcu_project/RTL_V4/ivcu_hv_contactor_ctrl.v:183$828'.
  created $adff cell `$procdff$18374' with positive edge clock and positive level reset.
Creating register for signal `\ivcu_hv_contactor_ctrl.\tmr' using process `\ivcu_hv_contactor_ctrl.$proc$/home/venky/final_ivcu_project/RTL_V4/ivcu_hv_contactor_ctrl.v:183$828'.
  created $adff cell `$procdff$18379' with positive edge clock and positive level reset.
Creating register for signal `\ivcu_hv_contactor_ctrl.\pos_cmd' using process `\ivcu_hv_contactor_ctrl.$proc$/home/venky/final_ivcu_project/RTL_V4/ivcu_hv_contactor_ctrl.v:183$828'.
  created $adff cell `$procdff$18384' with positive edge clock and positive level reset.
Creating register for signal `\ivcu_hv_contactor_ctrl.\neg_cmd' using process `\ivcu_hv_contactor_ctrl.$proc$/home/venky/final_ivcu_project/RTL_V4/ivcu_hv_contactor_ctrl.v:183$828'.
  created $adff cell `$procdff$18389' with positive edge clock and positive level reset.
Creating register for signal `\ivcu_hv_contactor_ctrl.\pre_cmd' using process `\ivcu_hv_contactor_ctrl.$proc$/home/venky/final_ivcu_project/RTL_V4/ivcu_hv_contactor_ctrl.v:183$828'.
  created $adff cell `$procdff$18394' with positive edge clock and positive level reset.
Creating register for signal `\ivcu_hv_contactor_ctrl.\dis_cmd' using process `\ivcu_hv_contactor_ctrl.$proc$/home/venky/final_ivcu_project/RTL_V4/ivcu_hv_contactor_ctrl.v:183$828'.
  created $adff cell `$procdff$18399' with positive edge clock and positive level reset.
Creating register for signal `\ivcu_hv_contactor_ctrl.\weld_cnt' using process `\ivcu_hv_contactor_ctrl.$proc$/home/venky/final_ivcu_project/RTL_V4/ivcu_hv_contactor_ctrl.v:162$816'.
  created $adff cell `$procdff$18404' with positive edge clock and positive level reset.
Creating register for signal `\ivcu_hv_contactor_ctrl.\weld_fault' using process `\ivcu_hv_contactor_ctrl.$proc$/home/venky/final_ivcu_project/RTL_V4/ivcu_hv_contactor_ctrl.v:162$816'.
  created $adff cell `$procdff$18409' with positive edge clock and positive level reset.
Creating register for signal `\ivcu_health_scorer.\state' using process `\ivcu_health_scorer.$proc$/home/venky/final_ivcu_project/RTL_V4/ivcu_health_scorer.v:203$605'.
  created $adff cell `$procdff$18414' with positive edge clock and positive level reset.
Creating register for signal `\ivcu_health_scorer.\score_battery' using process `\ivcu_health_scorer.$proc$/home/venky/final_ivcu_project/RTL_V4/ivcu_health_scorer.v:203$605'.
  created $adff cell `$procdff$18419' with positive edge clock and positive level reset.
Creating register for signal `\ivcu_health_scorer.\score_motor' using process `\ivcu_health_scorer.$proc$/home/venky/final_ivcu_project/RTL_V4/ivcu_health_scorer.v:203$605'.
  created $adff cell `$procdff$18424' with positive edge clock and positive level reset.
Creating register for signal `\ivcu_health_scorer.\score_thermal' using process `\ivcu_health_scorer.$proc$/home/venky/final_ivcu_project/RTL_V4/ivcu_health_scorer.v:203$605'.
  created $adff cell `$procdff$18429' with positive edge clock and positive level reset.
Creating register for signal `\ivcu_health_scorer.\score_dynamics' using process `\ivcu_health_scorer.$proc$/home/venky/final_ivcu_project/RTL_V4/ivcu_health_scorer.v:203$605'.
  created $adff cell `$procdff$18434' with positive edge clock and positive level reset.
Creating register for signal `\ivcu_health_scorer.\score_driver' using process `\ivcu_health_scorer.$proc$/home/venky/final_ivcu_project/RTL_V4/ivcu_health_scorer.v:203$605'.
  created $adff cell `$procdff$18439' with positive edge clock and positive level reset.
Creating register for signal `\ivcu_health_scorer.\score_safety' using process `\ivcu_health_scorer.$proc$/home/venky/final_ivcu_project/RTL_V4/ivcu_health_scorer.v:203$605'.
  created $adff cell `$procdff$18444' with positive edge clock and positive level reset.
Creating register for signal `\ivcu_health_scorer.\score_perception' using process `\ivcu_health_scorer.$proc$/home/venky/final_ivcu_project/RTL_V4/ivcu_health_scorer.v:203$605'.
  created $adff cell `$procdff$18449' with positive edge clock and positive level reset.
Creating register for signal `\ivcu_health_scorer.\system_health_score' using process `\ivcu_health_scorer.$proc$/home/venky/final_ivcu_project/RTL_V4/ivcu_health_scorer.v:203$605'.
  created $adff cell `$procdff$18454' with positive edge clock and positive level reset.
Creating register for signal `\ivcu_health_scorer.\status_battery' using process `\ivcu_health_scorer.$proc$/home/venky/final_ivcu_project/RTL_V4/ivcu_health_scorer.v:203$605'.
  created $adff cell `$procdff$18459' with positive edge clock and positive level reset.
Creating register for signal `\ivcu_health_scorer.\status_motor' using process `\ivcu_health_scorer.$proc$/home/venky/final_ivcu_project/RTL_V4/ivcu_health_scorer.v:203$605'.
  created $adff cell `$procdff$18464' with positive edge clock and positive level reset.
Creating register for signal `\ivcu_health_scorer.\status_thermal' using process `\ivcu_health_scorer.$proc$/home/venky/final_ivcu_project/RTL_V4/ivcu_health_scorer.v:203$605'.
  created $adff cell `$procdff$18469' with positive edge clock and positive level reset.
Creating register for signal `\ivcu_health_scorer.\status_dynamics' using process `\ivcu_health_scorer.$proc$/home/venky/final_ivcu_project/RTL_V4/ivcu_health_scorer.v:203$605'.
  created $adff cell `$procdff$18474' with positive edge clock and positive level reset.
Creating register for signal `\ivcu_health_scorer.\status_driver' using process `\ivcu_health_scorer.$proc$/home/venky/final_ivcu_project/RTL_V4/ivcu_health_scorer.v:203$605'.
  created $adff cell `$procdff$18479' with positive edge clock and positive level reset.
Creating register for signal `\ivcu_health_scorer.\status_safety' using process `\ivcu_health_scorer.$proc$/home/venky/final_ivcu_project/RTL_V4/ivcu_health_scorer.v:203$605'.
  created $adff cell `$procdff$18484' with positive edge clock and positive level reset.
Creating register for signal `\ivcu_health_scorer.\status_perception' using process `\ivcu_health_scorer.$proc$/home/venky/final_ivcu_project/RTL_V4/ivcu_health_scorer.v:203$605'.
  created $adff cell `$procdff$18489' with positive edge clock and positive level reset.
Creating register for signal `\ivcu_health_scorer.\score_valid' using process `\ivcu_health_scorer.$proc$/home/venky/final_ivcu_project/RTL_V4/ivcu_health_scorer.v:203$605'.
  created $adff cell `$procdff$18494' with positive edge clock and positive level reset.
Creating register for signal `\ivcu_health_scorer.\idx' using process `\ivcu_health_scorer.$proc$/home/venky/final_ivcu_project/RTL_V4/ivcu_health_scorer.v:203$605'.
  created $adff cell `$procdff$18499' with positive edge clock and positive level reset.
Creating register for signal `\ivcu_health_scorer.\acc_sys' using process `\ivcu_health_scorer.$proc$/home/venky/final_ivcu_project/RTL_V4/ivcu_health_scorer.v:203$605'.
  created $adff cell `$procdff$18504' with positive edge clock and positive level reset.
Creating register for signal `\ivcu_health_scorer.\d' using process `\ivcu_health_scorer.$proc$/home/venky/final_ivcu_project/RTL_V4/ivcu_health_scorer.v:203$605'.
  created $adff cell `$procdff$18509' with positive edge clock and positive level reset.
Creating register for signal `\ivcu_health_scorer.\band_of$func$/home/venky/final_ivcu_project/RTL_V4/ivcu_health_scorer.v:275$577.$result' using process `\ivcu_health_scorer.$proc$/home/venky/final_ivcu_project/RTL_V4/ivcu_health_scorer.v:203$605'.
  created $adff cell `$procdff$18514' with positive edge clock and positive level reset.
Creating register for signal `\ivcu_health_scorer.\band_of$func$/home/venky/final_ivcu_project/RTL_V4/ivcu_health_scorer.v:275$577.sc' using process `\ivcu_health_scorer.$proc$/home/venky/final_ivcu_project/RTL_V4/ivcu_health_scorer.v:203$605'.
  created $adff cell `$procdff$18519' with positive edge clock and positive level reset.
Creating register for signal `\ivcu_health_scorer.\band_of$func$/home/venky/final_ivcu_project/RTL_V4/ivcu_health_scorer.v:277$578.$result' using process `\ivcu_health_scorer.$proc$/home/venky/final_ivcu_project/RTL_V4/ivcu_health_scorer.v:203$605'.
  created $adff cell `$procdff$18524' with positive edge clock and positive level reset.
Creating register for signal `\ivcu_health_scorer.\band_of$func$/home/venky/final_ivcu_project/RTL_V4/ivcu_health_scorer.v:277$578.sc' using process `\ivcu_health_scorer.$proc$/home/venky/final_ivcu_project/RTL_V4/ivcu_health_scorer.v:203$605'.
  created $adff cell `$procdff$18529' with positive edge clock and positive level reset.
Creating register for signal `\ivcu_health_scorer.\band_of$func$/home/venky/final_ivcu_project/RTL_V4/ivcu_health_scorer.v:279$579.$result' using process `\ivcu_health_scorer.$proc$/home/venky/final_ivcu_project/RTL_V4/ivcu_health_scorer.v:203$605'.
  created $adff cell `$procdff$18534' with positive edge clock and positive level reset.
Creating register for signal `\ivcu_health_scorer.\band_of$func$/home/venky/final_ivcu_project/RTL_V4/ivcu_health_scorer.v:279$579.sc' using process `\ivcu_health_scorer.$proc$/home/venky/final_ivcu_project/RTL_V4/ivcu_health_scorer.v:203$605'.
  created $adff cell `$procdff$18539' with positive edge clock and positive level reset.
Creating register for signal `\ivcu_health_scorer.\band_of$func$/home/venky/final_ivcu_project/RTL_V4/ivcu_health_scorer.v:281$580.$result' using process `\ivcu_health_scorer.$proc$/home/venky/final_ivcu_project/RTL_V4/ivcu_health_scorer.v:203$605'.
  created $adff cell `$procdff$18544' with positive edge clock and positive level reset.
Creating register for signal `\ivcu_health_scorer.\band_of$func$/home/venky/final_ivcu_project/RTL_V4/ivcu_health_scorer.v:281$580.sc' using process `\ivcu_health_scorer.$proc$/home/venky/final_ivcu_project/RTL_V4/ivcu_health_scorer.v:203$605'.
  created $adff cell `$procdff$18549' with positive edge clock and positive level reset.
Creating register for signal `\ivcu_health_scorer.\band_of$func$/home/venky/final_ivcu_project/RTL_V4/ivcu_health_scorer.v:283$581.$result' using process `\ivcu_health_scorer.$proc$/home/venky/final_ivcu_project/RTL_V4/ivcu_health_scorer.v:203$605'.
  created $adff cell `$procdff$18554' with positive edge clock and positive level reset.
Creating register for signal `\ivcu_health_scorer.\band_of$func$/home/venky/final_ivcu_project/RTL_V4/ivcu_health_scorer.v:283$581.sc' using process `\ivcu_health_scorer.$proc$/home/venky/final_ivcu_project/RTL_V4/ivcu_health_scorer.v:203$605'.
  created $adff cell `$procdff$18559' with positive edge clock and positive level reset.
Creating register for signal `\ivcu_health_scorer.\band_of$func$/home/venky/final_ivcu_project/RTL_V4/ivcu_health_scorer.v:285$582.$result' using process `\ivcu_health_scorer.$proc$/home/venky/final_ivcu_project/RTL_V4/ivcu_health_scorer.v:203$605'.
  created $adff cell `$procdff$18564' with positive edge clock and positive level reset.
Creating register for signal `\ivcu_health_scorer.\band_of$func$/home/venky/final_ivcu_project/RTL_V4/ivcu_health_scorer.v:285$582.sc' using process `\ivcu_health_scorer.$proc$/home/venky/final_ivcu_project/RTL_V4/ivcu_health_scorer.v:203$605'.
  created $adff cell `$procdff$18569' with positive edge clock and positive level reset.
Creating register for signal `\ivcu_health_scorer.\band_of$func$/home/venky/final_ivcu_project/RTL_V4/ivcu_health_scorer.v:287$583.$result' using process `\ivcu_health_scorer.$proc$/home/venky/final_ivcu_project/RTL_V4/ivcu_health_scorer.v:203$605'.
  created $adff cell `$procdff$18574' with positive edge clock and positive level reset.
Creating register for signal `\ivcu_health_scorer.\band_of$func$/home/venky/final_ivcu_project/RTL_V4/ivcu_health_scorer.v:287$583.sc' using process `\ivcu_health_scorer.$proc$/home/venky/final_ivcu_project/RTL_V4/ivcu_health_scorer.v:203$605'.
  created $adff cell `$procdff$18579' with positive edge clock and positive level reset.
Creating register for signal `\ivcu_health_scorer.\acc[0]' using process `\ivcu_health_scorer.$proc$/home/venky/final_ivcu_project/RTL_V4/ivcu_health_scorer.v:203$605'.
  created $adff cell `$procdff$18584' with positive edge clock and positive level reset.
Creating register for signal `\ivcu_health_scorer.\acc[1]' using process `\ivcu_health_scorer.$proc$/home/venky/final_ivcu_project/RTL_V4/ivcu_health_scorer.v:203$605'.
  created $adff cell `$procdff$18589' with positive edge clock and positive level reset.
Creating register for signal `\ivcu_health_scorer.\acc[2]' using process `\ivcu_health_scorer.$proc$/home/venky/final_ivcu_project/RTL_V4/ivcu_health_scorer.v:203$605'.
  created $adff cell `$procdff$18594' with positive edge clock and positive level reset.
Creating register for signal `\ivcu_health_scorer.\acc[3]' using process `\ivcu_health_scorer.$proc$/home/venky/final_ivcu_project/RTL_V4/ivcu_health_scorer.v:203$605'.
  created $adff cell `$procdff$18599' with positive edge clock and positive level reset.
Creating register for signal `\ivcu_health_scorer.\acc[4]' using process `\ivcu_health_scorer.$proc$/home/venky/final_ivcu_project/RTL_V4/ivcu_health_scorer.v:203$605'.
  created $adff cell `$procdff$18604' with positive edge clock and positive level reset.
Creating register for signal `\ivcu_health_scorer.\acc[5]' using process `\ivcu_health_scorer.$proc$/home/venky/final_ivcu_project/RTL_V4/ivcu_health_scorer.v:203$605'.
  created $adff cell `$procdff$18609' with positive edge clock and positive level reset.
Creating register for signal `\ivcu_health_scorer.\acc[6]' using process `\ivcu_health_scorer.$proc$/home/venky/final_ivcu_project/RTL_V4/ivcu_health_scorer.v:203$605'.
  created $adff cell `$procdff$18614' with positive edge clock and positive level reset.
Creating register for signal `\ivcu_health_scorer.$mem2reg_wr$\acc$/home/venky/final_ivcu_project/RTL_V4/ivcu_health_scorer.v:243$589_ADDR' using process `\ivcu_health_scorer.$proc$/home/venky/final_ivcu_project/RTL_V4/ivcu_health_scorer.v:203$605'.
  created $adff cell `$procdff$18619' with positive edge clock and positive level reset.
Creating register for signal `\ivcu_health_scorer.$mem2reg_wr$\acc$/home/venky/final_ivcu_project/RTL_V4/ivcu_health_scorer.v:243$589_DATA' using process `\ivcu_health_scorer.$proc$/home/venky/final_ivcu_project/RTL_V4/ivcu_health_scorer.v:203$605'.
  created $adff cell `$procdff$18624' with positive edge clock and positive level reset.
Creating register for signal `\ivcu_hazard_blinker.\hazard_out' using process `\ivcu_hazard_blinker.$proc$/home/venky/final_ivcu_project/RTL_V4/ivcu_hazard_blinker.v:56$566'.
  created $adff cell `$procdff$18629' with positive edge clock and positive level reset.
Creating register for signal `\ivcu_hazard_blinker.\timer' using process `\ivcu_hazard_blinker.$proc$/home/venky/final_ivcu_project/RTL_V4/ivcu_hazard_blinker.v:56$566'.
  created $adff cell `$procdff$18634' with positive edge clock and positive level reset.
Creating register for signal `\ivcu_gps_receiver.\gps_fix_valid' using process `\ivcu_gps_receiver.$proc$/home/venky/final_ivcu_project/RTL_V4/ivcu_gps_receiver.v:95$548'.
  created $adff cell `$procdff$18639' with positive edge clock and positive level reset.
Creating register for signal `\ivcu_gps_receiver.\fix_age_ms' using process `\ivcu_gps_receiver.$proc$/home/venky/final_ivcu_project/RTL_V4/ivcu_gps_receiver.v:95$548'.
  created $adff cell `$procdff$18644' with positive edge clock and positive level reset.
Creating register for signal `\ivcu_gps_receiver.\gps_fix_current' using process `\ivcu_gps_receiver.$proc$/home/venky/final_ivcu_project/RTL_V4/ivcu_gps_receiver.v:95$548'.
  created $adff cell `$procdff$18649' with positive edge clock and positive level reset.
Creating register for signal `\ivcu_gps_receiver.\gps_sats' using process `\ivcu_gps_receiver.$proc$/home/venky/final_ivcu_project/RTL_V4/ivcu_gps_receiver.v:95$548'.
  created $adff cell `$procdff$18654' with positive edge clock and positive level reset.
Creating register for signal `\ivcu_gps_receiver.\gps_lat' using process `\ivcu_gps_receiver.$proc$/home/venky/final_ivcu_project/RTL_V4/ivcu_gps_receiver.v:95$548'.
  created $adff cell `$procdff$18659' with positive edge clock and positive level reset.
Creating register for signal `\ivcu_gps_receiver.\gps_lon' using process `\ivcu_gps_receiver.$proc$/home/venky/final_ivcu_project/RTL_V4/ivcu_gps_receiver.v:95$548'.
  created $adff cell `$procdff$18664' with positive edge clock and positive level reset.
Creating register for signal `\ivcu_gps_receiver.\frame_err_count' using process `\ivcu_gps_receiver.$proc$/home/venky/final_ivcu_project/RTL_V4/ivcu_gps_receiver.v:95$548'.
  created $adff cell `$procdff$18669' with positive edge clock and positive level reset.
Creating register for signal `\ivcu_gps_receiver.\bidx' using process `\ivcu_gps_receiver.$proc$/home/venky/final_ivcu_project/RTL_V4/ivcu_gps_receiver.v:95$548'.
  created $adff cell `$procdff$18674' with positive edge clock and positive level reset.
Creating register for signal `\ivcu_gps_receiver.\lat_sh' using process `\ivcu_gps_receiver.$proc$/home/venky/final_ivcu_project/RTL_V4/ivcu_gps_receiver.v:95$548'.
  created $adff cell `$procdff$18679' with positive edge clock and positive level reset.
Creating register for signal `\ivcu_gps_receiver.\lon_sh' using process `\ivcu_gps_receiver.$proc$/home/venky/final_ivcu_project/RTL_V4/ivcu_gps_receiver.v:95$548'.
  created $adff cell `$procdff$18684' with positive edge clock and positive level reset.
Creating register for signal `\ivcu_gps_receiver.\status_b' using process `\ivcu_gps_receiver.$proc$/home/venky/final_ivcu_project/RTL_V4/ivcu_gps_receiver.v:95$548'.
  created $adff cell `$procdff$18689' with positive edge clock and positive level reset.
Creating register for signal `\ivcu_gps_receiver.\csum' using process `\ivcu_gps_receiver.$proc$/home/venky/final_ivcu_project/RTL_V4/ivcu_gps_receiver.v:95$548'.
  created $adff cell `$procdff$18694' with positive edge clock and positive level reset.
Creating register for signal `\ivcu_gps_receiver.\ms_div' using process `\ivcu_gps_receiver.$proc$/home/venky/final_ivcu_project/RTL_V4/ivcu_gps_receiver.v:95$548'.
  created $adff cell `$procdff$18699' with positive edge clock and positive level reset.
Creating register for signal `\ivcu_fault_logger.\log_wr_ptr' using process `\ivcu_fault_logger.$proc$/home/venky/final_ivcu_project/RTL_V4/ivcu_fault_logger.v:188$527'.
  created $adff cell `$procdff$18704' with positive edge clock and positive level reset.
Creating register for signal `\ivcu_fault_logger.\log_wrap_count' using process `\ivcu_fault_logger.$proc$/home/venky/final_ivcu_project/RTL_V4/ivcu_fault_logger.v:188$527'.
  created $adff cell `$procdff$18709' with positive edge clock and positive level reset.
Creating register for signal `\ivcu_fault_logger.\crash_prev' using process `\ivcu_fault_logger.$proc$/home/venky/final_ivcu_project/RTL_V4/ivcu_fault_logger.v:188$527'.
  created $adff cell `$procdff$18714' with positive edge clock and positive level reset.
Creating register for signal `\ivcu_fault_logger.\hv_prev' using process `\ivcu_fault_logger.$proc$/home/venky/final_ivcu_project/RTL_V4/ivcu_fault_logger.v:188$527'.
  created $adff cell `$procdff$18719' with positive edge clock and positive level reset.
Creating register for signal `\ivcu_fault_logger.\pyro_prev' using process `\ivcu_fault_logger.$proc$/home/venky/final_ivcu_project/RTL_V4/ivcu_fault_logger.v:188$527'.
  created $adff cell `$procdff$18724' with positive edge clock and positive level reset.
Creating register for signal `\ivcu_fault_logger.\grant_prev' using process `\ivcu_fault_logger.$proc$/home/venky/final_ivcu_project/RTL_V4/ivcu_fault_logger.v:188$527'.
  created $adff cell `$procdff$18729' with positive edge clock and positive level reset.
Creating register for signal `\ivcu_fault_logger.\expire_prev' using process `\ivcu_fault_logger.$proc$/home/venky/final_ivcu_project/RTL_V4/ivcu_fault_logger.v:188$527'.
  created $adff cell `$procdff$18734' with positive edge clock and positive level reset.
Creating register for signal `\ivcu_fault_logger.\runaway_prev' using process `\ivcu_fault_logger.$proc$/home/venky/final_ivcu_project/RTL_V4/ivcu_fault_logger.v:188$527'.
  created $adff cell `$procdff$18739' with positive edge clock and positive level reset.
Creating register for signal `\ivcu_fault_logger.\iso_prev' using process `\ivcu_fault_logger.$proc$/home/venky/final_ivcu_project/RTL_V4/ivcu_fault_logger.v:188$527'.
  created $adff cell `$procdff$18744' with positive edge clock and positive level reset.
Creating register for signal `\ivcu_fault_logger.\mode_prev' using process `\ivcu_fault_logger.$proc$/home/venky/final_ivcu_project/RTL_V4/ivcu_fault_logger.v:188$527'.
  created $adff cell `$procdff$18749' with positive edge clock and positive level reset.
Creating register for signal `\ivcu_fault_logger.\fault_shadow' using process `\ivcu_fault_logger.$proc$/home/venky/final_ivcu_project/RTL_V4/ivcu_fault_logger.v:188$527'.
  created $adff cell `$procdff$18754' with positive edge clock and positive level reset.
Creating register for signal `\ivcu_fault_logger.\scan_idx' using process `\ivcu_fault_logger.$proc$/home/venky/final_ivcu_project/RTL_V4/ivcu_fault_logger.v:188$527'.
  created $adff cell `$procdff$18759' with positive edge clock and positive level reset.
Creating register for signal `\ivcu_fault_logger.$bitselwrite$pos$/home/venky/final_ivcu_project/RTL_V4/ivcu_fault_logger.v:211$474' using process `\ivcu_fault_logger.$proc$/home/venky/final_ivcu_project/RTL_V4/ivcu_fault_logger.v:188$527'.
  created $adff cell `$procdff$18764' with positive edge clock and positive level reset.
Creating register for signal `\ivcu_fault_logger.$lookahead\fault_shadow$526' using process `\ivcu_fault_logger.$proc$/home/venky/final_ivcu_project/RTL_V4/ivcu_fault_logger.v:188$527'.
  created $adff cell `$procdff$18769' with positive edge clock and positive level reset.
Creating register for signal `\ivcu_fault_logger.\tick_div' using process `\ivcu_fault_logger.$proc$/home/venky/final_ivcu_project/RTL_V4/ivcu_fault_logger.v:98$475'.
  created $adff cell `$procdff$18774' with positive edge clock and positive level reset.
Creating register for signal `\ivcu_fault_logger.\timestamp' using process `\ivcu_fault_logger.$proc$/home/venky/final_ivcu_project/RTL_V4/ivcu_fault_logger.v:98$475'.
  created $adff cell `$procdff$18779' with positive edge clock and positive level reset.
Creating register for signal `\ivcu_emergency_response.\speed_at_impact' using process `\ivcu_emergency_response.$proc$/home/venky/final_ivcu_project/RTL_V4/ivcu_emergency_response.v:107$436'.
  created $adff cell `$procdff$18784' with positive edge clock and positive level reset.
Creating register for signal `\ivcu_emergency_response.\crash_prev' using process `\ivcu_emergency_response.$proc$/home/venky/final_ivcu_project/RTL_V4/ivcu_emergency_response.v:107$436'.
  created $adff cell `$procdff$18789' with positive edge clock and positive level reset.
Creating register for signal `\ivcu_dynamics_ai.\vehicle_speed_kph' using process `\ivcu_dynamics_ai.$proc$/home/venky/final_ivcu_project/RTL_V4/ivcu_dynamics_ai.v:169$392'.
  created $adff cell `$procdff$18794' with positive edge clock and positive level reset.
Creating register for signal `\ivcu_dynamics_ai.\vehicle_moving' using process `\ivcu_dynamics_ai.$proc$/home/venky/final_ivcu_project/RTL_V4/ivcu_dynamics_ai.v:169$392'.
  created $adff cell `$procdff$18799' with positive edge clock and positive level reset.
Creating register for signal `\ivcu_dynamics_ai.\vehicle_stationary' using process `\ivcu_dynamics_ai.$proc$/home/venky/final_ivcu_project/RTL_V4/ivcu_dynamics_ai.v:169$392'.
  created $adff cell `$procdff$18804' with positive edge clock and positive level reset.
Creating register for signal `\ivcu_dynamics_ai.\braking' using process `\ivcu_dynamics_ai.$proc$/home/venky/final_ivcu_project/RTL_V4/ivcu_dynamics_ai.v:169$392'.
  created $adff cell `$procdff$18809' with positive edge clock and positive level reset.
Creating register for signal `\ivcu_dynamics_ai.\lean_estimate' using process `\ivcu_dynamics_ai.$proc$/home/venky/final_ivcu_project/RTL_V4/ivcu_dynamics_ai.v:169$392'.
  created $adff cell `$procdff$18814' with positive edge clock and positive level reset.
Creating register for signal `\ivcu_dynamics_ai.\yaw_excessive' using process `\ivcu_dynamics_ai.$proc$/home/venky/final_ivcu_project/RTL_V4/ivcu_dynamics_ai.v:169$392'.
  created $adff cell `$procdff$18819' with positive edge clock and positive level reset.
Creating register for signal `\ivcu_dynamics_ai.\wheel_locked' using process `\ivcu_dynamics_ai.$proc$/home/venky/final_ivcu_project/RTL_V4/ivcu_dynamics_ai.v:169$392'.
  created $adff cell `$procdff$18824' with positive edge clock and positive level reset.
Creating register for signal `\ivcu_dynamics_ai.\still_cnt' using process `\ivcu_dynamics_ai.$proc$/home/venky/final_ivcu_project/RTL_V4/ivcu_dynamics_ai.v:169$392'.
  created $adff cell `$procdff$18829' with positive edge clock and positive level reset.
Creating register for signal `\ivcu_dynamics_ai.\lean_acc' using process `\ivcu_dynamics_ai.$proc$/home/venky/final_ivcu_project/RTL_V4/ivcu_dynamics_ai.v:169$392'.
  created $adff cell `$procdff$18834' with positive edge clock and positive level reset.
Creating register for signal `\ivcu_dynamics_ai.\rmag$func$/home/venky/final_ivcu_project/RTL_V4/ivcu_dynamics_ai.v:184$370.$result' using process `\ivcu_dynamics_ai.$proc$/home/venky/final_ivcu_project/RTL_V4/ivcu_dynamics_ai.v:169$392'.
  created $adff cell `$procdff$18839' with positive edge clock and positive level reset.
Creating register for signal `\ivcu_dynamics_ai.\rmag$func$/home/venky/final_ivcu_project/RTL_V4/ivcu_dynamics_ai.v:184$370.v' using process `\ivcu_dynamics_ai.$proc$/home/venky/final_ivcu_project/RTL_V4/ivcu_dynamics_ai.v:169$392'.
  created $adff cell `$procdff$18844' with positive edge clock and positive level reset.
Creating register for signal `\ivcu_driver_input_ai.\torque_request' using process `\ivcu_driver_input_ai.$proc$/home/venky/final_ivcu_project/RTL_V4/ivcu_driver_input_ai.v:142$360'.
  created $adff cell `$procdff$18849' with positive edge clock and positive level reset.
Creating register for signal `\ivcu_driver_input_ai.\regen_request' using process `\ivcu_driver_input_ai.$proc$/home/venky/final_ivcu_project/RTL_V4/ivcu_driver_input_ai.v:142$360'.
  created $adff cell `$procdff$18854' with positive edge clock and positive level reset.
Creating register for signal `\ivcu_driver_input_ai.\rider_present' using process `\ivcu_driver_input_ai.$proc$/home/venky/final_ivcu_project/RTL_V4/ivcu_driver_input_ai.v:142$360'.
  created $adff cell `$procdff$18859' with positive edge clock and positive level reset.
Creating register for signal `\ivcu_driver_input_ai.\throttle_fault' using process `\ivcu_driver_input_ai.$proc$/home/venky/final_ivcu_project/RTL_V4/ivcu_driver_input_ai.v:142$360'.
  created $adff cell `$procdff$18864' with positive edge clock and positive level reset.
Creating register for signal `\ivcu_driver_input_ai.\brake_override' using process `\ivcu_driver_input_ai.$proc$/home/venky/final_ivcu_project/RTL_V4/ivcu_driver_input_ai.v:142$360'.
  created $adff cell `$procdff$18869' with positive edge clock and positive level reset.
Creating register for signal `\ivcu_driver_input_ai.\stand_down' using process `\ivcu_driver_input_ai.$proc$/home/venky/final_ivcu_project/RTL_V4/ivcu_driver_input_ai.v:142$360'.
  created $adff cell `$procdff$18874' with positive edge clock and positive level reset.
Creating register for signal `\ivcu_driver_input_ai.\gear_engaged' using process `\ivcu_driver_input_ai.$proc$/home/venky/final_ivcu_project/RTL_V4/ivcu_driver_input_ai.v:142$360'.
  created $adff cell `$procdff$18879' with positive edge clock and positive level reset.
Creating register for signal `\ivcu_crash_severity.\crash_severity' using process `\ivcu_crash_severity.$proc$/home/venky/final_ivcu_project/RTL_V4/ivcu_crash_severity.v:152$315'.
  created $adff cell `$procdff$18884' with positive edge clock and positive level reset.
Creating register for signal `\ivcu_crash_severity.\sos_route' using process `\ivcu_crash_severity.$proc$/home/venky/final_ivcu_project/RTL_V4/ivcu_crash_severity.v:152$315'.
  created $adff cell `$procdff$18889' with positive edge clock and positive level reset.
Creating register for signal `\ivcu_crash_severity.\battery_incident' using process `\ivcu_crash_severity.$proc$/home/venky/final_ivcu_project/RTL_V4/ivcu_crash_severity.v:152$315'.
  created $adff cell `$procdff$18894' with positive edge clock and positive level reset.
Creating register for signal `\ivcu_crash_severity.\occupant_count' using process `\ivcu_crash_severity.$proc$/home/venky/final_ivcu_project/RTL_V4/ivcu_crash_severity.v:152$315'.
  created $adff cell `$procdff$18899' with positive edge clock and positive level reset.
Creating register for signal `\ivcu_crash_severity.\severity_valid' using process `\ivcu_crash_severity.$proc$/home/venky/final_ivcu_project/RTL_V4/ivcu_crash_severity.v:152$315'.
  created $adff cell `$procdff$18904' with positive edge clock and positive level reset.
Creating register for signal `\ivcu_crash_severity.\route_of$func$/home/venky/final_ivcu_project/RTL_V4/ivcu_crash_severity.v:175$272.$result' using process `\ivcu_crash_severity.$proc$/home/venky/final_ivcu_project/RTL_V4/ivcu_crash_severity.v:152$315'.
  created $adff cell `$procdff$18909' with positive edge clock and positive level reset.
Creating register for signal `\ivcu_crash_severity.\route_of$func$/home/venky/final_ivcu_project/RTL_V4/ivcu_crash_severity.v:175$272.sev' using process `\ivcu_crash_severity.$proc$/home/venky/final_ivcu_project/RTL_V4/ivcu_crash_severity.v:152$315'.
  created $adff cell `$procdff$18914' with positive edge clock and positive level reset.
Creating register for signal `\ivcu_central_safety_fsm.\vehicle_enable' using process `\ivcu_central_safety_fsm.$proc$/home/venky/final_ivcu_project/RTL_V4/ivcu_central_safety_fsm.v:168$239'.
  created $adff cell `$procdff$18919' with positive edge clock and positive level reset.
Creating register for signal `\ivcu_central_safety_fsm.\safety_state' using process `\ivcu_central_safety_fsm.$proc$/home/venky/final_ivcu_project/RTL_V4/ivcu_central_safety_fsm.v:168$239'.
  created $adff cell `$procdff$18924' with positive edge clock and positive level reset.
Creating register for signal `\ivcu_central_safety_fsm.\inhibit_reason' using process `\ivcu_central_safety_fsm.$proc$/home/venky/final_ivcu_project/RTL_V4/ivcu_central_safety_fsm.v:168$239'.
  created $adff cell `$procdff$18929' with positive edge clock and positive level reset.
Creating register for signal `\ivcu_central_safety_fsm.\hv_request' using process `\ivcu_central_safety_fsm.$proc$/home/venky/final_ivcu_project/RTL_V4/ivcu_central_safety_fsm.v:168$239'.
  created $adff cell `$procdff$18934' with positive edge clock and positive level reset.
Creating register for signal `\ivcu_central_safety_fsm.\warn_latched' using process `\ivcu_central_safety_fsm.$proc$/home/venky/final_ivcu_project/RTL_V4/ivcu_central_safety_fsm.v:168$239'.
  created $adff cell `$procdff$18939' with positive edge clock and positive level reset.
Creating register for signal `\ivcu_cdc_pulse_sync.\tsync_q' using process `\ivcu_cdc_pulse_sync.$proc$/home/venky/final_ivcu_project/RTL_V4/ivcu_cdc_pulse_sync.v:51$212'.
  created $adff cell `$procdff$18944' with positive edge clock and positive level reset.
Creating register for signal `\ivcu_cdc_pulse_sync.\pulse_dst' using process `\ivcu_cdc_pulse_sync.$proc$/home/venky/final_ivcu_project/RTL_V4/ivcu_cdc_pulse_sync.v:51$212'.
  created $adff cell `$procdff$18949' with positive edge clock and positive level reset.
Creating register for signal `\ivcu_cdc_pulse_sync.\toggle_q' using process `\ivcu_cdc_pulse_sync.$proc$/home/venky/final_ivcu_project/RTL_V4/ivcu_cdc_pulse_sync.v:41$209'.
  created $adff cell `$procdff$18954' with positive edge clock and positive level reset.
Creating register for signal `$paramod\ivcu_cdc_bit_sync\STAGES=s32'00000000000000000000000000000010\RESET_VAL=1'1.\meta_q' using process `$paramod\ivcu_cdc_bit_sync\STAGES=s32'00000000000000000000000000000010\RESET_VAL=1'1.$proc$/home/venky/final_ivcu_project/RTL_V4/ivcu_cdc_bit_sync.v:35$7023'.
  created $adff cell `$procdff$18959' with positive edge clock and positive level reset.
Creating register for signal `$paramod\ivcu_cdc_bit_sync\STAGES=s32'00000000000000000000000000000010\RESET_VAL=1'0.\meta_q' using process `$paramod\ivcu_cdc_bit_sync\STAGES=s32'00000000000000000000000000000010\RESET_VAL=1'0.$proc$/home/venky/final_ivcu_project/RTL_V4/ivcu_cdc_bit_sync.v:35$7021'.
  created $adff cell `$procdff$18964' with positive edge clock and positive level reset.
Creating register for signal `\ivcu_battery_ai.\discharge_inhibit' using process `\ivcu_battery_ai.$proc$/home/venky/final_ivcu_project/RTL_V4/ivcu_battery_ai.v:155$155'.
  created $adff cell `$procdff$18969' with positive edge clock and positive level reset.
Creating register for signal `\ivcu_battery_ai.\charge_inhibit' using process `\ivcu_battery_ai.$proc$/home/venky/final_ivcu_project/RTL_V4/ivcu_battery_ai.v:155$155'.
  created $adff cell `$procdff$18974' with positive edge clock and positive level reset.
Creating register for signal `\ivcu_battery_ai.\thermal_runaway_alarm' using process `\ivcu_battery_ai.$proc$/home/venky/final_ivcu_project/RTL_V4/ivcu_battery_ai.v:155$155'.
  created $adff cell `$procdff$18979' with positive edge clock and positive level reset.
Creating register for signal `\ivcu_battery_ai.\batt_cold' using process `\ivcu_battery_ai.$proc$/home/venky/final_ivcu_project/RTL_V4/ivcu_battery_ai.v:155$155'.
  created $adff cell `$procdff$18984' with positive edge clock and positive level reset.
Creating register for signal `\ivcu_battery_ai.\batt_hot' using process `\ivcu_battery_ai.$proc$/home/venky/final_ivcu_project/RTL_V4/ivcu_battery_ai.v:155$155'.
  created $adff cell `$procdff$18989' with positive edge clock and positive level reset.
Creating register for signal `\ivcu_battery_ai.\batt_low_soc' using process `\ivcu_battery_ai.$proc$/home/venky/final_ivcu_project/RTL_V4/ivcu_battery_ai.v:155$155'.
  created $adff cell `$procdff$18994' with positive edge clock and positive level reset.
Creating register for signal `\ivcu_battery_ai.\batt_worn' using process `\ivcu_battery_ai.$proc$/home/venky/final_ivcu_project/RTL_V4/ivcu_battery_ai.v:155$155'.
  created $adff cell `$procdff$18999' with positive edge clock and positive level reset.
Creating register for signal `\ivcu_battery_ai.\power_limit_pct' using process `\ivcu_battery_ai.$proc$/home/venky/final_ivcu_project/RTL_V4/ivcu_battery_ai.v:155$155'.
  created $adff cell `$procdff$19004' with positive edge clock and positive level reset.
Creating register for signal `\ivcu_battery_ai.\derate$func$/home/venky/final_ivcu_project/RTL_V4/ivcu_battery_ai.v:186$132.$result' using process `\ivcu_battery_ai.$proc$/home/venky/final_ivcu_project/RTL_V4/ivcu_battery_ai.v:155$155'.
  created $adff cell `$procdff$19009' with positive edge clock and positive level reset.
Creating register for signal `\ivcu_battery_ai.\derate$func$/home/venky/final_ivcu_project/RTL_V4/ivcu_battery_ai.v:186$132.crit' using process `\ivcu_battery_ai.$proc$/home/venky/final_ivcu_project/RTL_V4/ivcu_battery_ai.v:155$155'.
  created $adff cell `$procdff$19014' with positive edge clock and positive level reset.
Creating register for signal `\ivcu_battery_ai.\derate$func$/home/venky/final_ivcu_project/RTL_V4/ivcu_battery_ai.v:186$132.vent' using process `\ivcu_battery_ai.$proc$/home/venky/final_ivcu_project/RTL_V4/ivcu_battery_ai.v:155$155'.
  created $adff cell `$procdff$19019' with positive edge clock and positive level reset.
Creating register for signal `\ivcu_battery_ai.\derate$func$/home/venky/final_ivcu_project/RTL_V4/ivcu_battery_ai.v:186$132.cellempty' using process `\ivcu_battery_ai.$proc$/home/venky/final_ivcu_project/RTL_V4/ivcu_battery_ai.v:155$155'.
  created $adff cell `$procdff$19024' with positive edge clock and positive level reset.
Creating register for signal `\ivcu_battery_ai.\derate$func$/home/venky/final_ivcu_project/RTL_V4/ivcu_battery_ai.v:186$132.hot' using process `\ivcu_battery_ai.$proc$/home/venky/final_ivcu_project/RTL_V4/ivcu_battery_ai.v:155$155'.
  created $adff cell `$procdff$19029' with positive edge clock and positive level reset.
Creating register for signal `\ivcu_battery_ai.\derate$func$/home/venky/final_ivcu_project/RTL_V4/ivcu_battery_ai.v:186$132.soccrit' using process `\ivcu_battery_ai.$proc$/home/venky/final_ivcu_project/RTL_V4/ivcu_battery_ai.v:155$155'.
  created $adff cell `$procdff$19034' with positive edge clock and positive level reset.
Creating register for signal `\ivcu_battery_ai.\derate$func$/home/venky/final_ivcu_project/RTL_V4/ivcu_battery_ai.v:186$132.warm' using process `\ivcu_battery_ai.$proc$/home/venky/final_ivcu_project/RTL_V4/ivcu_battery_ai.v:155$155'.
  created $adff cell `$procdff$19039' with positive edge clock and positive level reset.
Creating register for signal `\ivcu_battery_ai.\derate$func$/home/venky/final_ivcu_project/RTL_V4/ivcu_battery_ai.v:186$132.soclow' using process `\ivcu_battery_ai.$proc$/home/venky/final_ivcu_project/RTL_V4/ivcu_battery_ai.v:155$155'.
  created $adff cell `$procdff$19044' with positive edge clock and positive level reset.
Creating register for signal `\ivcu_battery_ai.\derate$func$/home/venky/final_ivcu_project/RTL_V4/ivcu_battery_ai.v:186$132.worn' using process `\ivcu_battery_ai.$proc$/home/venky/final_ivcu_project/RTL_V4/ivcu_battery_ai.v:155$155'.
  created $adff cell `$procdff$19049' with positive edge clock and positive level reset.
Creating register for signal `\ivcu_apb_regs.\prdata' using process `\ivcu_apb_regs.$proc$/home/venky/final_ivcu_project/RTL_V4/ivcu_apb_regs.v:226$125'.
  created $adff cell `$procdff$19054' with positive edge clock and positive level reset.
Creating register for signal `\ivcu_apb_regs.\pslverr' using process `\ivcu_apb_regs.$proc$/home/venky/final_ivcu_project/RTL_V4/ivcu_apb_regs.v:154$110'.
  created $adff cell `$procdff$19059' with positive edge clock and positive level reset.
Creating register for signal `\ivcu_apb_regs.\log_rd_en' using process `\ivcu_apb_regs.$proc$/home/venky/final_ivcu_project/RTL_V4/ivcu_apb_regs.v:154$110'.
  created $adff cell `$procdff$19064' with positive edge clock and positive level reset.
Creating register for signal `\ivcu_apb_regs.\log_rd_addr' using process `\ivcu_apb_regs.$proc$/home/venky/final_ivcu_project/RTL_V4/ivcu_apb_regs.v:154$110'.
  created $adff cell `$procdff$19069' with positive edge clock and positive level reset.
Creating register for signal `\ivcu_apb_regs.\service_clear' using process `\ivcu_apb_regs.$proc$/home/venky/final_ivcu_project/RTL_V4/ivcu_apb_regs.v:154$110'.
  created $adff cell `$procdff$19074' with positive edge clock and positive level reset.
Creating register for signal `\ivcu_apb_regs.\mode_req' using process `\ivcu_apb_regs.$proc$/home/venky/final_ivcu_project/RTL_V4/ivcu_apb_regs.v:154$110'.
  created $adff cell `$procdff$19079' with positive edge clock and positive level reset.
Creating register for signal `\ivcu_apb_regs.\mode_req_valid' using process `\ivcu_apb_regs.$proc$/home/venky/final_ivcu_project/RTL_V4/ivcu_apb_regs.v:154$110'.
  created $adff cell `$procdff$19084' with positive edge clock and positive level reset.
Creating register for signal `\ivcu_afe_serializer.\state' using process `\ivcu_afe_serializer.$proc$/home/venky/final_ivcu_project/RTL_V4/ivcu_afe_serializer.v:68$90'.
  created $adff cell `$procdff$19089' with positive edge clock and positive level reset.
Creating register for signal `\ivcu_afe_serializer.\afe_sclk' using process `\ivcu_afe_serializer.$proc$/home/venky/final_ivcu_project/RTL_V4/ivcu_afe_serializer.v:68$90'.
  created $adff cell `$procdff$19094' with positive edge clock and positive level reset.
Creating register for signal `\ivcu_afe_serializer.\afe_sdata' using process `\ivcu_afe_serializer.$proc$/home/venky/final_ivcu_project/RTL_V4/ivcu_afe_serializer.v:68$90'.
  created $adff cell `$procdff$19099' with positive edge clock and positive level reset.
Creating register for signal `\ivcu_afe_serializer.\afe_latch' using process `\ivcu_afe_serializer.$proc$/home/venky/final_ivcu_project/RTL_V4/ivcu_afe_serializer.v:68$90'.
  created $adff cell `$procdff$19104' with positive edge clock and positive level reset.
Creating register for signal `\ivcu_afe_serializer.\afe_busy' using process `\ivcu_afe_serializer.$proc$/home/venky/final_ivcu_project/RTL_V4/ivcu_afe_serializer.v:68$90'.
  created $adff cell `$procdff$19109' with positive edge clock and positive level reset.
Creating register for signal `\ivcu_afe_serializer.\shadow' using process `\ivcu_afe_serializer.$proc$/home/venky/final_ivcu_project/RTL_V4/ivcu_afe_serializer.v:68$90'.
  created $adff cell `$procdff$19114' with positive edge clock and positive level reset.
Creating register for signal `\ivcu_afe_serializer.\shreg' using process `\ivcu_afe_serializer.$proc$/home/venky/final_ivcu_project/RTL_V4/ivcu_afe_serializer.v:68$90'.
  created $adff cell `$procdff$19119' with positive edge clock and positive level reset.
Creating register for signal `\ivcu_afe_serializer.\bitcnt' using process `\ivcu_afe_serializer.$proc$/home/venky/final_ivcu_project/RTL_V4/ivcu_afe_serializer.v:68$90'.
  created $adff cell `$procdff$19124' with positive edge clock and positive level reset.
Creating register for signal `\ivcu_afe_serializer.\phase' using process `\ivcu_afe_serializer.$proc$/home/venky/final_ivcu_project/RTL_V4/ivcu_afe_serializer.v:68$90'.
  created $adff cell `$procdff$19129' with positive edge clock and positive level reset.
Creating register for signal `\ivcu_adc_scan_sequencer.\adc_chan' using process `\ivcu_adc_scan_sequencer.$proc$/home/venky/final_ivcu_project/RTL_V4/ivcu_adc_scan_sequencer.v:89$81'.
  created $adff cell `$procdff$19134' with positive edge clock and positive level reset.
Creating register for signal `\ivcu_adc_scan_sequencer.\adc_req' using process `\ivcu_adc_scan_sequencer.$proc$/home/venky/final_ivcu_project/RTL_V4/ivcu_adc_scan_sequencer.v:89$81'.
  created $adff cell `$procdff$19139' with positive edge clock and positive level reset.
Creating register for signal `\ivcu_adc_scan_sequencer.\samp_chan' using process `\ivcu_adc_scan_sequencer.$proc$/home/venky/final_ivcu_project/RTL_V4/ivcu_adc_scan_sequencer.v:89$81'.
  created $adff cell `$procdff$19144' with positive edge clock and positive level reset.
Creating register for signal `\ivcu_adc_scan_sequencer.\samp_data' using process `\ivcu_adc_scan_sequencer.$proc$/home/venky/final_ivcu_project/RTL_V4/ivcu_adc_scan_sequencer.v:89$81'.
  created $adff cell `$procdff$19149' with positive edge clock and positive level reset.
Creating register for signal `\ivcu_adc_scan_sequencer.\samp_valid' using process `\ivcu_adc_scan_sequencer.$proc$/home/venky/final_ivcu_project/RTL_V4/ivcu_adc_scan_sequencer.v:89$81'.
  created $adff cell `$procdff$19154' with positive edge clock and positive level reset.
Creating register for signal `\ivcu_adc_scan_sequencer.\samp_timeout' using process `\ivcu_adc_scan_sequencer.$proc$/home/venky/final_ivcu_project/RTL_V4/ivcu_adc_scan_sequencer.v:89$81'.
  created $adff cell `$procdff$19159' with positive edge clock and positive level reset.
Creating register for signal `\ivcu_adc_scan_sequencer.\sweep_done' using process `\ivcu_adc_scan_sequencer.$proc$/home/venky/final_ivcu_project/RTL_V4/ivcu_adc_scan_sequencer.v:89$81'.
  created $adff cell `$procdff$19164' with positive edge clock and positive level reset.
Creating register for signal `\ivcu_adc_scan_sequencer.\state' using process `\ivcu_adc_scan_sequencer.$proc$/home/venky/final_ivcu_project/RTL_V4/ivcu_adc_scan_sequencer.v:89$81'.
  created $adff cell `$procdff$19169' with positive edge clock and positive level reset.
Creating register for signal `\ivcu_adc_scan_sequencer.\ptr' using process `\ivcu_adc_scan_sequencer.$proc$/home/venky/final_ivcu_project/RTL_V4/ivcu_adc_scan_sequencer.v:89$81'.
  created $adff cell `$procdff$19174' with positive edge clock and positive level reset.
Creating register for signal `\ivcu_adc_scan_sequencer.\tmo' using process `\ivcu_adc_scan_sequencer.$proc$/home/venky/final_ivcu_project/RTL_V4/ivcu_adc_scan_sequencer.v:89$81'.
  created $adff cell `$procdff$19179' with positive edge clock and positive level reset.
Creating register for signal `\ivcu_actuator_output_mgr.\torque_cmd' using process `\ivcu_actuator_output_mgr.$proc$/home/venky/final_ivcu_project/RTL_V4/ivcu_actuator_output_mgr.v:169$22'.
  created $adff cell `$procdff$19184' with positive edge clock and positive level reset.
Creating register for signal `\ivcu_actuator_output_mgr.\regen_cmd' using process `\ivcu_actuator_output_mgr.$proc$/home/venky/final_ivcu_project/RTL_V4/ivcu_actuator_output_mgr.v:169$22'.
  created $adff cell `$procdff$19189' with positive edge clock and positive level reset.
Creating register for signal `\ivcu_actuator_output_mgr.\motor_enable' using process `\ivcu_actuator_output_mgr.$proc$/home/venky/final_ivcu_project/RTL_V4/ivcu_actuator_output_mgr.v:169$22'.
  created $adff cell `$procdff$19194' with positive edge clock and positive level reset.
Creating register for signal `\ivcu_actuator_output_mgr.\power_derate_pct' using process `\ivcu_actuator_output_mgr.$proc$/home/venky/final_ivcu_project/RTL_V4/ivcu_actuator_output_mgr.v:169$22'.
  created $adff cell `$procdff$19199' with positive edge clock and positive level reset.
Creating register for signal `\ivcu_actuator_output_mgr.\cooling_pump_pwm' using process `\ivcu_actuator_output_mgr.$proc$/home/venky/final_ivcu_project/RTL_V4/ivcu_actuator_output_mgr.v:169$22'.
  created $adff cell `$procdff$19204' with positive edge clock and positive level reset.
Creating register for signal `\ivcu_actuator_output_mgr.\cooling_fan_pwm' using process `\ivcu_actuator_output_mgr.$proc$/home/venky/final_ivcu_project/RTL_V4/ivcu_actuator_output_mgr.v:169$22'.
  created $adff cell `$procdff$19209' with positive edge clock and positive level reset.
Creating register for signal `\ivcu_actuator_output_mgr.\charge_enable' using process `\ivcu_actuator_output_mgr.$proc$/home/venky/final_ivcu_project/RTL_V4/ivcu_actuator_output_mgr.v:169$22'.
  created $adff cell `$procdff$19214' with positive edge clock and positive level reset.
Creating register for signal `\ivcu_actuator_output_mgr.\airbag_trigger' using process `\ivcu_actuator_output_mgr.$proc$/home/venky/final_ivcu_project/RTL_V4/ivcu_actuator_output_mgr.v:169$22'.
  created $adff cell `$procdff$19219' with positive edge clock and positive level reset.
Creating register for signal `\ivcu_actuator_output_mgr.\belt_pretension' using process `\ivcu_actuator_output_mgr.$proc$/home/venky/final_ivcu_project/RTL_V4/ivcu_actuator_output_mgr.v:169$22'.
  created $adff cell `$procdff$19224' with positive edge clock and positive level reset.
Creating register for signal `\ivcu_actuator_output_mgr.\door_unlock' using process `\ivcu_actuator_output_mgr.$proc$/home/venky/final_ivcu_project/RTL_V4/ivcu_actuator_output_mgr.v:169$22'.
  created $adff cell `$procdff$19229' with positive edge clock and positive level reset.
Creating register for signal `\ivcu_actuator_output_mgr.\horn_en' using process `\ivcu_actuator_output_mgr.$proc$/home/venky/final_ivcu_project/RTL_V4/ivcu_actuator_output_mgr.v:169$22'.
  created $adff cell `$procdff$19234' with positive edge clock and positive level reset.
Creating register for signal `\ivcu_actuator_output_mgr.\headlight_en' using process `\ivcu_actuator_output_mgr.$proc$/home/venky/final_ivcu_project/RTL_V4/ivcu_actuator_output_mgr.v:169$22'.
  created $adff cell `$procdff$19239' with positive edge clock and positive level reset.
Creating register for signal `\ivcu_actuator_output_mgr.\airbag_deployed' using process `\ivcu_actuator_output_mgr.$proc$/home/venky/final_ivcu_project/RTL_V4/ivcu_actuator_output_mgr.v:169$22'.
  created $adff cell `$procdff$19244' with positive edge clock and positive level reset.

44.10. Executing PROC_MEMWR pass (convert process memory writes to cells).

44.11. Executing PROC_CLEAN pass (remove empty switches from decision trees).
Found and cleaned up 6 empty switches in `\ivcu_thermal_ai.$proc$/home/venky/final_ivcu_project/RTL_V4/ivcu_thermal_ai.v:125$7012'.
Removing empty process `ivcu_thermal_ai.$proc$/home/venky/final_ivcu_project/RTL_V4/ivcu_thermal_ai.v:125$7012'.
Found and cleaned up 10 empty switches in `\ivcu_sos_builder.$proc$/home/venky/final_ivcu_project/RTL_V4/ivcu_sos_builder.v:177$6954'.
Removing empty process `ivcu_sos_builder.$proc$/home/venky/final_ivcu_project/RTL_V4/ivcu_sos_builder.v:177$6954'.
Removing empty process `ivcu_serviceability_mgr.$proc$/home/venky/final_ivcu_project/RTL_V4/ivcu_serviceability_mgr.v:204$6948'.
Removing empty process `ivcu_serviceability_mgr.$proc$/home/venky/final_ivcu_project/RTL_V4/ivcu_serviceability_mgr.v:204$6946'.
Removing empty process `ivcu_serviceability_mgr.$proc$/home/venky/final_ivcu_project/RTL_V4/ivcu_serviceability_mgr.v:204$6944'.
Removing empty process `ivcu_serviceability_mgr.$proc$/home/venky/final_ivcu_project/RTL_V4/ivcu_serviceability_mgr.v:204$6942'.
Removing empty process `ivcu_serviceability_mgr.$proc$/home/venky/final_ivcu_project/RTL_V4/ivcu_serviceability_mgr.v:204$6940'.
Removing empty process `ivcu_serviceability_mgr.$proc$/home/venky/final_ivcu_project/RTL_V4/ivcu_serviceability_mgr.v:204$6938'.
Removing empty process `ivcu_serviceability_mgr.$proc$/home/venky/final_ivcu_project/RTL_V4/ivcu_serviceability_mgr.v:204$6936'.
Removing empty process `ivcu_serviceability_mgr.$proc$/home/venky/final_ivcu_project/RTL_V4/ivcu_serviceability_mgr.v:204$6934'.
Found and cleaned up 1 empty switch in `\ivcu_serviceability_mgr.$proc$/home/venky/final_ivcu_project/RTL_V4/ivcu_serviceability_mgr.v:240$6930'.
Removing empty process `ivcu_serviceability_mgr.$proc$/home/venky/final_ivcu_project/RTL_V4/ivcu_serviceability_mgr.v:240$6930'.
Found and cleaned up 2 empty switches in `\ivcu_serviceability_mgr.$proc$/home/venky/final_ivcu_project/RTL_V4/ivcu_serviceability_mgr.v:153$6914'.
Removing empty process `ivcu_serviceability_mgr.$proc$/home/venky/final_ivcu_project/RTL_V4/ivcu_serviceability_mgr.v:153$6914'.
Found and cleaned up 6 empty switches in `\ivcu_service_guidance.$proc$/home/venky/final_ivcu_project/RTL_V4/ivcu_service_guidance.v:187$6880'.
Removing empty process `ivcu_service_guidance.$proc$/home/venky/final_ivcu_project/RTL_V4/ivcu_service_guidance.v:187$6880'.
Found and cleaned up 1 empty switch in `\ivcu_service_guidance.$proc$/home/venky/final_ivcu_project/RTL_V4/ivcu_service_guidance.v:177$6875'.
Removing empty process `ivcu_service_guidance.$proc$/home/venky/final_ivcu_project/RTL_V4/ivcu_service_guidance.v:177$6875'.
Found and cleaned up 15 empty switches in `\ivcu_service_guidance.$proc$/home/venky/final_ivcu_project/RTL_V4/ivcu_service_guidance.v:196$6833'.
Removing empty process `ivcu_service_guidance.$proc$/home/venky/final_ivcu_project/RTL_V4/ivcu_service_guidance.v:196$6833'.
Removing empty process `ivcu_sensor_plausibility.$proc$/home/venky/final_ivcu_project/RTL_V4/ivcu_sensor_plausibility.v:187$6802'.
Removing empty process `ivcu_sensor_plausibility.$proc$/home/venky/final_ivcu_project/RTL_V4/ivcu_sensor_plausibility.v:184$6792'.
Removing empty process `ivcu_sensor_plausibility.$proc$/home/venky/final_ivcu_project/RTL_V4/ivcu_sensor_plausibility.v:181$6783'.
Removing empty process `ivcu_sensor_plausibility.$proc$/home/venky/final_ivcu_project/RTL_V4/ivcu_sensor_plausibility.v:178$6773'.
Removing empty process `ivcu_sensor_plausibility.$proc$/home/venky/final_ivcu_project/RTL_V4/ivcu_sensor_plausibility.v:172$6763'.
Removing empty process `ivcu_sensor_plausibility.$proc$/home/venky/final_ivcu_project/RTL_V4/ivcu_sensor_plausibility.v:160$6753'.
Removing empty process `ivcu_sensor_plausibility.$proc$/home/venky/final_ivcu_project/RTL_V4/ivcu_sensor_plausibility.v:157$6744'.
Removing empty process `ivcu_sensor_plausibility.$proc$/home/venky/final_ivcu_project/RTL_V4/ivcu_sensor_plausibility.v:155$6734'.
Removing empty process `ivcu_sensor_plausibility.$proc$/home/venky/final_ivcu_project/RTL_V4/ivcu_sensor_plausibility.v:148$6724'.
Removing empty process `ivcu_sensor_plausibility.$proc$/home/venky/final_ivcu_project/RTL_V4/ivcu_sensor_plausibility.v:145$6716'.
Removing empty process `ivcu_sensor_plausibility.$proc$/home/venky/final_ivcu_project/RTL_V4/ivcu_sensor_plausibility.v:141$6706'.
Found and cleaned up 8 empty switches in `\ivcu_sensor_plausibility.$proc$/home/venky/final_ivcu_project/RTL_V4/ivcu_sensor_plausibility.v:237$6704'.
Removing empty process `ivcu_sensor_plausibility.$proc$/home/venky/final_ivcu_project/RTL_V4/ivcu_sensor_plausibility.v:237$6704'.
Found and cleaned up 24 empty switches in `\ivcu_sensor_plausibility.$proc$/home/venky/final_ivcu_project/RTL_V4/ivcu_sensor_plausibility.v:203$6662'.
Removing empty process `ivcu_sensor_plausibility.$proc$/home/venky/final_ivcu_project/RTL_V4/ivcu_sensor_plausibility.v:203$6662'.
Found and cleaned up 12 empty switches in `\ivcu_sensor_fault_detect.$proc$/home/venky/final_ivcu_project/RTL_V4/ivcu_sensor_fault_detect.v:397$6569'.
Removing empty process `ivcu_sensor_fault_detect.$proc$/home/venky/final_ivcu_project/RTL_V4/ivcu_sensor_fault_detect.v:397$6569'.
Found and cleaned up 12 empty switches in `\ivcu_sensor_fault_detect.$proc$/home/venky/final_ivcu_project/RTL_V4/ivcu_sensor_fault_detect.v:397$6515'.
Removing empty process `ivcu_sensor_fault_detect.$proc$/home/venky/final_ivcu_project/RTL_V4/ivcu_sensor_fault_detect.v:397$6515'.
Found and cleaned up 12 empty switches in `\ivcu_sensor_fault_detect.$proc$/home/venky/final_ivcu_project/RTL_V4/ivcu_sensor_fault_detect.v:397$6461'.
Removing empty process `ivcu_sensor_fault_detect.$proc$/home/venky/final_ivcu_project/RTL_V4/ivcu_sensor_fault_detect.v:397$6461'.
Found and cleaned up 12 empty switches in `\ivcu_sensor_fault_detect.$proc$/home/venky/final_ivcu_project/RTL_V4/ivcu_sensor_fault_detect.v:397$6407'.
Removing empty process `ivcu_sensor_fault_detect.$proc$/home/venky/final_ivcu_project/RTL_V4/ivcu_sensor_fault_detect.v:397$6407'.
Found and cleaned up 12 empty switches in `\ivcu_sensor_fault_detect.$proc$/home/venky/final_ivcu_project/RTL_V4/ivcu_sensor_fault_detect.v:397$6353'.
Removing empty process `ivcu_sensor_fault_detect.$proc$/home/venky/final_ivcu_project/RTL_V4/ivcu_sensor_fault_detect.v:397$6353'.
Found and cleaned up 12 empty switches in `\ivcu_sensor_fault_detect.$proc$/home/venky/final_ivcu_project/RTL_V4/ivcu_sensor_fault_detect.v:397$6299'.
Removing empty process `ivcu_sensor_fault_detect.$proc$/home/venky/final_ivcu_project/RTL_V4/ivcu_sensor_fault_detect.v:397$6299'.
Found and cleaned up 12 empty switches in `\ivcu_sensor_fault_detect.$proc$/home/venky/final_ivcu_project/RTL_V4/ivcu_sensor_fault_detect.v:397$6245'.
Removing empty process `ivcu_sensor_fault_detect.$proc$/home/venky/final_ivcu_project/RTL_V4/ivcu_sensor_fault_detect.v:397$6245'.
Found and cleaned up 12 empty switches in `\ivcu_sensor_fault_detect.$proc$/home/venky/final_ivcu_project/RTL_V4/ivcu_sensor_fault_detect.v:397$6191'.
Removing empty process `ivcu_sensor_fault_detect.$proc$/home/venky/final_ivcu_project/RTL_V4/ivcu_sensor_fault_detect.v:397$6191'.
Found and cleaned up 12 empty switches in `\ivcu_sensor_fault_detect.$proc$/home/venky/final_ivcu_project/RTL_V4/ivcu_sensor_fault_detect.v:397$6137'.
Removing empty process `ivcu_sensor_fault_detect.$proc$/home/venky/final_ivcu_project/RTL_V4/ivcu_sensor_fault_detect.v:397$6137'.
Found and cleaned up 12 empty switches in `\ivcu_sensor_fault_detect.$proc$/home/venky/final_ivcu_project/RTL_V4/ivcu_sensor_fault_detect.v:397$6083'.
Removing empty process `ivcu_sensor_fault_detect.$proc$/home/venky/final_ivcu_project/RTL_V4/ivcu_sensor_fault_detect.v:397$6083'.
Found and cleaned up 12 empty switches in `\ivcu_sensor_fault_detect.$proc$/home/venky/final_ivcu_project/RTL_V4/ivcu_sensor_fault_detect.v:397$6029'.
Removing empty process `ivcu_sensor_fault_detect.$proc$/home/venky/final_ivcu_project/RTL_V4/ivcu_sensor_fault_detect.v:397$6029'.
Found and cleaned up 12 empty switches in `\ivcu_sensor_fault_detect.$proc$/home/venky/final_ivcu_project/RTL_V4/ivcu_sensor_fault_detect.v:397$5975'.
Removing empty process `ivcu_sensor_fault_detect.$proc$/home/venky/final_ivcu_project/RTL_V4/ivcu_sensor_fault_detect.v:397$5975'.
Found and cleaned up 12 empty switches in `\ivcu_sensor_fault_detect.$proc$/home/venky/final_ivcu_project/RTL_V4/ivcu_sensor_fault_detect.v:397$5921'.
Removing empty process `ivcu_sensor_fault_detect.$proc$/home/venky/final_ivcu_project/RTL_V4/ivcu_sensor_fault_detect.v:397$5921'.
Found and cleaned up 12 empty switches in `\ivcu_sensor_fault_detect.$proc$/home/venky/final_ivcu_project/RTL_V4/ivcu_sensor_fault_detect.v:397$5867'.
Removing empty process `ivcu_sensor_fault_detect.$proc$/home/venky/final_ivcu_project/RTL_V4/ivcu_sensor_fault_detect.v:397$5867'.
Found and cleaned up 12 empty switches in `\ivcu_sensor_fault_detect.$proc$/home/venky/final_ivcu_project/RTL_V4/ivcu_sensor_fault_detect.v:397$5813'.
Removing empty process `ivcu_sensor_fault_detect.$proc$/home/venky/final_ivcu_project/RTL_V4/ivcu_sensor_fault_detect.v:397$5813'.
Found and cleaned up 12 empty switches in `\ivcu_sensor_fault_detect.$proc$/home/venky/final_ivcu_project/RTL_V4/ivcu_sensor_fault_detect.v:397$5759'.
Removing empty process `ivcu_sensor_fault_detect.$proc$/home/venky/final_ivcu_project/RTL_V4/ivcu_sensor_fault_detect.v:397$5759'.
Found and cleaned up 12 empty switches in `\ivcu_sensor_fault_detect.$proc$/home/venky/final_ivcu_project/RTL_V4/ivcu_sensor_fault_detect.v:397$5705'.
Removing empty process `ivcu_sensor_fault_detect.$proc$/home/venky/final_ivcu_project/RTL_V4/ivcu_sensor_fault_detect.v:397$5705'.
Found and cleaned up 12 empty switches in `\ivcu_sensor_fault_detect.$proc$/home/venky/final_ivcu_project/RTL_V4/ivcu_sensor_fault_detect.v:397$5651'.
Removing empty process `ivcu_sensor_fault_detect.$proc$/home/venky/final_ivcu_project/RTL_V4/ivcu_sensor_fault_detect.v:397$5651'.
Found and cleaned up 12 empty switches in `\ivcu_sensor_fault_detect.$proc$/home/venky/final_ivcu_project/RTL_V4/ivcu_sensor_fault_detect.v:397$5597'.
Removing empty process `ivcu_sensor_fault_detect.$proc$/home/venky/final_ivcu_project/RTL_V4/ivcu_sensor_fault_detect.v:397$5597'.
Found and cleaned up 12 empty switches in `\ivcu_sensor_fault_detect.$proc$/home/venky/final_ivcu_project/RTL_V4/ivcu_sensor_fault_detect.v:397$5543'.
Removing empty process `ivcu_sensor_fault_detect.$proc$/home/venky/final_ivcu_project/RTL_V4/ivcu_sensor_fault_detect.v:397$5543'.
Found and cleaned up 12 empty switches in `\ivcu_sensor_fault_detect.$proc$/home/venky/final_ivcu_project/RTL_V4/ivcu_sensor_fault_detect.v:397$5489'.
Removing empty process `ivcu_sensor_fault_detect.$proc$/home/venky/final_ivcu_project/RTL_V4/ivcu_sensor_fault_detect.v:397$5489'.
Found and cleaned up 12 empty switches in `\ivcu_sensor_fault_detect.$proc$/home/venky/final_ivcu_project/RTL_V4/ivcu_sensor_fault_detect.v:397$5435'.
Removing empty process `ivcu_sensor_fault_detect.$proc$/home/venky/final_ivcu_project/RTL_V4/ivcu_sensor_fault_detect.v:397$5435'.
Found and cleaned up 12 empty switches in `\ivcu_sensor_fault_detect.$proc$/home/venky/final_ivcu_project/RTL_V4/ivcu_sensor_fault_detect.v:397$5381'.
Removing empty process `ivcu_sensor_fault_detect.$proc$/home/venky/final_ivcu_project/RTL_V4/ivcu_sensor_fault_detect.v:397$5381'.
Found and cleaned up 12 empty switches in `\ivcu_sensor_fault_detect.$proc$/home/venky/final_ivcu_project/RTL_V4/ivcu_sensor_fault_detect.v:397$5327'.
Removing empty process `ivcu_sensor_fault_detect.$proc$/home/venky/final_ivcu_project/RTL_V4/ivcu_sensor_fault_detect.v:397$5327'.
Found and cleaned up 12 empty switches in `\ivcu_sensor_fault_detect.$proc$/home/venky/final_ivcu_project/RTL_V4/ivcu_sensor_fault_detect.v:397$5273'.
Removing empty process `ivcu_sensor_fault_detect.$proc$/home/venky/final_ivcu_project/RTL_V4/ivcu_sensor_fault_detect.v:397$5273'.
Found and cleaned up 12 empty switches in `\ivcu_sensor_fault_detect.$proc$/home/venky/final_ivcu_project/RTL_V4/ivcu_sensor_fault_detect.v:397$5219'.
Removing empty process `ivcu_sensor_fault_detect.$proc$/home/venky/final_ivcu_project/RTL_V4/ivcu_sensor_fault_detect.v:397$5219'.
Found and cleaned up 12 empty switches in `\ivcu_sensor_fault_detect.$proc$/home/venky/final_ivcu_project/RTL_V4/ivcu_sensor_fault_detect.v:397$5165'.
Removing empty process `ivcu_sensor_fault_detect.$proc$/home/venky/final_ivcu_project/RTL_V4/ivcu_sensor_fault_detect.v:397$5165'.
Found and cleaned up 12 empty switches in `\ivcu_sensor_fault_detect.$proc$/home/venky/final_ivcu_project/RTL_V4/ivcu_sensor_fault_detect.v:397$5111'.
Removing empty process `ivcu_sensor_fault_detect.$proc$/home/venky/final_ivcu_project/RTL_V4/ivcu_sensor_fault_detect.v:397$5111'.
Found and cleaned up 12 empty switches in `\ivcu_sensor_fault_detect.$proc$/home/venky/final_ivcu_project/RTL_V4/ivcu_sensor_fault_detect.v:397$5057'.
Removing empty process `ivcu_sensor_fault_detect.$proc$/home/venky/final_ivcu_project/RTL_V4/ivcu_sensor_fault_detect.v:397$5057'.
Found and cleaned up 12 empty switches in `\ivcu_sensor_fault_detect.$proc$/home/venky/final_ivcu_project/RTL_V4/ivcu_sensor_fault_detect.v:397$5003'.
Removing empty process `ivcu_sensor_fault_detect.$proc$/home/venky/final_ivcu_project/RTL_V4/ivcu_sensor_fault_detect.v:397$5003'.
Found and cleaned up 12 empty switches in `\ivcu_sensor_fault_detect.$proc$/home/venky/final_ivcu_project/RTL_V4/ivcu_sensor_fault_detect.v:397$4949'.
Removing empty process `ivcu_sensor_fault_detect.$proc$/home/venky/final_ivcu_project/RTL_V4/ivcu_sensor_fault_detect.v:397$4949'.
Found and cleaned up 12 empty switches in `\ivcu_sensor_fault_detect.$proc$/home/venky/final_ivcu_project/RTL_V4/ivcu_sensor_fault_detect.v:397$4895'.
Removing empty process `ivcu_sensor_fault_detect.$proc$/home/venky/final_ivcu_project/RTL_V4/ivcu_sensor_fault_detect.v:397$4895'.
Found and cleaned up 12 empty switches in `\ivcu_sensor_fault_detect.$proc$/home/venky/final_ivcu_project/RTL_V4/ivcu_sensor_fault_detect.v:397$4841'.
Removing empty process `ivcu_sensor_fault_detect.$proc$/home/venky/final_ivcu_project/RTL_V4/ivcu_sensor_fault_detect.v:397$4841'.
Found and cleaned up 12 empty switches in `\ivcu_sensor_fault_detect.$proc$/home/venky/final_ivcu_project/RTL_V4/ivcu_sensor_fault_detect.v:397$4787'.
Removing empty process `ivcu_sensor_fault_detect.$proc$/home/venky/final_ivcu_project/RTL_V4/ivcu_sensor_fault_detect.v:397$4787'.
Found and cleaned up 12 empty switches in `\ivcu_sensor_fault_detect.$proc$/home/venky/final_ivcu_project/RTL_V4/ivcu_sensor_fault_detect.v:397$4733'.
Removing empty process `ivcu_sensor_fault_detect.$proc$/home/venky/final_ivcu_project/RTL_V4/ivcu_sensor_fault_detect.v:397$4733'.
Found and cleaned up 12 empty switches in `\ivcu_sensor_fault_detect.$proc$/home/venky/final_ivcu_project/RTL_V4/ivcu_sensor_fault_detect.v:397$4679'.
Removing empty process `ivcu_sensor_fault_detect.$proc$/home/venky/final_ivcu_project/RTL_V4/ivcu_sensor_fault_detect.v:397$4679'.
Found and cleaned up 12 empty switches in `\ivcu_sensor_fault_detect.$proc$/home/venky/final_ivcu_project/RTL_V4/ivcu_sensor_fault_detect.v:397$4625'.
Removing empty process `ivcu_sensor_fault_detect.$proc$/home/venky/final_ivcu_project/RTL_V4/ivcu_sensor_fault_detect.v:397$4625'.
Found and cleaned up 12 empty switches in `\ivcu_sensor_fault_detect.$proc$/home/venky/final_ivcu_project/RTL_V4/ivcu_sensor_fault_detect.v:397$4571'.
Removing empty process `ivcu_sensor_fault_detect.$proc$/home/venky/final_ivcu_project/RTL_V4/ivcu_sensor_fault_detect.v:397$4571'.
Found and cleaned up 12 empty switches in `\ivcu_sensor_fault_detect.$proc$/home/venky/final_ivcu_project/RTL_V4/ivcu_sensor_fault_detect.v:397$4517'.
Removing empty process `ivcu_sensor_fault_detect.$proc$/home/venky/final_ivcu_project/RTL_V4/ivcu_sensor_fault_detect.v:397$4517'.
Found and cleaned up 12 empty switches in `\ivcu_sensor_fault_detect.$proc$/home/venky/final_ivcu_project/RTL_V4/ivcu_sensor_fault_detect.v:397$4463'.
Removing empty process `ivcu_sensor_fault_detect.$proc$/home/venky/final_ivcu_project/RTL_V4/ivcu_sensor_fault_detect.v:397$4463'.
Found and cleaned up 12 empty switches in `\ivcu_sensor_fault_detect.$proc$/home/venky/final_ivcu_project/RTL_V4/ivcu_sensor_fault_detect.v:397$4409'.
Removing empty process `ivcu_sensor_fault_detect.$proc$/home/venky/final_ivcu_project/RTL_V4/ivcu_sensor_fault_detect.v:397$4409'.
Found and cleaned up 12 empty switches in `\ivcu_sensor_fault_detect.$proc$/home/venky/final_ivcu_project/RTL_V4/ivcu_sensor_fault_detect.v:397$4355'.
Removing empty process `ivcu_sensor_fault_detect.$proc$/home/venky/final_ivcu_project/RTL_V4/ivcu_sensor_fault_detect.v:397$4355'.
Found and cleaned up 12 empty switches in `\ivcu_sensor_fault_detect.$proc$/home/venky/final_ivcu_project/RTL_V4/ivcu_sensor_fault_detect.v:397$4301'.
Removing empty process `ivcu_sensor_fault_detect.$proc$/home/venky/final_ivcu_project/RTL_V4/ivcu_sensor_fault_detect.v:397$4301'.
Found and cleaned up 12 empty switches in `\ivcu_sensor_fault_detect.$proc$/home/venky/final_ivcu_project/RTL_V4/ivcu_sensor_fault_detect.v:397$4247'.
Removing empty process `ivcu_sensor_fault_detect.$proc$/home/venky/final_ivcu_project/RTL_V4/ivcu_sensor_fault_detect.v:397$4247'.
Found and cleaned up 12 empty switches in `\ivcu_sensor_fault_detect.$proc$/home/venky/final_ivcu_project/RTL_V4/ivcu_sensor_fault_detect.v:397$4193'.
Removing empty process `ivcu_sensor_fault_detect.$proc$/home/venky/final_ivcu_project/RTL_V4/ivcu_sensor_fault_detect.v:397$4193'.
Found and cleaned up 12 empty switches in `\ivcu_sensor_fault_detect.$proc$/home/venky/final_ivcu_project/RTL_V4/ivcu_sensor_fault_detect.v:397$4139'.
Removing empty process `ivcu_sensor_fault_detect.$proc$/home/venky/final_ivcu_project/RTL_V4/ivcu_sensor_fault_detect.v:397$4139'.
Found and cleaned up 12 empty switches in `\ivcu_sensor_fault_detect.$proc$/home/venky/final_ivcu_project/RTL_V4/ivcu_sensor_fault_detect.v:397$4085'.
Removing empty process `ivcu_sensor_fault_detect.$proc$/home/venky/final_ivcu_project/RTL_V4/ivcu_sensor_fault_detect.v:397$4085'.
Found and cleaned up 12 empty switches in `\ivcu_sensor_fault_detect.$proc$/home/venky/final_ivcu_project/RTL_V4/ivcu_sensor_fault_detect.v:397$4031'.
Removing empty process `ivcu_sensor_fault_detect.$proc$/home/venky/final_ivcu_project/RTL_V4/ivcu_sensor_fault_detect.v:397$4031'.
Found and cleaned up 12 empty switches in `\ivcu_sensor_fault_detect.$proc$/home/venky/final_ivcu_project/RTL_V4/ivcu_sensor_fault_detect.v:397$3977'.
Removing empty process `ivcu_sensor_fault_detect.$proc$/home/venky/final_ivcu_project/RTL_V4/ivcu_sensor_fault_detect.v:397$3977'.
Found and cleaned up 12 empty switches in `\ivcu_sensor_fault_detect.$proc$/home/venky/final_ivcu_project/RTL_V4/ivcu_sensor_fault_detect.v:397$3923'.
Removing empty process `ivcu_sensor_fault_detect.$proc$/home/venky/final_ivcu_project/RTL_V4/ivcu_sensor_fault_detect.v:397$3923'.
Found and cleaned up 12 empty switches in `\ivcu_sensor_fault_detect.$proc$/home/venky/final_ivcu_project/RTL_V4/ivcu_sensor_fault_detect.v:397$3869'.
Removing empty process `ivcu_sensor_fault_detect.$proc$/home/venky/final_ivcu_project/RTL_V4/ivcu_sensor_fault_detect.v:397$3869'.
Found and cleaned up 12 empty switches in `\ivcu_sensor_fault_detect.$proc$/home/venky/final_ivcu_project/RTL_V4/ivcu_sensor_fault_detect.v:397$3815'.
Removing empty process `ivcu_sensor_fault_detect.$proc$/home/venky/final_ivcu_project/RTL_V4/ivcu_sensor_fault_detect.v:397$3815'.
Found and cleaned up 12 empty switches in `\ivcu_sensor_fault_detect.$proc$/home/venky/final_ivcu_project/RTL_V4/ivcu_sensor_fault_detect.v:397$3761'.
Removing empty process `ivcu_sensor_fault_detect.$proc$/home/venky/final_ivcu_project/RTL_V4/ivcu_sensor_fault_detect.v:397$3761'.
Found and cleaned up 12 empty switches in `\ivcu_sensor_fault_detect.$proc$/home/venky/final_ivcu_project/RTL_V4/ivcu_sensor_fault_detect.v:397$3707'.
Removing empty process `ivcu_sensor_fault_detect.$proc$/home/venky/final_ivcu_project/RTL_V4/ivcu_sensor_fault_detect.v:397$3707'.
Found and cleaned up 12 empty switches in `\ivcu_sensor_fault_detect.$proc$/home/venky/final_ivcu_project/RTL_V4/ivcu_sensor_fault_detect.v:397$3653'.
Removing empty process `ivcu_sensor_fault_detect.$proc$/home/venky/final_ivcu_project/RTL_V4/ivcu_sensor_fault_detect.v:397$3653'.
Found and cleaned up 12 empty switches in `\ivcu_sensor_fault_detect.$proc$/home/venky/final_ivcu_project/RTL_V4/ivcu_sensor_fault_detect.v:397$3599'.
Removing empty process `ivcu_sensor_fault_detect.$proc$/home/venky/final_ivcu_project/RTL_V4/ivcu_sensor_fault_detect.v:397$3599'.
Found and cleaned up 12 empty switches in `\ivcu_sensor_fault_detect.$proc$/home/venky/final_ivcu_project/RTL_V4/ivcu_sensor_fault_detect.v:397$3545'.
Removing empty process `ivcu_sensor_fault_detect.$proc$/home/venky/final_ivcu_project/RTL_V4/ivcu_sensor_fault_detect.v:397$3545'.
Found and cleaned up 12 empty switches in `\ivcu_sensor_fault_detect.$proc$/home/venky/final_ivcu_project/RTL_V4/ivcu_sensor_fault_detect.v:397$3491'.
Removing empty process `ivcu_sensor_fault_detect.$proc$/home/venky/final_ivcu_project/RTL_V4/ivcu_sensor_fault_detect.v:397$3491'.
Found and cleaned up 12 empty switches in `\ivcu_sensor_fault_detect.$proc$/home/venky/final_ivcu_project/RTL_V4/ivcu_sensor_fault_detect.v:397$3437'.
Removing empty process `ivcu_sensor_fault_detect.$proc$/home/venky/final_ivcu_project/RTL_V4/ivcu_sensor_fault_detect.v:397$3437'.
Found and cleaned up 12 empty switches in `\ivcu_sensor_fault_detect.$proc$/home/venky/final_ivcu_project/RTL_V4/ivcu_sensor_fault_detect.v:397$3383'.
Removing empty process `ivcu_sensor_fault_detect.$proc$/home/venky/final_ivcu_project/RTL_V4/ivcu_sensor_fault_detect.v:397$3383'.
Found and cleaned up 12 empty switches in `\ivcu_sensor_fault_detect.$proc$/home/venky/final_ivcu_project/RTL_V4/ivcu_sensor_fault_detect.v:397$3329'.
Removing empty process `ivcu_sensor_fault_detect.$proc$/home/venky/final_ivcu_project/RTL_V4/ivcu_sensor_fault_detect.v:397$3329'.
Found and cleaned up 12 empty switches in `\ivcu_sensor_fault_detect.$proc$/home/venky/final_ivcu_project/RTL_V4/ivcu_sensor_fault_detect.v:397$3275'.
Removing empty process `ivcu_sensor_fault_detect.$proc$/home/venky/final_ivcu_project/RTL_V4/ivcu_sensor_fault_detect.v:397$3275'.
Found and cleaned up 12 empty switches in `\ivcu_sensor_fault_detect.$proc$/home/venky/final_ivcu_project/RTL_V4/ivcu_sensor_fault_detect.v:397$3221'.
Removing empty process `ivcu_sensor_fault_detect.$proc$/home/venky/final_ivcu_project/RTL_V4/ivcu_sensor_fault_detect.v:397$3221'.
Found and cleaned up 12 empty switches in `\ivcu_sensor_fault_detect.$proc$/home/venky/final_ivcu_project/RTL_V4/ivcu_sensor_fault_detect.v:397$3167'.
Removing empty process `ivcu_sensor_fault_detect.$proc$/home/venky/final_ivcu_project/RTL_V4/ivcu_sensor_fault_detect.v:397$3167'.
Found and cleaned up 2 empty switches in `\ivcu_sensor_conditioning.$proc$/home/venky/final_ivcu_project/RTL_V4/ivcu_sensor_conditioning.v:172$2634'.
Removing empty process `ivcu_sensor_conditioning.$proc$/home/venky/final_ivcu_project/RTL_V4/ivcu_sensor_conditioning.v:172$2634'.
Found and cleaned up 2 empty switches in `\ivcu_sensor_conditioning.$proc$/home/venky/final_ivcu_project/RTL_V4/ivcu_sensor_conditioning.v:172$2625'.
Removing empty process `ivcu_sensor_conditioning.$proc$/home/venky/final_ivcu_project/RTL_V4/ivcu_sensor_conditioning.v:172$2625'.
Found and cleaned up 2 empty switches in `\ivcu_sensor_conditioning.$proc$/home/venky/final_ivcu_project/RTL_V4/ivcu_sensor_conditioning.v:172$2616'.
Removing empty process `ivcu_sensor_conditioning.$proc$/home/venky/final_ivcu_project/RTL_V4/ivcu_sensor_conditioning.v:172$2616'.
Found and cleaned up 2 empty switches in `\ivcu_sensor_conditioning.$proc$/home/venky/final_ivcu_project/RTL_V4/ivcu_sensor_conditioning.v:172$2607'.
Removing empty process `ivcu_sensor_conditioning.$proc$/home/venky/final_ivcu_project/RTL_V4/ivcu_sensor_conditioning.v:172$2607'.
Found and cleaned up 2 empty switches in `\ivcu_sensor_conditioning.$proc$/home/venky/final_ivcu_project/RTL_V4/ivcu_sensor_conditioning.v:172$2598'.
Removing empty process `ivcu_sensor_conditioning.$proc$/home/venky/final_ivcu_project/RTL_V4/ivcu_sensor_conditioning.v:172$2598'.
Found and cleaned up 2 empty switches in `\ivcu_sensor_conditioning.$proc$/home/venky/final_ivcu_project/RTL_V4/ivcu_sensor_conditioning.v:172$2589'.
Removing empty process `ivcu_sensor_conditioning.$proc$/home/venky/final_ivcu_project/RTL_V4/ivcu_sensor_conditioning.v:172$2589'.
Found and cleaned up 2 empty switches in `\ivcu_sensor_conditioning.$proc$/home/venky/final_ivcu_project/RTL_V4/ivcu_sensor_conditioning.v:172$2580'.
Removing empty process `ivcu_sensor_conditioning.$proc$/home/venky/final_ivcu_project/RTL_V4/ivcu_sensor_conditioning.v:172$2580'.
Found and cleaned up 2 empty switches in `\ivcu_sensor_conditioning.$proc$/home/venky/final_ivcu_project/RTL_V4/ivcu_sensor_conditioning.v:172$2571'.
Removing empty process `ivcu_sensor_conditioning.$proc$/home/venky/final_ivcu_project/RTL_V4/ivcu_sensor_conditioning.v:172$2571'.
Found and cleaned up 2 empty switches in `\ivcu_sensor_conditioning.$proc$/home/venky/final_ivcu_project/RTL_V4/ivcu_sensor_conditioning.v:172$2562'.
Removing empty process `ivcu_sensor_conditioning.$proc$/home/venky/final_ivcu_project/RTL_V4/ivcu_sensor_conditioning.v:172$2562'.
Found and cleaned up 2 empty switches in `\ivcu_sensor_conditioning.$proc$/home/venky/final_ivcu_project/RTL_V4/ivcu_sensor_conditioning.v:172$2553'.
Removing empty process `ivcu_sensor_conditioning.$proc$/home/venky/final_ivcu_project/RTL_V4/ivcu_sensor_conditioning.v:172$2553'.
Found and cleaned up 2 empty switches in `\ivcu_sensor_conditioning.$proc$/home/venky/final_ivcu_project/RTL_V4/ivcu_sensor_conditioning.v:172$2544'.
Removing empty process `ivcu_sensor_conditioning.$proc$/home/venky/final_ivcu_project/RTL_V4/ivcu_sensor_conditioning.v:172$2544'.
Found and cleaned up 2 empty switches in `\ivcu_sensor_conditioning.$proc$/home/venky/final_ivcu_project/RTL_V4/ivcu_sensor_conditioning.v:172$2535'.
Removing empty process `ivcu_sensor_conditioning.$proc$/home/venky/final_ivcu_project/RTL_V4/ivcu_sensor_conditioning.v:172$2535'.
Found and cleaned up 2 empty switches in `\ivcu_sensor_conditioning.$proc$/home/venky/final_ivcu_project/RTL_V4/ivcu_sensor_conditioning.v:172$2526'.
Removing empty process `ivcu_sensor_conditioning.$proc$/home/venky/final_ivcu_project/RTL_V4/ivcu_sensor_conditioning.v:172$2526'.
Found and cleaned up 2 empty switches in `\ivcu_sensor_conditioning.$proc$/home/venky/final_ivcu_project/RTL_V4/ivcu_sensor_conditioning.v:172$2517'.
Removing empty process `ivcu_sensor_conditioning.$proc$/home/venky/final_ivcu_project/RTL_V4/ivcu_sensor_conditioning.v:172$2517'.
Found and cleaned up 2 empty switches in `\ivcu_sensor_conditioning.$proc$/home/venky/final_ivcu_project/RTL_V4/ivcu_sensor_conditioning.v:172$2508'.
Removing empty process `ivcu_sensor_conditioning.$proc$/home/venky/final_ivcu_project/RTL_V4/ivcu_sensor_conditioning.v:172$2508'.
Found and cleaned up 2 empty switches in `\ivcu_sensor_conditioning.$proc$/home/venky/final_ivcu_project/RTL_V4/ivcu_sensor_conditioning.v:172$2499'.
Removing empty process `ivcu_sensor_conditioning.$proc$/home/venky/final_ivcu_project/RTL_V4/ivcu_sensor_conditioning.v:172$2499'.
Found and cleaned up 2 empty switches in `\ivcu_sensor_conditioning.$proc$/home/venky/final_ivcu_project/RTL_V4/ivcu_sensor_conditioning.v:172$2490'.
Removing empty process `ivcu_sensor_conditioning.$proc$/home/venky/final_ivcu_project/RTL_V4/ivcu_sensor_conditioning.v:172$2490'.
Found and cleaned up 2 empty switches in `\ivcu_sensor_conditioning.$proc$/home/venky/final_ivcu_project/RTL_V4/ivcu_sensor_conditioning.v:172$2481'.
Removing empty process `ivcu_sensor_conditioning.$proc$/home/venky/final_ivcu_project/RTL_V4/ivcu_sensor_conditioning.v:172$2481'.
Found and cleaned up 2 empty switches in `\ivcu_sensor_conditioning.$proc$/home/venky/final_ivcu_project/RTL_V4/ivcu_sensor_conditioning.v:172$2472'.
Removing empty process `ivcu_sensor_conditioning.$proc$/home/venky/final_ivcu_project/RTL_V4/ivcu_sensor_conditioning.v:172$2472'.
Found and cleaned up 2 empty switches in `\ivcu_sensor_conditioning.$proc$/home/venky/final_ivcu_project/RTL_V4/ivcu_sensor_conditioning.v:172$2463'.
Removing empty process `ivcu_sensor_conditioning.$proc$/home/venky/final_ivcu_project/RTL_V4/ivcu_sensor_conditioning.v:172$2463'.
Found and cleaned up 2 empty switches in `\ivcu_sensor_conditioning.$proc$/home/venky/final_ivcu_project/RTL_V4/ivcu_sensor_conditioning.v:172$2454'.
Removing empty process `ivcu_sensor_conditioning.$proc$/home/venky/final_ivcu_project/RTL_V4/ivcu_sensor_conditioning.v:172$2454'.
Found and cleaned up 2 empty switches in `\ivcu_sensor_conditioning.$proc$/home/venky/final_ivcu_project/RTL_V4/ivcu_sensor_conditioning.v:172$2445'.
Removing empty process `ivcu_sensor_conditioning.$proc$/home/venky/final_ivcu_project/RTL_V4/ivcu_sensor_conditioning.v:172$2445'.
Found and cleaned up 2 empty switches in `\ivcu_sensor_conditioning.$proc$/home/venky/final_ivcu_project/RTL_V4/ivcu_sensor_conditioning.v:172$2436'.
Removing empty process `ivcu_sensor_conditioning.$proc$/home/venky/final_ivcu_project/RTL_V4/ivcu_sensor_conditioning.v:172$2436'.
Found and cleaned up 2 empty switches in `\ivcu_sensor_conditioning.$proc$/home/venky/final_ivcu_project/RTL_V4/ivcu_sensor_conditioning.v:172$2427'.
Removing empty process `ivcu_sensor_conditioning.$proc$/home/venky/final_ivcu_project/RTL_V4/ivcu_sensor_conditioning.v:172$2427'.
Found and cleaned up 2 empty switches in `\ivcu_sensor_conditioning.$proc$/home/venky/final_ivcu_project/RTL_V4/ivcu_sensor_conditioning.v:172$2418'.
Removing empty process `ivcu_sensor_conditioning.$proc$/home/venky/final_ivcu_project/RTL_V4/ivcu_sensor_conditioning.v:172$2418'.
Found and cleaned up 2 empty switches in `\ivcu_sensor_conditioning.$proc$/home/venky/final_ivcu_project/RTL_V4/ivcu_sensor_conditioning.v:172$2409'.
Removing empty process `ivcu_sensor_conditioning.$proc$/home/venky/final_ivcu_project/RTL_V4/ivcu_sensor_conditioning.v:172$2409'.
Found and cleaned up 2 empty switches in `\ivcu_sensor_conditioning.$proc$/home/venky/final_ivcu_project/RTL_V4/ivcu_sensor_conditioning.v:172$2400'.
Removing empty process `ivcu_sensor_conditioning.$proc$/home/venky/final_ivcu_project/RTL_V4/ivcu_sensor_conditioning.v:172$2400'.
Found and cleaned up 2 empty switches in `\ivcu_sensor_conditioning.$proc$/home/venky/final_ivcu_project/RTL_V4/ivcu_sensor_conditioning.v:172$2391'.
Removing empty process `ivcu_sensor_conditioning.$proc$/home/venky/final_ivcu_project/RTL_V4/ivcu_sensor_conditioning.v:172$2391'.
Found and cleaned up 2 empty switches in `\ivcu_sensor_conditioning.$proc$/home/venky/final_ivcu_project/RTL_V4/ivcu_sensor_conditioning.v:172$2382'.
Removing empty process `ivcu_sensor_conditioning.$proc$/home/venky/final_ivcu_project/RTL_V4/ivcu_sensor_conditioning.v:172$2382'.
Found and cleaned up 2 empty switches in `\ivcu_sensor_conditioning.$proc$/home/venky/final_ivcu_project/RTL_V4/ivcu_sensor_conditioning.v:172$2373'.
Removing empty process `ivcu_sensor_conditioning.$proc$/home/venky/final_ivcu_project/RTL_V4/ivcu_sensor_conditioning.v:172$2373'.
Found and cleaned up 2 empty switches in `\ivcu_sensor_conditioning.$proc$/home/venky/final_ivcu_project/RTL_V4/ivcu_sensor_conditioning.v:172$2364'.
Removing empty process `ivcu_sensor_conditioning.$proc$/home/venky/final_ivcu_project/RTL_V4/ivcu_sensor_conditioning.v:172$2364'.
Found and cleaned up 2 empty switches in `\ivcu_sensor_conditioning.$proc$/home/venky/final_ivcu_project/RTL_V4/ivcu_sensor_conditioning.v:172$2355'.
Removing empty process `ivcu_sensor_conditioning.$proc$/home/venky/final_ivcu_project/RTL_V4/ivcu_sensor_conditioning.v:172$2355'.
Found and cleaned up 2 empty switches in `\ivcu_sensor_conditioning.$proc$/home/venky/final_ivcu_project/RTL_V4/ivcu_sensor_conditioning.v:172$2346'.
Removing empty process `ivcu_sensor_conditioning.$proc$/home/venky/final_ivcu_project/RTL_V4/ivcu_sensor_conditioning.v:172$2346'.
Found and cleaned up 2 empty switches in `\ivcu_sensor_conditioning.$proc$/home/venky/final_ivcu_project/RTL_V4/ivcu_sensor_conditioning.v:172$2337'.
Removing empty process `ivcu_sensor_conditioning.$proc$/home/venky/final_ivcu_project/RTL_V4/ivcu_sensor_conditioning.v:172$2337'.
Found and cleaned up 2 empty switches in `\ivcu_sensor_conditioning.$proc$/home/venky/final_ivcu_project/RTL_V4/ivcu_sensor_conditioning.v:172$2328'.
Removing empty process `ivcu_sensor_conditioning.$proc$/home/venky/final_ivcu_project/RTL_V4/ivcu_sensor_conditioning.v:172$2328'.
Found and cleaned up 2 empty switches in `\ivcu_sensor_conditioning.$proc$/home/venky/final_ivcu_project/RTL_V4/ivcu_sensor_conditioning.v:172$2319'.
Removing empty process `ivcu_sensor_conditioning.$proc$/home/venky/final_ivcu_project/RTL_V4/ivcu_sensor_conditioning.v:172$2319'.
Found and cleaned up 2 empty switches in `\ivcu_sensor_conditioning.$proc$/home/venky/final_ivcu_project/RTL_V4/ivcu_sensor_conditioning.v:172$2310'.
Removing empty process `ivcu_sensor_conditioning.$proc$/home/venky/final_ivcu_project/RTL_V4/ivcu_sensor_conditioning.v:172$2310'.
Found and cleaned up 2 empty switches in `\ivcu_sensor_conditioning.$proc$/home/venky/final_ivcu_project/RTL_V4/ivcu_sensor_conditioning.v:172$2301'.
Removing empty process `ivcu_sensor_conditioning.$proc$/home/venky/final_ivcu_project/RTL_V4/ivcu_sensor_conditioning.v:172$2301'.
Found and cleaned up 2 empty switches in `\ivcu_sensor_conditioning.$proc$/home/venky/final_ivcu_project/RTL_V4/ivcu_sensor_conditioning.v:172$2292'.
Removing empty process `ivcu_sensor_conditioning.$proc$/home/venky/final_ivcu_project/RTL_V4/ivcu_sensor_conditioning.v:172$2292'.
Found and cleaned up 2 empty switches in `\ivcu_sensor_conditioning.$proc$/home/venky/final_ivcu_project/RTL_V4/ivcu_sensor_conditioning.v:172$2283'.
Removing empty process `ivcu_sensor_conditioning.$proc$/home/venky/final_ivcu_project/RTL_V4/ivcu_sensor_conditioning.v:172$2283'.
Found and cleaned up 2 empty switches in `\ivcu_sensor_conditioning.$proc$/home/venky/final_ivcu_project/RTL_V4/ivcu_sensor_conditioning.v:172$2274'.
Removing empty process `ivcu_sensor_conditioning.$proc$/home/venky/final_ivcu_project/RTL_V4/ivcu_sensor_conditioning.v:172$2274'.
Found and cleaned up 2 empty switches in `\ivcu_sensor_conditioning.$proc$/home/venky/final_ivcu_project/RTL_V4/ivcu_sensor_conditioning.v:172$2265'.
Removing empty process `ivcu_sensor_conditioning.$proc$/home/venky/final_ivcu_project/RTL_V4/ivcu_sensor_conditioning.v:172$2265'.
Found and cleaned up 2 empty switches in `\ivcu_sensor_conditioning.$proc$/home/venky/final_ivcu_project/RTL_V4/ivcu_sensor_conditioning.v:172$2256'.
Removing empty process `ivcu_sensor_conditioning.$proc$/home/venky/final_ivcu_project/RTL_V4/ivcu_sensor_conditioning.v:172$2256'.
Found and cleaned up 2 empty switches in `\ivcu_sensor_conditioning.$proc$/home/venky/final_ivcu_project/RTL_V4/ivcu_sensor_conditioning.v:172$2247'.
Removing empty process `ivcu_sensor_conditioning.$proc$/home/venky/final_ivcu_project/RTL_V4/ivcu_sensor_conditioning.v:172$2247'.
Found and cleaned up 2 empty switches in `\ivcu_sensor_conditioning.$proc$/home/venky/final_ivcu_project/RTL_V4/ivcu_sensor_conditioning.v:172$2238'.
Removing empty process `ivcu_sensor_conditioning.$proc$/home/venky/final_ivcu_project/RTL_V4/ivcu_sensor_conditioning.v:172$2238'.
Found and cleaned up 2 empty switches in `\ivcu_sensor_conditioning.$proc$/home/venky/final_ivcu_project/RTL_V4/ivcu_sensor_conditioning.v:172$2229'.
Removing empty process `ivcu_sensor_conditioning.$proc$/home/venky/final_ivcu_project/RTL_V4/ivcu_sensor_conditioning.v:172$2229'.
Found and cleaned up 2 empty switches in `\ivcu_sensor_conditioning.$proc$/home/venky/final_ivcu_project/RTL_V4/ivcu_sensor_conditioning.v:172$2220'.
Removing empty process `ivcu_sensor_conditioning.$proc$/home/venky/final_ivcu_project/RTL_V4/ivcu_sensor_conditioning.v:172$2220'.
Found and cleaned up 2 empty switches in `\ivcu_sensor_conditioning.$proc$/home/venky/final_ivcu_project/RTL_V4/ivcu_sensor_conditioning.v:172$2211'.
Removing empty process `ivcu_sensor_conditioning.$proc$/home/venky/final_ivcu_project/RTL_V4/ivcu_sensor_conditioning.v:172$2211'.
Found and cleaned up 2 empty switches in `\ivcu_sensor_conditioning.$proc$/home/venky/final_ivcu_project/RTL_V4/ivcu_sensor_conditioning.v:172$2202'.
Removing empty process `ivcu_sensor_conditioning.$proc$/home/venky/final_ivcu_project/RTL_V4/ivcu_sensor_conditioning.v:172$2202'.
Found and cleaned up 2 empty switches in `\ivcu_sensor_conditioning.$proc$/home/venky/final_ivcu_project/RTL_V4/ivcu_sensor_conditioning.v:172$2193'.
Removing empty process `ivcu_sensor_conditioning.$proc$/home/venky/final_ivcu_project/RTL_V4/ivcu_sensor_conditioning.v:172$2193'.
Found and cleaned up 2 empty switches in `\ivcu_sensor_conditioning.$proc$/home/venky/final_ivcu_project/RTL_V4/ivcu_sensor_conditioning.v:172$2184'.
Removing empty process `ivcu_sensor_conditioning.$proc$/home/venky/final_ivcu_project/RTL_V4/ivcu_sensor_conditioning.v:172$2184'.
Found and cleaned up 2 empty switches in `\ivcu_sensor_conditioning.$proc$/home/venky/final_ivcu_project/RTL_V4/ivcu_sensor_conditioning.v:172$2175'.
Removing empty process `ivcu_sensor_conditioning.$proc$/home/venky/final_ivcu_project/RTL_V4/ivcu_sensor_conditioning.v:172$2175'.
Found and cleaned up 2 empty switches in `\ivcu_sensor_conditioning.$proc$/home/venky/final_ivcu_project/RTL_V4/ivcu_sensor_conditioning.v:172$2166'.
Removing empty process `ivcu_sensor_conditioning.$proc$/home/venky/final_ivcu_project/RTL_V4/ivcu_sensor_conditioning.v:172$2166'.
Found and cleaned up 2 empty switches in `\ivcu_sensor_conditioning.$proc$/home/venky/final_ivcu_project/RTL_V4/ivcu_sensor_conditioning.v:172$2157'.
Removing empty process `ivcu_sensor_conditioning.$proc$/home/venky/final_ivcu_project/RTL_V4/ivcu_sensor_conditioning.v:172$2157'.
Found and cleaned up 2 empty switches in `\ivcu_sensor_conditioning.$proc$/home/venky/final_ivcu_project/RTL_V4/ivcu_sensor_conditioning.v:172$2148'.
Removing empty process `ivcu_sensor_conditioning.$proc$/home/venky/final_ivcu_project/RTL_V4/ivcu_sensor_conditioning.v:172$2148'.
Found and cleaned up 2 empty switches in `\ivcu_sensor_conditioning.$proc$/home/venky/final_ivcu_project/RTL_V4/ivcu_sensor_conditioning.v:172$2139'.
Removing empty process `ivcu_sensor_conditioning.$proc$/home/venky/final_ivcu_project/RTL_V4/ivcu_sensor_conditioning.v:172$2139'.
Found and cleaned up 2 empty switches in `\ivcu_sensor_conditioning.$proc$/home/venky/final_ivcu_project/RTL_V4/ivcu_sensor_conditioning.v:172$2130'.
Removing empty process `ivcu_sensor_conditioning.$proc$/home/venky/final_ivcu_project/RTL_V4/ivcu_sensor_conditioning.v:172$2130'.
Found and cleaned up 2 empty switches in `\ivcu_sensor_conditioning.$proc$/home/venky/final_ivcu_project/RTL_V4/ivcu_sensor_conditioning.v:172$2121'.
Removing empty process `ivcu_sensor_conditioning.$proc$/home/venky/final_ivcu_project/RTL_V4/ivcu_sensor_conditioning.v:172$2121'.
Found and cleaned up 2 empty switches in `\ivcu_sensor_conditioning.$proc$/home/venky/final_ivcu_project/RTL_V4/ivcu_sensor_conditioning.v:172$2112'.
Removing empty process `ivcu_sensor_conditioning.$proc$/home/venky/final_ivcu_project/RTL_V4/ivcu_sensor_conditioning.v:172$2112'.
Found and cleaned up 2 empty switches in `\ivcu_sensor_conditioning.$proc$/home/venky/final_ivcu_project/RTL_V4/ivcu_sensor_conditioning.v:172$2103'.
Removing empty process `ivcu_sensor_conditioning.$proc$/home/venky/final_ivcu_project/RTL_V4/ivcu_sensor_conditioning.v:172$2103'.
Found and cleaned up 2 empty switches in `\ivcu_sensor_conditioning.$proc$/home/venky/final_ivcu_project/RTL_V4/ivcu_sensor_conditioning.v:172$2094'.
Removing empty process `ivcu_sensor_conditioning.$proc$/home/venky/final_ivcu_project/RTL_V4/ivcu_sensor_conditioning.v:172$2094'.
Found and cleaned up 2 empty switches in `\ivcu_sensor_conditioning.$proc$/home/venky/final_ivcu_project/RTL_V4/ivcu_sensor_conditioning.v:172$2085'.
Removing empty process `ivcu_sensor_conditioning.$proc$/home/venky/final_ivcu_project/RTL_V4/ivcu_sensor_conditioning.v:172$2085'.
Found and cleaned up 2 empty switches in `\ivcu_sensor_conditioning.$proc$/home/venky/final_ivcu_project/RTL_V4/ivcu_sensor_conditioning.v:172$2076'.
Removing empty process `ivcu_sensor_conditioning.$proc$/home/venky/final_ivcu_project/RTL_V4/ivcu_sensor_conditioning.v:172$2076'.
Found and cleaned up 2 empty switches in `\ivcu_sensor_conditioning.$proc$/home/venky/final_ivcu_project/RTL_V4/ivcu_sensor_conditioning.v:172$2067'.
Removing empty process `ivcu_sensor_conditioning.$proc$/home/venky/final_ivcu_project/RTL_V4/ivcu_sensor_conditioning.v:172$2067'.
Found and cleaned up 128 empty switches in `\ivcu_sensor_conditioning.$proc$/home/venky/final_ivcu_project/RTL_V4/ivcu_sensor_conditioning.v:193$1867'.
Removing empty process `ivcu_sensor_conditioning.$proc$/home/venky/final_ivcu_project/RTL_V4/ivcu_sensor_conditioning.v:193$1867'.
Removing empty process `$paramod\ivcu_reset_sync\STAGES=s32'00000000000000000000000000000011.$proc$/home/venky/final_ivcu_project/RTL_V4/ivcu_reset_sync.v:30$7025'.
Found and cleaned up 9 empty switches in `\ivcu_permit_fsm.$proc$/home/venky/final_ivcu_project/RTL_V4/ivcu_permit_fsm.v:90$1343'.
Removing empty process `ivcu_permit_fsm.$proc$/home/venky/final_ivcu_project/RTL_V4/ivcu_permit_fsm.v:90$1343'.
Removing empty process `ivcu_perception_ai.$proc$/home/venky/final_ivcu_project/RTL_V4/ivcu_perception_ai.v:98$1331'.
Removing empty process `ivcu_perception_ai.$proc$/home/venky/final_ivcu_project/RTL_V4/ivcu_perception_ai.v:97$1324'.
Removing empty process `ivcu_perception_ai.$proc$/home/venky/final_ivcu_project/RTL_V4/ivcu_perception_ai.v:96$1317'.
Removing empty process `ivcu_perception_ai.$proc$/home/venky/final_ivcu_project/RTL_V4/ivcu_perception_ai.v:95$1310'.
Removing empty process `ivcu_perception_ai.$proc$/home/venky/final_ivcu_project/RTL_V4/ivcu_perception_ai.v:94$1303'.
Removing empty process `ivcu_perception_ai.$proc$/home/venky/final_ivcu_project/RTL_V4/ivcu_perception_ai.v:93$1296'.
Removing empty process `ivcu_perception_ai.$proc$/home/venky/final_ivcu_project/RTL_V4/ivcu_perception_ai.v:92$1289'.
Found and cleaned up 3 empty switches in `\ivcu_perception_ai.$proc$/home/venky/final_ivcu_project/RTL_V4/ivcu_perception_ai.v:120$1285'.
Removing empty process `ivcu_perception_ai.$proc$/home/venky/final_ivcu_project/RTL_V4/ivcu_perception_ai.v:120$1285'.
Removing empty process `ivcu_motor_ai.$proc$/home/venky/final_ivcu_project/RTL_V4/ivcu_motor_ai.v:105$1244'.
Removing empty process `ivcu_motor_ai.$proc$/home/venky/final_ivcu_project/RTL_V4/ivcu_motor_ai.v:104$1236'.
Removing empty process `ivcu_motor_ai.$proc$/home/venky/final_ivcu_project/RTL_V4/ivcu_motor_ai.v:103$1228'.
Found and cleaned up 4 empty switches in `\ivcu_motor_ai.$proc$/home/venky/final_ivcu_project/RTL_V4/ivcu_motor_ai.v:153$1179'.
Removing empty process `ivcu_motor_ai.$proc$/home/venky/final_ivcu_project/RTL_V4/ivcu_motor_ai.v:153$1179'.
Found and cleaned up 1 empty switch in `\ivcu_mode_manager.$proc$/home/venky/final_ivcu_project/RTL_V4/ivcu_mode_manager.v:111$1146'.
Removing empty process `ivcu_mode_manager.$proc$/home/venky/final_ivcu_project/RTL_V4/ivcu_mode_manager.v:111$1146'.
Removing empty process `ivcu_mode_arbiter.$proc$/home/venky/final_ivcu_project/RTL_V4/ivcu_mode_arbiter.v:116$1136'.
Removing empty process `ivcu_mode_arbiter.$proc$/home/venky/final_ivcu_project/RTL_V4/ivcu_mode_arbiter.v:115$1129'.
Removing empty process `ivcu_mode_arbiter.$proc$/home/venky/final_ivcu_project/RTL_V4/ivcu_mode_arbiter.v:114$1122'.
Removing empty process `ivcu_mode_arbiter.$proc$/home/venky/final_ivcu_project/RTL_V4/ivcu_mode_arbiter.v:113$1115'.
Removing empty process `ivcu_mode_arbiter.$proc$/home/venky/final_ivcu_project/RTL_V4/ivcu_mode_arbiter.v:112$1108'.
Removing empty process `ivcu_mode_arbiter.$proc$/home/venky/final_ivcu_project/RTL_V4/ivcu_mode_arbiter.v:111$1101'.
Removing empty process `ivcu_mode_arbiter.$proc$/home/venky/final_ivcu_project/RTL_V4/ivcu_mode_arbiter.v:110$1094'.
Removing empty process `ivcu_mode_arbiter.$proc$/home/venky/final_ivcu_project/RTL_V4/ivcu_mode_arbiter.v:109$1087'.
Removing empty process `ivcu_mode_arbiter.$proc$/home/venky/final_ivcu_project/RTL_V4/ivcu_mode_arbiter.v:108$1080'.
Removing empty process `ivcu_mode_arbiter.$proc$/home/venky/final_ivcu_project/RTL_V4/ivcu_mode_arbiter.v:107$1073'.
Found and cleaned up 8 empty switches in `\ivcu_mode_arbiter.$proc$/home/venky/final_ivcu_project/RTL_V4/ivcu_mode_arbiter.v:151$1046'.
Removing empty process `ivcu_mode_arbiter.$proc$/home/venky/final_ivcu_project/RTL_V4/ivcu_mode_arbiter.v:151$1046'.
Found and cleaned up 4 empty switches in `\ivcu_ignition_counter.$proc$/home/venky/final_ivcu_project/RTL_V4/ivcu_ignition_counter.v:61$989'.
Removing empty process `ivcu_ignition_counter.$proc$/home/venky/final_ivcu_project/RTL_V4/ivcu_ignition_counter.v:61$989'.
Found and cleaned up 1 empty switch in `\ivcu_hv_sense_sync.$proc$/home/venky/final_ivcu_project/RTL_V4/ivcu_hv_sense_sync.v:156$987'.
Removing empty process `ivcu_hv_sense_sync.$proc$/home/venky/final_ivcu_project/RTL_V4/ivcu_hv_sense_sync.v:156$987'.
Removing empty process `ivcu_hv_sense_sync.$proc$/home/venky/final_ivcu_project/RTL_V4/ivcu_hv_sense_sync.v:148$985'.
Found and cleaned up 1 empty switch in `\ivcu_hv_sense_sync.$proc$/home/venky/final_ivcu_project/RTL_V4/ivcu_hv_sense_sync.v:99$981'.
Removing empty process `ivcu_hv_sense_sync.$proc$/home/venky/final_ivcu_project/RTL_V4/ivcu_hv_sense_sync.v:99$981'.
Found and cleaned up 7 empty switches in `\ivcu_hv_pyro_trigger.$proc$/home/venky/final_ivcu_project/RTL_V4/ivcu_hv_pyro_trigger.v:92$969'.
Removing empty process `ivcu_hv_pyro_trigger.$proc$/home/venky/final_ivcu_project/RTL_V4/ivcu_hv_pyro_trigger.v:92$969'.
Found and cleaned up 6 empty switches in `\ivcu_hv_monitors.$proc$/home/venky/final_ivcu_project/RTL_V4/ivcu_hv_monitors.v:127$959'.
Removing empty process `ivcu_hv_monitors.$proc$/home/venky/final_ivcu_project/RTL_V4/ivcu_hv_monitors.v:127$959'.
Found and cleaned up 2 empty switches in `\ivcu_hv_monitors.$proc$/home/venky/final_ivcu_project/RTL_V4/ivcu_hv_monitors.v:91$952'.
Removing empty process `ivcu_hv_monitors.$proc$/home/venky/final_ivcu_project/RTL_V4/ivcu_hv_monitors.v:91$952'.
Removing empty process `ivcu_hv_crash_detect.$proc$/home/venky/final_ivcu_project/RTL_V4/ivcu_hv_crash_detect.v:107$941'.
Removing empty process `ivcu_hv_crash_detect.$proc$/home/venky/final_ivcu_project/RTL_V4/ivcu_hv_crash_detect.v:106$933'.
Found and cleaned up 9 empty switches in `\ivcu_hv_crash_detect.$proc$/home/venky/final_ivcu_project/RTL_V4/ivcu_hv_crash_detect.v:153$897'.
Removing empty process `ivcu_hv_crash_detect.$proc$/home/venky/final_ivcu_project/RTL_V4/ivcu_hv_crash_detect.v:153$897'.
Found and cleaned up 21 empty switches in `\ivcu_hv_contactor_ctrl.$proc$/home/venky/final_ivcu_project/RTL_V4/ivcu_hv_contactor_ctrl.v:183$828'.
Removing empty process `ivcu_hv_contactor_ctrl.$proc$/home/venky/final_ivcu_project/RTL_V4/ivcu_hv_contactor_ctrl.v:183$828'.
Found and cleaned up 3 empty switches in `\ivcu_hv_contactor_ctrl.$proc$/home/venky/final_ivcu_project/RTL_V4/ivcu_hv_contactor_ctrl.v:162$816'.
Removing empty process `ivcu_hv_contactor_ctrl.$proc$/home/venky/final_ivcu_project/RTL_V4/ivcu_hv_contactor_ctrl.v:162$816'.
Found and cleaned up 1 empty switch in `\ivcu_health_scorer.$proc$/home/venky/final_ivcu_project/RTL_V4/ivcu_health_scorer.v:181$789'.
Removing empty process `ivcu_health_scorer.$proc$/home/venky/final_ivcu_project/RTL_V4/ivcu_health_scorer.v:181$789'.
Found and cleaned up 1 empty switch in `\ivcu_health_scorer.$proc$/home/venky/final_ivcu_project/RTL_V4/ivcu_health_scorer.v:179$786'.
Removing empty process `ivcu_health_scorer.$proc$/home/venky/final_ivcu_project/RTL_V4/ivcu_health_scorer.v:179$786'.
Found and cleaned up 1 empty switch in `\ivcu_health_scorer.$proc$/home/venky/final_ivcu_project/RTL_V4/ivcu_health_scorer.v:173$781'.
Removing empty process `ivcu_health_scorer.$proc$/home/venky/final_ivcu_project/RTL_V4/ivcu_health_scorer.v:173$781'.
Found and cleaned up 1 empty switch in `\ivcu_health_scorer.$proc$/home/venky/final_ivcu_project/RTL_V4/ivcu_health_scorer.v:172$776'.
Removing empty process `ivcu_health_scorer.$proc$/home/venky/final_ivcu_project/RTL_V4/ivcu_health_scorer.v:172$776'.
Found and cleaned up 7 empty switches in `\ivcu_health_scorer.$proc$/home/venky/final_ivcu_project/RTL_V4/ivcu_health_scorer.v:171$758'.
Removing empty process `ivcu_health_scorer.$proc$/home/venky/final_ivcu_project/RTL_V4/ivcu_health_scorer.v:171$758'.
Found and cleaned up 32 empty switches in `\ivcu_health_scorer.$proc$/home/venky/final_ivcu_project/RTL_V4/ivcu_health_scorer.v:203$605'.
Removing empty process `ivcu_health_scorer.$proc$/home/venky/final_ivcu_project/RTL_V4/ivcu_health_scorer.v:203$605'.
Found and cleaned up 2 empty switches in `\ivcu_hazard_blinker.$proc$/home/venky/final_ivcu_project/RTL_V4/ivcu_hazard_blinker.v:56$566'.
Removing empty process `ivcu_hazard_blinker.$proc$/home/venky/final_ivcu_project/RTL_V4/ivcu_hazard_blinker.v:56$566'.
Found and cleaned up 8 empty switches in `\ivcu_gps_receiver.$proc$/home/venky/final_ivcu_project/RTL_V4/ivcu_gps_receiver.v:95$548'.
Removing empty process `ivcu_gps_receiver.$proc$/home/venky/final_ivcu_project/RTL_V4/ivcu_gps_receiver.v:95$548'.
Found and cleaned up 4 empty switches in `\ivcu_fault_logger.$proc$/home/venky/final_ivcu_project/RTL_V4/ivcu_fault_logger.v:188$527'.
Removing empty process `ivcu_fault_logger.$proc$/home/venky/final_ivcu_project/RTL_V4/ivcu_fault_logger.v:188$527'.
Found and cleaned up 2 empty switches in `\ivcu_fault_logger.$proc$/home/venky/final_ivcu_project/RTL_V4/ivcu_fault_logger.v:98$475'.
Removing empty process `ivcu_fault_logger.$proc$/home/venky/final_ivcu_project/RTL_V4/ivcu_fault_logger.v:98$475'.
Found and cleaned up 2 empty switches in `\ivcu_emergency_response.$proc$/home/venky/final_ivcu_project/RTL_V4/ivcu_emergency_response.v:107$436'.
Removing empty process `ivcu_emergency_response.$proc$/home/venky/final_ivcu_project/RTL_V4/ivcu_emergency_response.v:107$436'.
Removing empty process `ivcu_dynamics_ai.$proc$/home/venky/final_ivcu_project/RTL_V4/ivcu_dynamics_ai.v:136$429'.
Removing empty process `ivcu_dynamics_ai.$proc$/home/venky/final_ivcu_project/RTL_V4/ivcu_dynamics_ai.v:135$422'.
Removing empty process `ivcu_dynamics_ai.$proc$/home/venky/final_ivcu_project/RTL_V4/ivcu_dynamics_ai.v:134$415'.
Found and cleaned up 3 empty switches in `\ivcu_dynamics_ai.$proc$/home/venky/final_ivcu_project/RTL_V4/ivcu_dynamics_ai.v:169$392'.
Removing empty process `ivcu_dynamics_ai.$proc$/home/venky/final_ivcu_project/RTL_V4/ivcu_dynamics_ai.v:169$392'.
Found and cleaned up 6 empty switches in `\ivcu_driver_input_ai.$proc$/home/venky/final_ivcu_project/RTL_V4/ivcu_driver_input_ai.v:142$360'.
Removing empty process `ivcu_driver_input_ai.$proc$/home/venky/final_ivcu_project/RTL_V4/ivcu_driver_input_ai.v:142$360'.
Removing empty process `ivcu_crash_severity.$proc$/home/venky/final_ivcu_project/RTL_V4/ivcu_crash_severity.v:96$340'.
Removing empty process `ivcu_crash_severity.$proc$/home/venky/final_ivcu_project/RTL_V4/ivcu_crash_severity.v:95$332'.
Found and cleaned up 6 empty switches in `\ivcu_crash_severity.$proc$/home/venky/final_ivcu_project/RTL_V4/ivcu_crash_severity.v:152$315'.
Removing empty process `ivcu_crash_severity.$proc$/home/venky/final_ivcu_project/RTL_V4/ivcu_crash_severity.v:152$315'.
Found and cleaned up 17 empty switches in `\ivcu_central_safety_fsm.$proc$/home/venky/final_ivcu_project/RTL_V4/ivcu_central_safety_fsm.v:168$239'.
Removing empty process `ivcu_central_safety_fsm.$proc$/home/venky/final_ivcu_project/RTL_V4/ivcu_central_safety_fsm.v:168$239'.
Removing empty process `ivcu_cdc_pulse_sync.$proc$/home/venky/final_ivcu_project/RTL_V4/ivcu_cdc_pulse_sync.v:51$212'.
Found and cleaned up 1 empty switch in `\ivcu_cdc_pulse_sync.$proc$/home/venky/final_ivcu_project/RTL_V4/ivcu_cdc_pulse_sync.v:41$209'.
Removing empty process `ivcu_cdc_pulse_sync.$proc$/home/venky/final_ivcu_project/RTL_V4/ivcu_cdc_pulse_sync.v:41$209'.
Removing empty process `$paramod\ivcu_cdc_bit_sync\STAGES=s32'00000000000000000000000000000010\RESET_VAL=1'1.$proc$/home/venky/final_ivcu_project/RTL_V4/ivcu_cdc_bit_sync.v:35$7023'.
Removing empty process `$paramod\ivcu_cdc_bit_sync\STAGES=s32'00000000000000000000000000000010\RESET_VAL=1'0.$proc$/home/venky/final_ivcu_project/RTL_V4/ivcu_cdc_bit_sync.v:35$7021'.
Found and cleaned up 7 empty switches in `\ivcu_battery_ai.$proc$/home/venky/final_ivcu_project/RTL_V4/ivcu_battery_ai.v:155$155'.
Removing empty process `ivcu_battery_ai.$proc$/home/venky/final_ivcu_project/RTL_V4/ivcu_battery_ai.v:155$155'.
Found and cleaned up 3 empty switches in `\ivcu_apb_regs.$proc$/home/venky/final_ivcu_project/RTL_V4/ivcu_apb_regs.v:226$125'.
Removing empty process `ivcu_apb_regs.$proc$/home/venky/final_ivcu_project/RTL_V4/ivcu_apb_regs.v:226$125'.
Found and cleaned up 3 empty switches in `\ivcu_apb_regs.$proc$/home/venky/final_ivcu_project/RTL_V4/ivcu_apb_regs.v:154$110'.
Removing empty process `ivcu_apb_regs.$proc$/home/venky/final_ivcu_project/RTL_V4/ivcu_apb_regs.v:154$110'.
Found and cleaned up 4 empty switches in `\ivcu_afe_serializer.$proc$/home/venky/final_ivcu_project/RTL_V4/ivcu_afe_serializer.v:68$90'.
Removing empty process `ivcu_afe_serializer.$proc$/home/venky/final_ivcu_project/RTL_V4/ivcu_afe_serializer.v:68$90'.
Found and cleaned up 5 empty switches in `\ivcu_adc_scan_sequencer.$proc$/home/venky/final_ivcu_project/RTL_V4/ivcu_adc_scan_sequencer.v:89$81'.
Removing empty process `ivcu_adc_scan_sequencer.$proc$/home/venky/final_ivcu_project/RTL_V4/ivcu_adc_scan_sequencer.v:89$81'.
Removing empty process `ivcu_actuator_output_mgr.$proc$/home/venky/final_ivcu_project/RTL_V4/ivcu_actuator_output_mgr.v:162$72'.
Removing empty process `ivcu_actuator_output_mgr.$proc$/home/venky/final_ivcu_project/RTL_V4/ivcu_actuator_output_mgr.v:162$65'.
Found and cleaned up 4 empty switches in `\ivcu_actuator_output_mgr.$proc$/home/venky/final_ivcu_project/RTL_V4/ivcu_actuator_output_mgr.v:143$53'.
Removing empty process `ivcu_actuator_output_mgr.$proc$/home/venky/final_ivcu_project/RTL_V4/ivcu_actuator_output_mgr.v:143$53'.
Removing empty process `ivcu_actuator_output_mgr.$proc$/home/venky/final_ivcu_project/RTL_V4/ivcu_actuator_output_mgr.v:142$46'.
Found and cleaned up 2 empty switches in `\ivcu_actuator_output_mgr.$proc$/home/venky/final_ivcu_project/RTL_V4/ivcu_actuator_output_mgr.v:169$22'.
Removing empty process `ivcu_actuator_output_mgr.$proc$/home/venky/final_ivcu_project/RTL_V4/ivcu_actuator_output_mgr.v:169$22'.
Cleaned up 1298 empty switches.

44.12. Executing OPT_EXPR pass (perform const folding).
Optimizing module ivcu_thermal_ai.
<suppressed ~16 debug messages>
Optimizing module ivcu_sos_builder.
<suppressed ~85 debug messages>
Optimizing module ivcu_serviceability_mgr.
<suppressed ~7 debug messages>
Optimizing module ivcu_service_guidance.
<suppressed ~58 debug messages>
Optimizing module ivcu_sensor_plausibility.
<suppressed ~32 debug messages>
Optimizing module ivcu_sensor_fault_detect.
<suppressed ~1732 debug messages>
Optimizing module ivcu_sensor_conditioning.
<suppressed ~326 debug messages>
Optimizing module ivcu_sensor_acquisition.
<suppressed ~64 debug messages>
Optimizing module $paramod\ivcu_reset_sync\STAGES=s32'00000000000000000000000000000011.
<suppressed ~2 debug messages>
Optimizing module ivcu_reset_manager.
Optimizing module ivcu_permit_fsm.
<suppressed ~11 debug messages>
Optimizing module ivcu_perception_ai.
<suppressed ~27 debug messages>
Optimizing module ivcu_motor_ai.
<suppressed ~36 debug messages>
Optimizing module ivcu_mode_manager.
<suppressed ~7 debug messages>
Optimizing module ivcu_mode_arbiter.
<suppressed ~13 debug messages>
Optimizing module ivcu_ignition_counter.
<suppressed ~10 debug messages>
Optimizing module ivcu_hv_sense_sync.
<suppressed ~70 debug messages>
Optimizing module ivcu_hv_safety_island.
Optimizing module ivcu_hv_pyro_trigger.
<suppressed ~22 debug messages>
Optimizing module ivcu_hv_monitors.
<suppressed ~16 debug messages>
Optimizing module ivcu_hv_crash_detect.
<suppressed ~20 debug messages>
Optimizing module ivcu_hv_contactor_ctrl.
<suppressed ~45 debug messages>
Optimizing module ivcu_health_scorer.
<suppressed ~102 debug messages>
Optimizing module ivcu_hazard_blinker.
<suppressed ~6 debug messages>
Optimizing module ivcu_gps_receiver.
<suppressed ~28 debug messages>
Optimizing module ivcu_fault_logger.
<suppressed ~33 debug messages>
Optimizing module ivcu_ev_v4_top.
Optimizing module ivcu_emergency_response.
<suppressed ~4 debug messages>
Optimizing module ivcu_dynamics_ai.
<suppressed ~24 debug messages>
Optimizing module ivcu_driver_input_ai.
<suppressed ~14 debug messages>
Optimizing module ivcu_crash_severity.
<suppressed ~16 debug messages>
Optimizing module ivcu_central_safety_fsm.
<suppressed ~17 debug messages>
Optimizing module ivcu_cdc_pulse_sync.
<suppressed ~6 debug messages>
Optimizing module $paramod\ivcu_cdc_bit_sync\STAGES=s32'00000000000000000000000000000010\RESET_VAL=1'1.
<suppressed ~2 debug messages>
Optimizing module $paramod\ivcu_cdc_bit_sync\STAGES=s32'00000000000000000000000000000010\RESET_VAL=1'0.
<suppressed ~2 debug messages>
Optimizing module ivcu_battery_ai.
<suppressed ~34 debug messages>
Optimizing module ivcu_apb_regs.
<suppressed ~17 debug messages>
Optimizing module ivcu_ai_cluster.
Optimizing module ivcu_afe_serializer.
<suppressed ~29 debug messages>
Optimizing module ivcu_adc_scan_sequencer.
<suppressed ~33 debug messages>
Optimizing module ivcu_actuator_output_mgr.
<suppressed ~27 debug messages>

45. Executing OPT_CLEAN pass (remove unused cells and wires).
Finding unused cells or wires in module \ivcu_thermal_ai..
Finding unused cells or wires in module \ivcu_sos_builder..
Finding unused cells or wires in module \ivcu_serviceability_mgr..
Finding unused cells or wires in module \ivcu_service_guidance..
Finding unused cells or wires in module \ivcu_sensor_plausibility..
Finding unused cells or wires in module \ivcu_sensor_fault_detect..
Finding unused cells or wires in module \ivcu_sensor_conditioning..
Finding unused cells or wires in module \ivcu_sensor_acquisition..
Finding unused cells or wires in module $paramod\ivcu_reset_sync\STAGES=s32'00000000000000000000000000000011..
Finding unused cells or wires in module \ivcu_reset_manager..
Finding unused cells or wires in module \ivcu_permit_fsm..
Finding unused cells or wires in module \ivcu_perception_ai..
Finding unused cells or wires in module \ivcu_motor_ai..
Finding unused cells or wires in module \ivcu_mode_manager..
Finding unused cells or wires in module \ivcu_mode_arbiter..
Finding unused cells or wires in module \ivcu_ignition_counter..
Finding unused cells or wires in module \ivcu_hv_sense_sync..
Finding unused cells or wires in module \ivcu_hv_safety_island..
Finding unused cells or wires in module \ivcu_hv_pyro_trigger..
Finding unused cells or wires in module \ivcu_hv_monitors..
Finding unused cells or wires in module \ivcu_hv_crash_detect..
Finding unused cells or wires in module \ivcu_hv_contactor_ctrl..
Finding unused cells or wires in module \ivcu_health_scorer..
Finding unused cells or wires in module \ivcu_hazard_blinker..
Finding unused cells or wires in module \ivcu_gps_receiver..
Finding unused cells or wires in module \ivcu_fault_logger..
Finding unused cells or wires in module \ivcu_ev_v4_top..
Finding unused cells or wires in module \ivcu_emergency_response..
Finding unused cells or wires in module \ivcu_dynamics_ai..
Finding unused cells or wires in module \ivcu_driver_input_ai..
Finding unused cells or wires in module \ivcu_crash_severity..
Finding unused cells or wires in module \ivcu_central_safety_fsm..
Finding unused cells or wires in module \ivcu_cdc_pulse_sync..
Finding unused cells or wires in module $paramod\ivcu_cdc_bit_sync\STAGES=s32'00000000000000000000000000000010\RESET_VAL=1'1..
Finding unused cells or wires in module $paramod\ivcu_cdc_bit_sync\STAGES=s32'00000000000000000000000000000010\RESET_VAL=1'0..
Finding unused cells or wires in module \ivcu_battery_ai..
Finding unused cells or wires in module \ivcu_apb_regs..
Finding unused cells or wires in module \ivcu_ai_cluster..
Finding unused cells or wires in module \ivcu_afe_serializer..
Finding unused cells or wires in module \ivcu_adc_scan_sequencer..
Finding unused cells or wires in module \ivcu_actuator_output_mgr..
Removed 1752 unused cells and 8705 unused wires.
<suppressed ~1830 debug messages>

46. Executing CHECK pass (checking for obvious problems).
Checking module ivcu_thermal_ai...
Checking module ivcu_sos_builder...
Checking module ivcu_serviceability_mgr...
Checking module ivcu_service_guidance...
Checking module ivcu_sensor_plausibility...
Checking module ivcu_sensor_fault_detect...
Checking module ivcu_sensor_conditioning...
Checking module ivcu_sensor_acquisition...
Checking module $paramod\ivcu_reset_sync\STAGES=s32'00000000000000000000000000000011...
Checking module ivcu_reset_manager...
Checking module ivcu_permit_fsm...
Checking module ivcu_perception_ai...
Checking module ivcu_motor_ai...
Checking module ivcu_mode_manager...
Checking module ivcu_mode_arbiter...
Checking module ivcu_ignition_counter...
Checking module ivcu_hv_sense_sync...
Checking module ivcu_hv_safety_island...
Checking module ivcu_hv_pyro_trigger...
Checking module ivcu_hv_monitors...
Checking module ivcu_hv_crash_detect...
Checking module ivcu_hv_contactor_ctrl...
Checking module ivcu_health_scorer...
Checking module ivcu_hazard_blinker...
Checking module ivcu_gps_receiver...
Checking module ivcu_fault_logger...
Checking module ivcu_ev_v4_top...
Checking module ivcu_emergency_response...
Checking module ivcu_dynamics_ai...
Checking module ivcu_driver_input_ai...
Checking module ivcu_crash_severity...
Checking module ivcu_central_safety_fsm...
Checking module ivcu_cdc_pulse_sync...
Checking module $paramod\ivcu_cdc_bit_sync\STAGES=s32'00000000000000000000000000000010\RESET_VAL=1'1...
Checking module $paramod\ivcu_cdc_bit_sync\STAGES=s32'00000000000000000000000000000010\RESET_VAL=1'0...
Checking module ivcu_battery_ai...
Checking module ivcu_apb_regs...
Checking module ivcu_ai_cluster...
Checking module ivcu_afe_serializer...
Checking module ivcu_adc_scan_sequencer...
Checking module ivcu_actuator_output_mgr...
Found and reported 0 problems.

47. Printing statistics.

=== ivcu_thermal_ai ===

        +----------Local Count, excluding submodules.
        | 
       60 wires
      278 wire bits
       26 public wires
      160 public wire bits
       19 ports
      153 port bits
       46 cells
        5   $adff
        2   $and
        9   $gt
        2   $logic_or
        2   $lt
       18   $mux
        7   $or
        1   $reduce_bool

=== ivcu_sos_builder ===

        +----------Local Count, excluding submodules.
        | 
      199 wires
     1107 wire bits
       50 public wires
      413 public wire bits
       26 ports
      192 port bits
      177 cells
        3   $add
       27   $adff
       60   $eq
        3   $ge
        1   $gt
        1   $le
        2   $logic_and
        5   $logic_not
       68   $mux
        6   $pmux
        1   $xor

=== ivcu_serviceability_mgr ===

        +----------Local Count, excluding submodules.
        | 
       72 wires
     1588 wire bits
       55 public wires
     1044 public wire bits
       19 ports
      442 port bits
       31 cells
        1   $add
        3   $adff
        1   $ge
        1   $logic_and
       14   $mux
        7   $or
        4   $reduce_or
        8 submodules
        8   ivcu_permit_fsm

=== ivcu_service_guidance ===

        +----------Local Count, excluding submodules.
        | 
      252 wires
     1194 wire bits
       39 public wires
      421 public wire bits
       16 ports
      323 port bits
      240 cells
        9   $add
       18   $adff
       60   $eq
        1   $gt
        2   $logic_and
       13   $logic_not
        2   $logic_or
        2   $lt
        2   $mul
      111   $mux
       13   $pmux
        2   $reduce_bool
        5   $shiftx

=== ivcu_sensor_plausibility ===

        +----------Local Count, excluding submodules.
        | 
      205 wires
     2393 wire bits
       97 public wires
     1770 public wire bits
        9 ports
     1221 port bits
      159 cells
       12   $add
       11   $adff
       23   $and
        8   $ge
       12   $gt
       12   $logic_and
        1   $logic_not
        2   $logic_or
        4   $lt
       42   $mux
        8   $ne
        8   $reduce_bool
       16   $sub

=== ivcu_sensor_fault_detect ===

        +----------Local Count, excluding submodules.
        | 
     4911 wires
    19769 wire bits
     1359 public wires
     5724 public wire bits
       15 ports
      796 port bits
     4785 cells
      145   $add
      384   $adff
      256   $and
      254   $eq
      192   $ge
      256   $gt
       35   $logic_and
       83   $logic_not
      121   $logic_or
      145   $lt
     2338   $mux
      128   $ne
      192   $or
       64   $reduce_bool
      192   $sub

=== ivcu_sensor_conditioning ===

        +----------Local Count, excluding submodules.
        | 
      905 wires
    13401 wire bits
      520 public wires
    10521 public wire bits
        8 ports
     1177 port bits
      769 cells
       64   $add
       65   $adff
       64   $and
      126   $eq
       64   $logic_and
        2   $logic_not
      320   $mux
       64   $sub

=== ivcu_sensor_acquisition ===

        +----------Local Count, excluding submodules.
        | 
      418 wires
     2809 wire bits
      162 public wires
     2553 public wire bits
       27 ports
     1953 port bits
      448 cells
       64   $and
       64   $eq
       64   $logic_and
       64   $logic_not
       64   $logic_or
       64   $mux
       64   $or
        5 submodules
        1   ivcu_adc_scan_sequencer
        1   ivcu_afe_serializer
        1   ivcu_sensor_conditioning
        1   ivcu_sensor_fault_detect
        1   ivcu_sensor_plausibility

=== $paramod\ivcu_reset_sync\STAGES=s32'00000000000000000000000000000011 ===

        +----------Local Count, excluding submodules.
        | 
        4 wires
        6 wire bits
        4 public wires
        6 public wire bits
        3 ports
        3 port bits
        1 cells
        1   $adff

=== ivcu_reset_manager ===

        +----------Local Count, excluding submodules.
        | 
       12 wires
       12 wire bits
       12 public wires
       12 public wire bits
       11 ports
       11 port bits
        1 cells
        1   $and
        5 submodules
        5   $paramod\ivcu_reset_sync\STAGES=s32'00000000000000000000000000000011

=== ivcu_permit_fsm ===

        +----------Local Count, excluding submodules.
        | 
       40 wires
       66 wire bits
       12 public wires
       15 public wire bits
       12 ports
       15 port bits
       33 cells
        2   $adff
       10   $eq
        1   $le
        1   $logic_and
        2   $logic_not
        1   $logic_or
       13   $mux
        2   $pmux
        1   $sub

=== ivcu_perception_ai ===

        +----------Local Count, excluding submodules.
        | 
       83 wires
      186 wire bits
       44 public wires
       87 public wire bits
       21 ports
       50 port bits
       64 cells
        1   $add
       10   $adff
       15   $and
        7   $eq
        7   $logic_not
        7   $logic_or
       13   $mux
        1   $ne
        2   $not
        1   $or

=== ivcu_motor_ai ===

        +----------Local Count, excluding submodules.
        | 
       89 wires
      481 wire bits
       41 public wires
      273 public wire bits
       22 ports
      134 port bits
       70 cells
        7   $adff
       15   $gt
        7   $logic_or
       21   $mux
       14   $or
        6   $sub

=== ivcu_mode_manager ===

        +----------Local Count, excluding submodules.
        | 
       26 wires
      414 wire bits
       18 public wires
      280 public wire bits
       18 ports
      280 port bits
       13 cells
        2   $adff
        6   $eq
        3   $logic_not
        2   $pmux
        1 submodules
        1   ivcu_mode_arbiter

=== ivcu_mode_arbiter ===

        +----------Local Count, excluding submodules.
        | 
      130 wires
      384 wire bits
       54 public wires
      203 public wire bits
       13 ports
      149 port bits
       99 cells
        9   $add
        5   $adff
       15   $and
        4   $eq
        4   $ge
        7   $logic_and
        6   $logic_not
        1   $logic_or
       34   $mux
        1   $ne
       12   $not
        1   $reduce_bool

=== ivcu_ignition_counter ===

        +----------Local Count, excluding submodules.
        | 
       24 wires
      224 wire bits
        9 public wires
       59 public wire bits
        7 ports
       38 port bits
       20 cells
        2   $add
        5   $adff
        1   $ge
        2   $logic_and
        1   $logic_not
        7   $mux
        2   $ne

=== ivcu_hv_sense_sync ===

        +----------Local Count, excluding submodules.
        | 
       77 wires
     2121 wire bits
       43 public wires
     1609 public wire bits
       24 ports
     1349 port bits
       70 cells
       35   $adff
       33   $mux
        1   $not
        1   $xor

=== ivcu_hv_safety_island ===

        +----------Local Count, excluding submodules.
        | 
       61 wires
     1477 wire bits
       61 public wires
     1477 public wire bits
       39 ports
     1216 port bits
        8 submodules
        3   $paramod\ivcu_cdc_bit_sync\STAGES=s32'00000000000000000000000000000010\RESET_VAL=1'0
        1   ivcu_hv_contactor_ctrl
        1   ivcu_hv_crash_detect
        1   ivcu_hv_monitors
        1   ivcu_hv_pyro_trigger
        1   ivcu_hv_sense_sync

=== ivcu_hv_pyro_trigger ===

        +----------Local Count, excluding submodules.
        | 
       62 wires
      224 wire bits
       12 public wires
       32 public wire bits
        9 ports
       11 port bits
       56 cells
        2   $add
        5   $adff
        1   $and
       13   $eq
        2   $ge
        2   $logic_and
        5   $logic_not
       21   $mux
        5   $pmux

=== ivcu_hv_monitors ===

        +----------Local Count, excluding submodules.
        | 
       52 wires
      338 wire bits
       20 public wires
       98 public wire bits
       13 ports
       43 port bits
       44 cells
        3   $add
        8   $adff
        2   $and
        3   $ge
        1   $gt
        2   $lt
       21   $mux
        1   $ne
        2   $not
        1   $or

=== ivcu_hv_crash_detect ===

        +----------Local Count, excluding submodules.
        | 
       87 wires
      510 wire bits
       30 public wires
      205 public wire bits
       19 ports
      134 port bits
       72 cells
        5   $adff
        3   $and
        1   $eq
       18   $gt
        4   $logic_and
        3   $logic_not
        2   $logic_or
       18   $mux
       10   $or
        8   $sub

=== ivcu_hv_contactor_ctrl ===

        +----------Local Count, excluding submodules.
        | 
      213 wires
     1036 wire bits
       40 public wires
      215 public wire bits
       23 ports
      118 port bits
      198 cells
        5   $add
       11   $adff
       11   $and
       46   $eq
        6   $ge
        3   $gt
        9   $logic_and
       12   $logic_not
        2   $lt
       67   $mux
        3   $ne
        9   $not
        2   $or
        8   $pmux
        4   $sub

=== ivcu_health_scorer ===

        +----------Local Count, excluding submodules.
        | 
      399 wires
     1772 wire bits
       42 public wires
      428 public wire bits
       20 ports
      288 port bits
      392 cells
        8   $add
       26   $adff
       81   $eq
       36   $ge
        9   $gt
        7   $le
       14   $logic_not
        1   $mul
      178   $mux
       14   $pmux
        2   $shiftx
        1   $shl
       15   $sub

=== ivcu_hazard_blinker ===

        +----------Local Count, excluding submodules.
        | 
       12 wires
       96 wire bits
        5 public wires
       26 public wire bits
        4 ports
        4 port bits
        9 cells
        1   $add
        2   $adff
        1   $eq
        4   $mux
        1   $not

=== ivcu_gps_receiver ===

        +----------Local Count, excluding submodules.
        | 
       98 wires
      920 wire bits
       17 public wires
      203 public wire bits
       11 ports
      105 port bits
      112 cells
        5   $add
       13   $adff
       36   $eq
        1   $ge
        2   $logic_and
        3   $logic_not
       39   $mux
        2   $ne
        2   $pmux
        6   $reduce_or
        3   $xor

=== ivcu_fault_logger ===

        +----------Local Count, excluding submodules.
        | 
      113 wires
     1203 wire bits
       53 public wires
      601 public wire bits
       23 ports
      405 port bits
       94 cells
        7   $add
       14   $adff
        8   $and
        2   $eq
        1   $ge
        1   $logic_and
       28   $mux
        4   $ne
        2   $neg
       10   $not
       10   $or
        1   $reduce_bool
        2   $shift
        4   $shiftx

=== ivcu_ev_v4_top ===

        +----------Local Count, excluding submodules.
        | 
      265 wires
     3076 wire bits
      236 public wires
     3047 public wire bits
       65 ports
      237 port bits
       32 cells
       16   $eq
       15   $or
        1   sram_512x32_2port
       40 submodules
       17   $paramod\ivcu_cdc_bit_sync\STAGES=s32'00000000000000000000000000000010\RESET_VAL=1'0
        7   $paramod\ivcu_cdc_bit_sync\STAGES=s32'00000000000000000000000000000010\RESET_VAL=1'1
        1   ivcu_actuator_output_mgr
        1   ivcu_ai_cluster
        1   ivcu_apb_regs
        3   ivcu_cdc_pulse_sync
        1   ivcu_central_safety_fsm
        1   ivcu_emergency_response
        1   ivcu_fault_logger
        1   ivcu_hv_safety_island
        1   ivcu_ignition_counter
        1   ivcu_mode_manager
        1   ivcu_reset_manager
        1   ivcu_sensor_acquisition
        1   ivcu_service_guidance
        1   ivcu_serviceability_mgr

=== ivcu_emergency_response ===

        +----------Local Count, excluding submodules.
        | 
       49 wires
      253 wire bits
       42 public wires
      232 public wire bits
       37 ports
      158 port bits
        9 cells
        2   $adff
        2   $logic_and
        2   $logic_not
        2   $mux
        1   $or
        4 submodules
        1   ivcu_crash_severity
        1   ivcu_gps_receiver
        1   ivcu_hazard_blinker
        1   ivcu_sos_builder

=== ivcu_dynamics_ai ===

        +----------Local Count, excluding submodules.
        | 
       81 wires
      814 wire bits
       42 public wires
      550 public wire bits
       20 ports
      217 port bits
       59 cells
        3   $add
        9   $adff
        2   $and
        1   $ge
       12   $gt
        1   $le
        1   $lt
       23   $mux
        1   $not
        1   $or
        5   $sub

=== ivcu_driver_input_ai ===

        +----------Local Count, excluding submodules.
        | 
       54 wires
      410 wire bits
       28 public wires
      292 public wire bits
       22 ports
      260 port bits
       38 cells
        7   $adff
        3   $and
        9   $gt
       15   $mux
        1   $not
        2   $or
        1   $sub

=== ivcu_crash_severity ===

        +----------Local Count, excluding submodules.
        | 
       97 wires
      345 wire bits
       34 public wires
      190 public wire bits
       23 ports
      102 port bits
       78 cells
        5   $adff
        9   $eq
        9   $gt
        1   $le
        7   $logic_and
        2   $logic_not
        4   $logic_or
       29   $mux
        1   $not
        6   $or
        1   $pmux
        4   $sub

=== ivcu_central_safety_fsm ===

        +----------Local Count, excluding submodules.
        | 
      125 wires
      390 wire bits
       30 public wires
      168 public wire bits
       24 ports
      159 port bits
      106 cells
        5   $adff
        1   $and
       25   $eq
        5   $logic_and
       13   $logic_not
        9   $logic_or
       36   $mux
        1   $ne
        4   $or
        4   $pmux
        2   $reduce_bool
        1   $reduce_or

=== ivcu_cdc_pulse_sync ===

        +----------Local Count, excluding submodules.
        | 
       11 wires
       13 wire bits
        8 public wires
       10 public wire bits
        6 ports
        6 port bits
        6 cells
        3   $adff
        1   $mux
        1   $not
        1   $xor

=== $paramod\ivcu_cdc_bit_sync\STAGES=s32'00000000000000000000000000000010\RESET_VAL=1'1 ===

        +----------Local Count, excluding submodules.
        | 
        5 wires
        6 wire bits
        5 public wires
        6 public wire bits
        4 ports
        4 port bits
        1 cells
        1   $adff

=== $paramod\ivcu_cdc_bit_sync\STAGES=s32'00000000000000000000000000000010\RESET_VAL=1'0 ===

        +----------Local Count, excluding submodules.
        | 
        5 wires
        6 wire bits
        5 public wires
        6 public wire bits
        4 ports
        4 port bits
        1 cells
        1   $adff

=== ivcu_battery_ai ===

        +----------Local Count, excluding submodules.
        | 
       85 wires
      389 wire bits
       37 public wires
      194 public wire bits
       24 ports
      181 port bits
       67 cells
        8   $adff
        7   $gt
        1   $logic_and
        3   $logic_or
        5   $lt
       29   $mux
       14   $or

=== ivcu_apb_regs ===

        +----------Local Count, excluding submodules.
        | 
      131 wires
     2465 wire bits
       67 public wires
     2073 public wire bits
       57 ports
     2017 port bits
       79 cells
        5   $add
        7   $adff
        3   $and
       31   $eq
        1   $ge
        1   $le
        1   $logic_and
        1   $logic_not
        3   $mul
       15   $mux
        1   $not
        2   $pmux
        1   $reduce_bool
        7   $shiftx

=== ivcu_ai_cluster ===

        +----------Local Count, excluding submodules.
        | 
      127 wires
     2273 wire bits
      125 public wires
     2271 public wire bits
       72 ports
     1694 port bits
        8 cells
        8   $or
        7 submodules
        1   ivcu_battery_ai
        1   ivcu_driver_input_ai
        1   ivcu_dynamics_ai
        1   ivcu_health_scorer
        1   ivcu_motor_ai
        1   ivcu_perception_ai
        1   ivcu_thermal_ai

=== ivcu_afe_serializer ===

        +----------Local Count, excluding submodules.
        | 
       62 wires
      604 wire bits
       13 public wires
      210 public wire bits
        7 ports
       70 port bits
       59 cells
        2   $add
        9   $adff
       16   $eq
       11   $logic_not
       12   $mux
        1   $ne
        8   $pmux

=== ivcu_adc_scan_sequencer ===

        +----------Local Count, excluding submodules.
        | 
       66 wires
      291 wire bits
       18 public wires
      130 public wire bits
       13 ports
      112 port bits
       60 cells
        3   $add
       10   $adff
       12   $eq
        1   $ge
        5   $logic_not
       24   $mux
        4   $pmux
        1   $shiftx

=== ivcu_actuator_output_mgr ===

        +----------Local Count, excluding submodules.
        | 
      100 wires
      489 wire bits
       50 public wires
      279 public wire bits
       33 ports
      146 port bits
       72 cells
        1   $add
       13   $adff
        2   $and
       11   $ge
        4   $logic_and
        3   $lt
       25   $mux
        5   $not
        7   $or
        1   $reduce_bool

=== design hierarchy ===

        +----------Count including submodules.
        | 
     8950 ivcu_ev_v4_top
        1 $paramod\ivcu_cdc_bit_sync\STAGES=s32'00000000000000000000000000000010\RESET_VAL=1'0
        1 $paramod\ivcu_cdc_bit_sync\STAGES=s32'00000000000000000000000000000010\RESET_VAL=1'1
       72 ivcu_actuator_output_mgr
        8 ivcu_ai_cluster
       67   ivcu_battery_ai
       38   ivcu_driver_input_ai
       59   ivcu_dynamics_ai
      392   ivcu_health_scorer
       70   ivcu_motor_ai
       64   ivcu_perception_ai
       46   ivcu_thermal_ai
       79 ivcu_apb_regs
        6 ivcu_cdc_pulse_sync
      106 ivcu_central_safety_fsm
        9 ivcu_emergency_response
       78   ivcu_crash_severity
      112   ivcu_gps_receiver
        9   ivcu_hazard_blinker
      177   ivcu_sos_builder
       94 ivcu_fault_logger
        1   $paramod\ivcu_cdc_bit_sync\STAGES=s32'00000000000000000000000000000010\RESET_VAL=1'0
      198   ivcu_hv_contactor_ctrl
       72   ivcu_hv_crash_detect
       44   ivcu_hv_monitors
       56   ivcu_hv_pyro_trigger
       70   ivcu_hv_sense_sync
       20 ivcu_ignition_counter
       13 ivcu_mode_manager
       99   ivcu_mode_arbiter
        1 ivcu_reset_manager
        1   $paramod\ivcu_reset_sync\STAGES=s32'00000000000000000000000000000011
      448 ivcu_sensor_acquisition
       60   ivcu_adc_scan_sequencer
       59   ivcu_afe_serializer
      769   ivcu_sensor_conditioning
     4785   ivcu_sensor_fault_detect
      159   ivcu_sensor_plausibility
      240 ivcu_service_guidance
       31 ivcu_serviceability_mgr
       33   ivcu_permit_fsm

        +----------Count including submodules.
        | 
    10310 wires
    66495 wire bits
     3806 public wires
    38392 public wire bits
     1050 ports
    16206 port bits
        - memories
        - memory bits
        - processes
     8950 cells
      291   $add
      793   $adff
      476   $and
      950   $eq
      272   $ge
      362   $gt
       19   $le
      235   $logic_and
      272   $logic_not
      232   $logic_or
      166   $lt
        6   $mul
     3776   $mux
      152   $ne
        2   $neg
       49   $not
      366   $or
       85   $pmux
       81   $reduce_bool
       11   $reduce_or
        2   $shift
       19   $shiftx
        1   $shl
      323   $sub
        8   $xor
        1   sram_512x32_2port
       40 submodules
       17   $paramod\ivcu_cdc_bit_sync\STAGES=s32'00000000000000000000000000000010\RESET_VAL=1'0
        7   $paramod\ivcu_cdc_bit_sync\STAGES=s32'00000000000000000000000000000010\RESET_VAL=1'1
        1   ivcu_actuator_output_mgr
        1   ivcu_ai_cluster
        1   ivcu_apb_regs
        3   ivcu_cdc_pulse_sync
        1   ivcu_central_safety_fsm
        1   ivcu_emergency_response
        1   ivcu_fault_logger
        1   ivcu_hv_safety_island
        1   ivcu_ignition_counter
        1   ivcu_mode_manager
        1   ivcu_reset_manager
        1   ivcu_sensor_acquisition
        1   ivcu_service_guidance
        1   ivcu_serviceability_mgr

Warnings: 2 unique messages, 2 total
End of script. Logfile hash: abfe65a027, CPU: user 0.85s system 0.04s, MEM: 63.79 MB peak
Yosys 0.62+108 (git sha1 5f8489d36, g++ 11.4.0-1ubuntu1~22.04.3 -fPIC -O3)
Time spent: 42% 44x read_verilog (0 sec), 16% 1x opt_clean (0 sec), ...
